# This file uses meters as units for non-parametric coordinates.

mtllib ØÇæáå 66.mtl
g default
v -72.281754 190.561264 -6.939516
v -49.987011 190.561264 -6.939516
v -72.281754 194.020737 -6.842855
v -49.987011 194.020737 -6.842855
v -72.281754 194.448318 -22.145741
v -49.987011 194.448318 -22.145741
v -72.281754 190.988846 -22.242401
v -49.987011 190.988846 -22.242401
vt 0.783764 0.983812
vt 0.783756 0.858684
vt 0.812044 0.858682
vt 0.812051 0.983811
vt 0.947679 0.336876
vt 0.947687 0.211748
vt 0.975974 0.211750
vt 0.975967 0.336878
vt 0.128065 0.546686
vt 0.128081 0.364458
vt 0.253210 0.364469
vt 0.253193 0.546697
vt 0.128065 0.364457
vt 0.128081 0.182229
vt 0.253210 0.182240
vt 0.253193 0.364469
vt 0.466156 0.906806
vt 0.466161 0.724578
vt 0.494449 0.724579
vt 0.494443 0.906807
vt 0.174168 0.911149
vt 0.174173 0.728921
vt 0.202461 0.728922
vt 0.202455 0.911150
vn 0.000000 -0.027930 0.999610
vn 0.000000 -0.027930 0.999610
vn 0.000000 -0.027930 0.999610
vn 0.000000 -0.027930 0.999610
vn 0.000000 0.999610 0.027930
vn 0.000000 0.999610 0.027930
vn 0.000000 0.999610 0.027930
vn 0.000000 0.999610 0.027930
vn 0.000000 0.027930 -0.999610
vn 0.000000 0.027930 -0.999610
vn 0.000000 0.027930 -0.999610
vn 0.000000 0.027930 -0.999610
vn 0.000000 -0.999610 -0.027931
vn 0.000000 -0.999610 -0.027931
vn 0.000000 -0.999610 -0.027931
vn 0.000000 -0.999610 -0.027931
vn 1.000000 0.000000 0.000000
vn 1.000000 0.000000 0.000000
vn 1.000000 0.000000 0.000000
vn 1.000000 0.000000 0.000000
vn -1.000000 0.000000 0.000000
vn -1.000000 0.000000 0.000000
vn -1.000000 0.000000 0.000000
vn -1.000000 0.000000 0.000000
s off
g pCube6 ÇÒÑÇÑ ÇÒÑÇÑ
usemtl initialShadingGroup
f 1/17/1 2/18/2 4/19/3 3/20/4
f 3/9/5 4/10/6 6/11/7 5/12/8
f 5/21/9 6/22/10 8/23/11 7/24/12
f 7/13/13 8/14/14 2/15/15 1/16/16
f 2/1/17 8/2/18 6/3/19 4/4/20
f 7/5/21 1/6/22 3/7/23 5/8/24
g default
v -30.720377 182.305115 87.360870
v -25.102884 182.305115 87.360870
v -30.720377 187.280731 87.499893
v -25.102884 187.280731 87.499893
v -30.720377 187.642517 74.551941
v -25.102884 187.642517 74.551941
v -30.720377 182.666901 74.412918
v -25.102884 182.666901 74.412918
vt 0.906705 0.864305
vt 0.906699 0.758433
vt 0.947383 0.758430
vt 0.947390 0.864303
vt 0.916944 0.105873
vt 0.916950 0.000000
vt 0.957635 0.000003
vt 0.957628 0.105875
vt 0.379079 0.795743
vt 0.424994 0.795747
vt 0.424987 0.901619
vt 0.379072 0.901616
vt 0.548125 0.761892
vt 0.594040 0.761895
vt 0.594032 0.867768
vt 0.548117 0.867765
vt 0.276620 0.946488
vt 0.276624 0.900573
vt 0.317309 0.900576
vt 0.317304 0.946492
vt 0.624956 0.920818
vt 0.624960 0.874903
vt 0.665645 0.874907
vt 0.665641 0.920822
vn 0.000000 -0.027930 0.999610
vn 0.000000 -0.027930 0.999610
vn 0.000000 -0.027930 0.999610
vn 0.000000 -0.027930 0.999610
vn 0.000000 0.999610 0.027931
vn 0.000000 0.999610 0.027931
vn 0.000000 0.999610 0.027931
vn 0.000000 0.999610 0.027931
vn 0.000000 0.027930 -0.999610
vn 0.000000 0.027930 -0.999610
vn 0.000000 0.027930 -0.999610
vn 0.000000 0.027930 -0.999610
vn 0.000000 -0.999610 -0.027931
vn 0.000000 -0.999610 -0.027931
vn 0.000000 -0.999610 -0.027931
vn 0.000000 -0.999610 -0.027931
vn 1.000000 -0.000000 0.000000
vn 1.000000 -0.000000 0.000000
vn 1.000000 -0.000000 0.000000
vn 1.000000 -0.000000 0.000000
vn -1.000000 0.000000 0.000000
vn -1.000000 0.000000 0.000000
vn -1.000000 0.000000 0.000000
vn -1.000000 0.000000 0.000000
s off
g ÇÒÑÇÑ ÇÒÑÇÑ pCube12
usemtl initialShadingGroup
f 9/41/25 10/42/26 12/43/27 11/44/28
f 11/33/29 12/34/30 14/35/31 13/36/32
f 13/45/33 14/46/34 16/47/35 15/48/36
f 15/37/37 16/38/38 10/39/39 9/40/40
f 10/25/41 16/26/42 14/27/43 12/28/44
f 15/29/45 9/30/46 11/31/47 13/32/48
g default
v 262.316864 255.543564 -108.382317
v 252.839172 246.585678 -108.382317
v 239.906265 244.909454 -108.382317
v 228.458054 251.155151 -108.382317
v 222.867371 262.937073 -108.382317
v 225.269714 275.755005 -108.382317
v 234.747375 284.712830 -108.382317
v 247.680313 286.389099 -108.382317
v 259.128479 280.143433 -108.382317
v 264.719116 268.361481 -108.382317
v 262.316864 255.543564 -115.375900
v 252.839172 246.585678 -115.375900
v 239.906265 244.909454 -115.375900
v 228.458054 251.155151 -115.375900
v 222.867371 262.937073 -115.375900
v 225.269714 275.755005 -115.375900
v 234.747375 284.712830 -115.375900
v 247.680313 286.389099 -115.375900
v 259.128479 280.143433 -115.375900
v 264.719116 268.361481 -115.375900
v 243.793274 265.649292 -108.382317
v 243.793274 265.649292 -115.375900
v -262.316864 255.543549 -108.382317
v -252.839172 246.585678 -108.382317
v -239.906281 244.909454 -108.382317
v -228.458038 251.155136 -108.382317
v -222.867401 262.937042 -108.382317
v -225.269684 275.754974 -108.382317
v -234.747406 284.712860 -108.382317
v -247.680298 286.389099 -108.382317
v -259.128479 280.143433 -108.382317
v -264.719055 268.361481 -108.382317
v -262.316864 255.543549 -115.375900
v -252.839172 246.585678 -115.375900
v -239.906281 244.909454 -115.375900
v -228.458038 251.155136 -115.375900
v -222.867401 262.937042 -115.375900
v -225.269684 275.754974 -115.375900
v -234.747406 284.712860 -115.375900
v -247.680298 286.389099 -115.375900
v -259.128479 280.143433 -115.375900
v -264.719055 268.361481 -115.375900
v -243.793274 265.649292 -108.382317
v -243.793274 265.649292 -115.375900
vt 0.138091 0.732259
vt 0.138096 0.800677
vt 0.101405 0.800680
vt 0.101400 0.732261
vt 0.138101 0.869096
vt 0.101410 0.869098
vt 0.138105 0.937514
vt 0.101414 0.937517
vt 0.927826 0.460651
vt 0.927821 0.392232
vt 0.964512 0.392230
vt 0.964517 0.460648
vt 0.927817 0.323814
vt 0.964508 0.323811
vt 0.927812 0.255395
vt 0.964503 0.255393
vt 0.841622 0.495952
vt 0.878313 0.495884
vt 0.878439 0.564302
vt 0.841748 0.564370
vt 0.878566 0.632720
vt 0.841875 0.632788
vt 0.878692 0.701139
vt 0.842001 0.701207
vt 0.037071 0.460521
vt 0.000380 0.460589
vt 0.000253 0.392171
vt 0.036944 0.392103
vt 0.000127 0.323753
vt 0.036817 0.323685
vt 0.000000 0.255334
vt 0.036691 0.255266
vt 0.984790 0.721955
vt 0.984787 0.790373
vt 0.948096 0.790371
vt 0.948099 0.721953
vt 0.984783 0.858792
vt 0.948092 0.858790
vt 0.948092 0.995627
vt 0.948096 0.927208
vt 0.984787 0.927210
vt 0.984783 0.995629
vt 0.948099 0.858790
vt 0.984790 0.858792
vt 1.000000 0.136840
vt 0.963309 0.136842
vt 0.963306 0.068424
vt 0.999997 0.068422
vt 0.963302 0.000005
vt 0.999993 0.000003
vt 0.659101 0.862640
vt 0.695792 0.862638
vt 0.695796 0.931056
vt 0.659105 0.931058
vt 0.695799 0.999475
vt 0.659108 0.999477
vt 0.163100 0.746706
vt 0.218450 0.706489
vt 0.252664 0.811772
vt 0.286869 0.706486
vt 0.141960 0.811777
vt 0.342222 0.746699
vt 0.163106 0.876846
vt 0.363367 0.811768
vt 0.218459 0.917059
vt 0.342227 0.876839
vt 0.286877 0.917056
vt 0.900141 0.848563
vt 0.859966 0.903944
vt 0.794831 0.814431
vt 0.794912 0.925134
vt 0.900092 0.780145
vt 0.729827 0.904039
vt 0.859836 0.724822
vt 0.689571 0.848716
vt 0.794751 0.703727
vt 0.689522 0.780298
vt 0.729697 0.724917
vt 0.729697 0.310953
vt 0.794832 0.400466
vt 0.689522 0.366334
vt 0.794751 0.289763
vt 0.689572 0.434752
vt 0.859836 0.310858
vt 0.729827 0.490075
vt 0.900092 0.366180
vt 0.794912 0.511170
vt 0.900142 0.434599
vt 0.859966 0.489980
vt 0.591078 0.931943
vt 0.556864 0.826659
vt 0.646428 0.891726
vt 0.522659 0.931945
vt 0.667568 0.826655
vt 0.467306 0.891733
vt 0.646423 0.761586
vt 0.446161 0.826664
vt 0.591070 0.721373
vt 0.467301 0.761593
vt 0.522651 0.721375
vn 0.686897 -0.726755 0.000000
vn 0.686897 -0.726755 0.000000
vn 0.686897 -0.726755 0.000000
vn 0.686897 -0.726755 0.000000
vn 0.128534 -0.991705 0.000000
vn 0.128534 -0.991705 0.000000
vn 0.128534 -0.991705 0.000000
vn 0.128534 -0.991705 0.000000
vn -0.478924 -0.877856 0.000000
vn -0.478924 -0.877856 0.000000
vn -0.478924 -0.877856 0.000000
vn -0.478924 -0.877856 0.000000
vn -0.903448 -0.428698 0.000000
vn -0.903448 -0.428698 0.000000
vn -0.903448 -0.428698 0.000000
vn -0.903448 -0.428698 0.000000
vn -0.982886 0.184213 0.000000
vn -0.982886 0.184213 0.000000
vn -0.982886 0.184213 0.000000
vn -0.982886 0.184213 0.000000
vn -0.686895 0.726757 0.000000
vn -0.686895 0.726757 0.000000
vn -0.686895 0.726757 0.000000
vn -0.686895 0.726757 0.000000
vn -0.128537 0.991705 0.000000
vn -0.128537 0.991705 0.000000
vn -0.128537 0.991705 0.000000
vn -0.128537 0.991705 0.000000
vn 0.478923 0.877857 0.000000
vn 0.478923 0.877857 0.000000
vn 0.478923 0.877857 0.000000
vn 0.478923 0.877857 0.000000
vn 0.903449 0.428695 0.000000
vn 0.903449 0.428695 0.000000
vn 0.903449 0.428695 0.000000
vn 0.903449 0.428695 0.000000
vn 0.982888 -0.184207 0.000000
vn 0.982888 -0.184207 0.000000
vn 0.982888 -0.184207 0.000000
vn 0.982888 -0.184207 0.000000
vn 0.000001 0.000000 1.000000
vn 0.000000 0.000000 1.000000
vn 0.000000 0.000000 1.000000
vn 0.000000 0.000000 1.000000
vn -0.000000 0.000000 1.000000
vn 0.000000 0.000000 1.000000
vn 0.000000 0.000000 1.000000
vn 0.000000 0.000000 1.000000
vn 0.000000 0.000000 1.000000
vn -0.000000 0.000000 1.000000
vn -0.000000 0.000000 1.000000
vn 0.000000 0.000000 -1.000000
vn 0.000000 0.000000 -1.000000
vn 0.000000 0.000000 -1.000000
vn 0.000000 0.000000 -1.000000
vn -0.000000 0.000000 -1.000000
vn -0.000000 0.000000 -1.000000
vn -0.000000 0.000000 -1.000000
vn -0.000000 0.000000 -1.000000
vn 0.000000 0.000000 -1.000000
vn 0.000000 0.000000 -1.000000
vn 0.000001 0.000000 -1.000000
vn -0.686896 -0.726756 0.000000
vn -0.686896 -0.726756 0.000000
vn -0.686896 -0.726756 0.000000
vn -0.686896 -0.726756 0.000000
vn -0.128534 -0.991705 0.000000
vn -0.128534 -0.991705 0.000000
vn -0.128534 -0.991705 0.000000
vn -0.128534 -0.991705 0.000000
vn 0.478922 -0.877858 0.000000
vn 0.478922 -0.877858 0.000000
vn 0.478922 -0.877858 0.000000
vn 0.478922 -0.877858 0.000000
vn 0.903449 -0.428695 0.000000
vn 0.903449 -0.428695 0.000000
vn 0.903449 -0.428695 0.000000
vn 0.903449 -0.428695 0.000000
vn 0.982887 0.184208 0.000000
vn 0.982887 0.184208 0.000000
vn 0.982887 0.184208 0.000000
vn 0.982887 0.184208 0.000000
vn 0.686896 0.726756 0.000000
vn 0.686896 0.726756 0.000000
vn 0.686896 0.726756 0.000000
vn 0.686896 0.726756 0.000000
vn 0.128535 0.991705 0.000000
vn 0.128535 0.991705 0.000000
vn 0.128535 0.991705 0.000000
vn 0.128535 0.991705 0.000000
vn -0.478923 0.877857 0.000000
vn -0.478923 0.877857 0.000000
vn -0.478923 0.877857 0.000000
vn -0.478923 0.877857 0.000000
vn -0.903451 0.428691 0.000000
vn -0.903451 0.428691 0.000000
vn -0.903451 0.428691 0.000000
vn -0.903451 0.428691 0.000000
vn -0.982888 -0.184202 0.000000
vn -0.982888 -0.184202 0.000000
vn -0.982888 -0.184202 0.000000
vn -0.982888 -0.184202 0.000000
vn -0.000001 0.000000 1.000000
vn 0.000000 0.000000 1.000000
vn 0.000000 0.000000 1.000000
vn -0.000000 0.000000 1.000000
vn 0.000001 0.000000 1.000000
vn 0.000001 0.000000 1.000000
vn 0.000001 0.000000 1.000000
vn -0.000000 0.000000 1.000000
vn -0.000001 0.000000 1.000000
vn 0.000000 0.000000 1.000000
vn 0.000001 0.000000 1.000000
vn -0.000000 0.000000 -1.000000
vn 0.000000 0.000000 -1.000000
vn -0.000000 0.000000 -1.000000
vn 0.000001 0.000000 -1.000000
vn 0.000000 0.000000 -1.000000
vn -0.000000 0.000000 -1.000000
vn -0.000000 0.000000 -1.000000
vn 0.000000 0.000000 -1.000000
vn -0.000000 0.000000 -1.000000
vn -0.000000 0.000000 -1.000000
vn 0.000000 0.000000 -1.000000
s off
g pCylinder5 ÔÇÔÇÊ
usemtl initialShadingGroup
f 17/61/49 18/63/50 28/64/51 27/62/52
f 18/81/53 19/82/54 29/83/55 28/84/56
f 19/82/57 20/85/58 30/86/59 29/83/60
f 20/49/61 21/50/62 31/51/63 30/52/64
f 21/50/65 22/53/66 32/54/67 31/51/68
f 22/53/69 23/55/70 33/56/71 32/54/72
f 23/87/73 24/88/74 34/89/75 33/90/76
f 24/88/77 25/91/78 35/92/79 34/89/80
f 25/57/81 26/58/82 36/59/83 35/60/84
f 26/58/85 17/61/86 27/62/87 36/59/88
s 1
f 18/105/89 17/106/90 37/107/91
f 19/109/92 18/105/89 37/107/91
f 20/111/93 19/109/92 37/107/91
f 21/113/94 20/111/93 37/107/91
f 22/115/95 21/113/94 37/107/91
f 23/114/96 22/115/95 37/107/91
f 24/112/97 23/114/96 37/107/91
f 25/110/98 24/112/97 37/107/91
f 26/108/99 25/110/98 37/107/91
f 17/106/90 26/108/99 37/107/91
s 2
f 27/116/100 28/117/101 38/118/102
f 28/117/101 29/119/103 38/118/102
f 29/119/103 30/121/104 38/118/102
f 30/121/104 31/123/105 38/118/102
f 31/123/105 32/125/106 38/118/102
f 32/125/106 33/126/107 38/118/102
f 33/126/107 34/124/108 38/118/102
f 34/124/108 35/122/109 38/118/102
f 35/122/109 36/120/110 38/118/102
f 36/120/110 27/116/100 38/118/102
s off
f 39/78/111 49/77/112 50/79/113 40/80/114
f 40/93/115 50/94/116 51/95/117 41/96/118
f 41/96/119 51/95/120 52/97/121 42/98/122
f 42/65/123 52/66/124 53/67/125 43/68/126
f 43/68/127 53/67/128 54/69/129 44/70/130
f 44/70/131 54/69/132 55/71/133 45/72/134
f 45/99/135 55/100/136 56/101/137 46/102/138
f 46/102/139 56/101/140 57/103/141 47/104/142
f 47/73/143 57/74/144 58/75/145 48/76/146
f 48/76/147 58/75/148 49/77/149 39/78/150
s 3
f 40/127/151 59/128/152 39/129/153
f 41/130/154 59/128/152 40/127/151
f 42/132/155 59/128/152 41/130/154
f 43/134/156 59/128/152 42/132/155
f 44/136/157 59/128/152 43/134/156
f 45/137/158 59/128/152 44/136/157
f 46/135/159 59/128/152 45/137/158
f 47/133/160 59/128/152 46/135/159
f 48/131/161 59/128/152 47/133/160
f 39/129/153 59/128/152 48/131/161
s 4
f 49/138/162 60/139/163 50/140/164
f 50/140/164 60/139/163 51/142/165
f 51/142/165 60/139/163 52/144/166
f 52/144/166 60/139/163 53/146/167
f 53/146/167 60/139/163 54/148/168
f 54/148/168 60/139/163 55/147/169
f 55/147/169 60/139/163 56/145/170
f 56/145/170 60/139/163 57/143/171
f 57/143/171 60/139/163 58/141/172
f 58/141/172 60/139/163 49/138/162
g default
v -338.415375 132.336990 141.091125
v 338.415344 132.336990 141.091125
v -359.783844 185.142441 150.000000
v 359.783813 185.142441 150.000000
v -359.783844 185.142441 -150.000000
v 359.783813 185.142441 -150.000000
v -338.415375 132.336990 -141.091125
v 338.415344 132.336990 -141.091125
v -112.805374 132.336990 114.910698
v -119.928207 185.142441 122.166473
v -119.928207 185.142441 -150.000000
v -112.805374 132.336990 -141.091125
v 112.804962 132.336990 114.910698
v 119.927795 185.142441 122.166473
v 119.927795 185.142441 -150.000000
v 112.804962 132.336990 -141.091125
v 225.610168 132.336990 141.091125
v 239.855804 185.142441 150.000000
v 239.855804 185.142441 -150.000000
v 225.610168 132.336990 -141.091125
v -225.610367 132.336990 141.091125
v -239.856018 185.142441 150.000000
v -239.856018 185.142441 -150.000000
v -225.610367 132.336990 -141.091125
v -359.783844 158.739716 150.000000
v -359.783844 158.739716 -150.000000
v -239.856018 158.739716 -150.000000
v -119.928207 158.739716 -150.000000
v 119.927795 158.739716 -150.000000
v 239.855804 158.739716 -150.000000
v 359.783813 158.739716 -150.000000
v 359.783813 158.739716 150.000000
v 239.855804 158.739716 150.000000
v 119.927795 158.739716 122.166473
v -119.928207 158.739716 122.166473
v -239.856018 158.739716 150.000000
vt 0.965238 0.789303
vt 0.965201 0.394655
vt 0.999934 0.394652
vt 0.999970 0.789300
vt 0.920554 0.777588
vt 0.920520 0.406379
vt 0.965267 0.394655
vt 0.965200 0.000006
vt 0.999933 0.000000
vt 1.000000 0.394649
vt 0.920583 0.382943
vt 0.920520 0.011733
vt 0.000000 0.946588
vt 0.000000 0.788823
vt 0.394648 0.788823
vt 0.394648 0.946588
vt 0.036615 0.631059
vt 0.394648 0.631059
vt 0.036615 0.315530
vt 0.394648 0.315530
vt 0.000000 0.157765
vt 0.394648 0.157765
vt 0.000000 0.000000
vt 0.394648 0.000000
vt 0.395251 0.890368
vt 0.395251 0.741973
vt 0.766461 0.741973
vt 0.766461 0.890368
vt 0.395251 0.593579
vt 0.732020 0.593579
vt 0.395251 0.296790
vt 0.732020 0.296790
vt 0.395251 0.148395
vt 0.766461 0.148395
vt 0.395251 0.000000
vt 0.766461 0.000000
vt 0.772907 0.926554
vt 0.774198 0.777848
vt 0.810391 0.797289
vt 0.809475 0.954902
vt 0.805687 0.635576
vt 0.769706 0.625834
vt 0.845055 0.796910
vt 0.844274 0.955062
vt 0.840460 0.635158
vt 0.805639 0.319489
vt 0.769700 0.329241
vt 0.840374 0.319876
vt 0.810262 0.157771
vt 0.774074 0.177223
vt 0.844929 0.158166
vt 0.809345 0.000160
vt 0.772777 0.028511
vt 0.844145 0.000000
vt 0.882484 0.946588
vt 0.882477 0.788823
vt 0.919133 0.770082
vt 0.919139 0.918476
vt 0.847751 0.946589
vt 0.847744 0.788825
vt 0.882470 0.631059
vt 0.919126 0.621687
vt 0.847737 0.631060
vt 0.882456 0.315530
vt 0.919113 0.324898
vt 0.847724 0.315531
vt 0.882450 0.157765
vt 0.919107 0.176503
vt 0.847717 0.157766
vt 0.882443 0.000000
vt 0.919101 0.028109
vt 0.847710 0.000002
vn 0.000000 -0.319713 0.947514
vn 0.146156 -0.244578 0.958551
vn 0.096141 -0.141840 0.985210
vn 0.000000 -0.121084 0.992642
vn 0.000000 1.000000 0.000000
vn 0.000000 1.000000 0.000000
vn 0.000000 1.000000 0.000000
vn 0.000000 1.000000 0.000000
vn 0.000000 -0.121084 -0.992642
vn 0.000000 -0.163921 -0.986474
vn 0.000000 -0.319713 -0.947515
vn 0.000000 -0.319713 -0.947514
vn 0.000000 -1.000000 0.000000
vn 0.000000 -1.000000 0.000000
vn 0.000000 -1.000000 0.000000
vn 0.000000 -1.000000 0.000000
vn 0.777319 -0.629106 0.000000
vn 0.777319 -0.629106 0.000000
vn 0.940093 -0.340918 0.000000
vn 0.940093 -0.340918 0.000000
vn -0.777319 -0.629106 0.000000
vn -0.777319 -0.629106 0.000000
vn -0.940093 -0.340919 0.000000
vn -0.940093 -0.340919 0.000000
vn -0.085721 -0.118498 0.989247
vn 0.085721 -0.118498 0.989247
vn 0.057649 -0.250057 0.966514
vn -0.057649 -0.250057 0.966514
vn 0.000000 1.000000 0.000000
vn 0.000000 1.000000 0.000000
vn 0.000000 1.000000 0.000000
vn 0.000000 1.000000 0.000000
vn 0.000000 -0.319713 -0.947515
vn 0.000000 -0.159501 -0.987198
vn 0.000000 -0.159501 -0.987198
vn 0.000000 -0.319713 -0.947515
vn 0.000000 -1.000000 0.000000
vn 0.000000 -1.000000 0.000000
vn 0.000000 -1.000000 0.000000
vn 0.000000 -1.000000 0.000000
vn -0.096141 -0.141840 0.985210
vn -0.146156 -0.244578 0.958551
vn 0.000000 1.000000 0.000000
vn 0.000000 1.000000 0.000000
vn 0.000000 -0.163921 -0.986474
vn 0.000000 -0.319713 -0.947515
vn 0.000000 -1.000000 0.000000
vn 0.000000 -1.000000 0.000000
vn 0.000000 -0.121084 0.992642
vn 0.000000 -0.319713 0.947515
vn 0.000000 1.000000 0.000000
vn 0.000000 1.000000 0.000000
vn 0.000000 -0.121084 -0.992642
vn 0.000000 -0.319713 -0.947515
vn 0.000000 -1.000000 0.000000
vn 0.000000 -1.000000 0.000000
vn -1.000000 0.000000 0.000000
vn -1.000000 0.000000 0.000000
vn 0.000000 0.000000 -1.000000
vn 0.000000 0.000000 -1.000000
vn 0.000000 0.000000 -1.000000
vn 0.000000 0.000000 -1.000000
vn 0.000000 0.000000 -1.000000
vn 0.000000 0.000000 -1.000000
vn 1.000000 0.000000 0.000000
vn 1.000000 0.000000 0.000000
vn -0.115269 0.000000 0.993334
vn 0.000000 0.000000 1.000000
vn -0.077131 0.000000 0.997021
vn 0.077131 0.000000 0.997021
vn 0.115269 0.000000 0.993334
vn 0.000000 0.000000 1.000000
s 1
g pCube22
usemtl initialShadingGroup
f 61/185/173 81/186/174 96/187/175 85/188/176
s 2
f 63/161/177 82/162/178 83/163/179 65/164/180
s 3
f 86/203/181 87/204/182 84/205/183 67/206/184
s 4
f 67/173/185 84/174/186 81/175/187 61/176/188
s 5
f 62/159/189 68/160/190 91/156/191 92/155/192
s 6
f 67/153/193 61/154/194 85/150/195 86/149/196
s 1
f 94/194/197 95/189/198 69/190/199 73/195/200
s 2
f 71/166/201 70/165/202 74/167/203 75/168/204
s 3
f 72/210/205 88/209/206 89/212/207 76/213/208
s 4
f 69/178/209 72/177/210 76/179/211 73/180/212
s 1
f 93/197/213 94/194/197 73/195/200 77/198/214
s 2
f 75/168/204 74/167/203 78/169/215 79/170/216
s 3
f 76/213/208 89/212/207 90/215/217 80/216/218
s 4
f 73/180/212 76/179/211 80/181/219 77/182/220
s 1
f 92/200/221 93/197/213 77/198/214 62/201/222
s 2
f 79/170/216 78/169/215 64/171/223 66/172/224
s 3
f 80/216/218 90/215/217 91/218/225 68/219/226
s 4
f 77/182/220 80/181/219 68/183/227 62/184/228
s 1
f 95/189/198 96/187/175 81/186/174 69/190/199
s 2
f 83/163/179 82/162/178 70/165/202 71/166/201
s 3
f 84/205/183 87/204/182 88/209/206 72/210/205
s 4
f 81/175/187 84/174/186 72/177/210 69/178/209
s 6
f 86/149/196 85/150/195 63/151/229 65/152/230
s 3
f 65/207/231 83/208/232 87/204/182 86/203/181
f 88/209/206 87/204/182 83/208/232 71/211/233
f 89/212/207 88/209/206 71/211/233 75/214/234
f 90/215/217 89/212/207 75/214/234 79/217/235
f 91/218/225 90/215/217 79/217/235 66/220/236
s 5
f 92/155/192 91/156/191 66/157/237 64/158/238
s 1
f 78/199/239 93/197/213 92/200/221 64/202/240
f 74/196/241 94/194/197 93/197/213 78/199/239
f 70/193/242 95/189/198 94/194/197 74/196/241
f 82/191/243 96/187/175 95/189/198 70/193/242
f 85/188/176 96/187/175 82/191/243 63/192/244
g default
v -21.521088 182.305115 87.360870
v -15.903595 182.305115 87.360870
v -21.521088 187.280731 87.499893
v -15.903595 187.280731 87.499893
v -21.521088 187.642517 74.551941
v -15.903595 187.642517 74.551941
v -21.521088 182.666901 74.412918
v -15.903595 182.666901 74.412918
vt 0.906705 0.758433
vt 0.906699 0.652560
vt 0.947383 0.652557
vt 0.947390 0.758430
vt 0.071716 0.956996
vt 0.071723 0.851124
vt 0.112407 0.851126
vt 0.112401 0.956999
vt 0.783764 0.752807
vt 0.829679 0.752811
vt 0.829671 0.858683
vt 0.783756 0.858680
vt 0.496899 0.762663
vt 0.542814 0.762666
vt 0.542806 0.868539
vt 0.496891 0.868536
vt 0.338091 0.946264
vt 0.338095 0.900349
vt 0.378780 0.900352
vt 0.378776 0.946268
vt 0.235639 0.941719
vt 0.235644 0.895803
vt 0.276328 0.895807
vt 0.276324 0.941722
vn 0.000000 -0.027930 0.999610
vn 0.000000 -0.027930 0.999610
vn 0.000000 -0.027930 0.999610
vn 0.000000 -0.027930 0.999610
vn 0.000000 0.999610 0.027931
vn 0.000000 0.999610 0.027931
vn 0.000000 0.999610 0.027931
vn 0.000000 0.999610 0.027931
vn 0.000000 0.027930 -0.999610
vn 0.000000 0.027930 -0.999610
vn 0.000000 0.027930 -0.999610
vn 0.000000 0.027930 -0.999610
vn 0.000000 -0.999610 -0.027931
vn 0.000000 -0.999610 -0.027931
vn 0.000000 -0.999610 -0.027931
vn 0.000000 -0.999610 -0.027931
vn 1.000000 0.000000 0.000000
vn 1.000000 0.000000 0.000000
vn 1.000000 0.000000 0.000000
vn 1.000000 0.000000 0.000000
vn -1.000000 -0.000000 0.000000
vn -1.000000 -0.000000 0.000000
vn -1.000000 -0.000000 0.000000
vn -1.000000 -0.000000 0.000000
s off
g ÇÒÑÇÑ ÇÒÑÇÑ pCube13
usemtl initialShadingGroup
f 97/237/245 98/238/246 100/239/247 99/240/248
f 99/229/249 100/230/250 102/231/251 101/232/252
f 101/241/253 102/242/254 104/243/255 103/244/256
f 103/233/257 104/234/258 98/235/259 97/236/260
f 98/221/261 104/222/262 102/223/263 100/224/264
f 103/225/265 97/226/266 99/227/267 101/228/268
g default
v -72.281754 190.561264 -31.282108
v -49.987011 190.561264 -31.282108
v -72.281754 194.020737 -31.185448
v -49.987011 194.020737 -31.185448
v -72.281754 194.448318 -46.488331
v -49.987011 194.448318 -46.488331
v -72.281754 190.988846 -46.584991
v -49.987011 190.988846 -46.584991
vt 0.496899 0.993668
vt 0.496891 0.868540
vt 0.525179 0.868538
vt 0.525186 0.993666
vt 0.947679 0.962520
vt 0.947687 0.837392
vt 0.975974 0.837394
vt 0.975967 0.962522
vt 0.000000 0.546686
vt 0.000017 0.364458
vt 0.125145 0.364469
vt 0.125128 0.546697
vt 0.512259 0.364457
vt 0.512276 0.182229
vt 0.637404 0.182240
vt 0.637388 0.364469
vt 0.875963 0.909279
vt 0.875968 0.727051
vt 0.904256 0.727052
vt 0.904250 0.909280
vt 0.886208 0.182228
vt 0.886214 0.000000
vt 0.914501 0.000001
vt 0.914496 0.182229
vn 0.000000 -0.027930 0.999610
vn 0.000000 -0.027930 0.999610
vn 0.000000 -0.027930 0.999610
vn 0.000000 -0.027930 0.999610
vn 0.000000 0.999610 0.027930
vn 0.000000 0.999610 0.027930
vn 0.000000 0.999610 0.027930
vn 0.000000 0.999610 0.027930
vn 0.000000 0.027930 -0.999610
vn 0.000000 0.027930 -0.999610
vn 0.000000 0.027930 -0.999610
vn 0.000000 0.027930 -0.999610
vn 0.000000 -0.999610 -0.027931
vn 0.000000 -0.999610 -0.027931
vn 0.000000 -0.999610 -0.027931
vn 0.000000 -0.999610 -0.027931
vn 1.000000 0.000000 0.000000
vn 1.000000 0.000000 0.000000
vn 1.000000 0.000000 0.000000
vn 1.000000 0.000000 0.000000
vn -1.000000 0.000000 0.000000
vn -1.000000 0.000000 0.000000
vn -1.000000 0.000000 0.000000
vn -1.000000 0.000000 0.000000
s off
g ÇÒÑÇÑ ÇÒÑÇÑ pCube5
usemtl initialShadingGroup
f 105/261/269 106/262/270 108/263/271 107/264/272
f 107/253/273 108/254/274 110/255/275 109/256/276
f 109/265/277 110/266/278 112/267/279 111/268/280
f 111/257/281 112/258/282 106/259/283 105/260/284
f 106/245/285 112/246/286 110/247/287 108/248/288
f 111/249/289 105/250/290 107/251/291 109/252/292
g default
v -12.321800 182.305115 87.360870
v -6.704308 182.305115 87.360870
v -12.321800 187.280731 87.499893
v -6.704308 187.280731 87.499893
v -12.321800 187.642517 74.551941
v -6.704308 187.642517 74.551941
v -12.321800 182.666901 74.412918
v -6.704308 182.666901 74.412918
vt 0.886215 0.652561
vt 0.886208 0.546688
vt 0.926893 0.546686
vt 0.926899 0.652558
vt 0.030736 0.956994
vt 0.030742 0.851121
vt 0.071427 0.851124
vt 0.071420 0.956996
vt 0.030743 0.745248
vt 0.076658 0.745251
vt 0.076651 0.851124
vt 0.030736 0.851120
vt 0.676189 0.768259
vt 0.722105 0.768262
vt 0.722097 0.874135
vt 0.676182 0.874132
vt 0.256130 0.592602
vt 0.256134 0.546686
vt 0.296819 0.546690
vt 0.296814 0.592605
vt 0.358581 0.693919
vt 0.358586 0.648004
vt 0.399270 0.648008
vt 0.399266 0.693923
vn 0.000000 -0.027930 0.999610
vn 0.000000 -0.027930 0.999610
vn 0.000000 -0.027930 0.999610
vn 0.000000 -0.027930 0.999610
vn 0.000000 0.999610 0.027931
vn 0.000000 0.999610 0.027931
vn 0.000000 0.999610 0.027931
vn 0.000000 0.999610 0.027931
vn 0.000000 0.027930 -0.999610
vn 0.000000 0.027930 -0.999610
vn 0.000000 0.027930 -0.999610
vn 0.000000 0.027930 -0.999610
vn 0.000000 -0.999610 -0.027931
vn 0.000000 -0.999610 -0.027931
vn 0.000000 -0.999610 -0.027931
vn 0.000000 -0.999610 -0.027931
vn 1.000000 0.000000 0.000000
vn 1.000000 0.000000 0.000000
vn 1.000000 0.000000 0.000000
vn 1.000000 0.000000 0.000000
vn -1.000000 0.000000 0.000000
vn -1.000000 0.000000 0.000000
vn -1.000000 0.000000 0.000000
vn -1.000000 0.000000 0.000000
s off
g ÇÒÑÇÑ ÇÒÑÇÑ pCube14
usemtl initialShadingGroup
f 113/285/293 114/286/294 116/287/295 115/288/296
f 115/277/297 116/278/298 118/279/299 117/280/300
f 117/289/301 118/290/302 120/291/303 119/292/304
f 119/281/305 120/282/306 114/283/307 113/284/308
f 114/269/309 120/270/310 118/271/311 116/272/312
f 119/273/313 113/274/314 115/275/315 117/276/316
g default
v 21.082863 187.244705 -13.129941
v 77.406952 187.244705 -13.129941
v 77.406952 194.905563 -13.129941
v 21.082863 194.905563 -13.129941
v 21.082863 187.244705 -96.878265
v 21.082863 203.747604 -96.878265
v 77.406952 187.244705 -96.878265
v 77.406952 203.747604 -96.878265
v 23.179384 203.747604 -93.760948
v 75.310432 203.747604 -93.760948
v 75.310432 194.905563 -16.247261
v 23.179384 194.905563 -16.247261
v 23.179384 193.739929 -16.247261
v 75.310432 193.739929 -16.247261
v 23.179384 202.581970 -93.760948
v 75.310432 202.581970 -93.760948
vt 0.001992 0.480855
vt 0.001992 0.001853
vt 0.045809 0.001853
vt 0.096381 0.480855
vt 0.432905 0.001853
vt 0.527294 0.001853
vt 0.476722 0.480855
vt 0.432905 0.480855
vt 0.914196 0.001853
vt 0.920863 0.001853
vt 0.870291 0.445195
vt 0.863624 0.445195
vt 0.687040 0.928189
vt 0.636468 0.484846
vt 0.643135 0.484846
vt 0.693707 0.928189
vt 0.103532 0.001853
vt 0.425680 0.001853
vt 0.425680 0.480855
vt 0.103532 0.480855
vt 0.699842 0.928189
vt 0.699842 0.484846
vt 0.998008 0.484846
vt 0.998008 0.928189
vt 0.534251 0.480855
vt 0.534251 0.001853
vt 0.856399 0.001853
vt 0.856399 0.480855
vt 0.546242 0.463025
vt 0.844408 0.463025
vt 0.844408 0.019682
vt 0.546242 0.019682
vt 0.586516 0.806994
vt 0.586516 0.484846
vt 0.630332 0.484846
vt 0.630332 0.806994
vt 0.580381 0.806994
vt 0.485992 0.806994
vt 0.485992 0.484846
vt 0.580381 0.484846
vt 0.479856 0.783012
vt 0.473189 0.783012
vt 0.473189 0.484846
vt 0.479856 0.484846
vt 0.460387 0.783012
vt 0.460387 0.484846
vt 0.467054 0.484846
vt 0.467054 0.783012
vn 0.000000 0.000000 1.000000
vn 0.000000 0.000000 1.000000
vn 0.000000 0.000000 1.000000
vn 0.000000 0.000000 1.000000
vn -1.000000 0.000000 0.000000
vn -1.000000 0.000000 0.000000
vn -1.000000 0.000000 0.000000
vn -1.000000 0.000000 0.000000
vn 0.000000 -1.000000 0.000000
vn 0.000000 -1.000000 0.000000
vn 0.000000 -1.000000 0.000000
vn 0.000000 -1.000000 0.000000
vn 1.000000 0.000000 0.000000
vn 1.000000 0.000000 0.000000
vn 1.000000 0.000000 0.000000
vn 1.000000 0.000000 0.000000
vn 0.000000 0.000000 -1.000000
vn 0.000000 0.000000 -1.000000
vn 0.000000 0.000000 -1.000000
vn 0.000000 0.000000 -1.000000
vn 0.000000 0.000000 -1.000000
vn 0.000000 0.000000 -1.000000
vn 0.000000 0.000000 -1.000000
vn 0.000000 0.000000 -1.000000
vn 1.000000 0.000000 0.000000
vn 1.000000 0.000000 0.000000
vn 1.000000 0.000000 0.000000
vn 1.000000 0.000000 0.000000
vn 0.000000 0.993557 0.113336
vn 0.000000 0.993557 0.113336
vn 0.000000 0.993557 0.113336
vn 0.000000 0.993557 0.113336
vn -1.000000 0.000000 0.000000
vn -1.000000 0.000000 0.000000
vn -1.000000 0.000000 0.000000
vn -1.000000 0.000000 0.000000
vn 0.000000 0.000000 1.000000
vn 0.000000 0.000000 1.000000
vn 0.000000 0.000000 1.000000
vn 0.000000 0.000000 1.000000
vn 0.000000 0.994473 0.104995
vn 0.000000 0.994473 0.104995
vn 0.000000 0.994473 0.104995
vn 0.000000 0.994473 0.104995
vn 0.000000 1.000000 0.000000
vn 0.000000 1.000000 0.000000
vn 0.000000 1.000000 0.000000
vn 0.000000 1.000000 0.000000
s off
g ÇÒÑÇÑ ÇÒÑÇÑ polySurface3
usemtl initialShadingGroup
f 121/325/317 122/326/318 123/327/319 124/328/320
f 125/293/321 121/294/322 124/295/323 126/296/324
f 125/309/325 127/310/326 122/311/327 121/312/328
f 127/297/329 128/298/330 123/299/331 122/300/332
f 125/329/333 126/330/334 128/331/335 127/332/336
f 133/333/337 132/334/338 131/335/339 134/336/340
f 135/301/341 129/302/342 132/303/343 133/304/344
f 135/313/345 133/314/346 134/315/347 136/316/348
f 136/305/349 134/306/350 131/307/351 130/308/352
f 135/337/353 136/338/354 130/339/355 129/340/356
f 126/317/357 124/318/358 123/319/359 128/320/360 129/321/361 130/322/362 131/323/363 132/324/364
g default
v -72.281754 190.561264 90.430855
v -49.987011 190.561264 90.430855
v -72.281754 194.020737 90.527519
v -49.987011 194.020737 90.527519
v -72.281754 194.448318 75.224632
v -49.987011 194.448318 75.224632
v -72.281754 190.988846 75.127968
v -49.987011 190.988846 75.127968
vt 0.916951 0.989434
vt 0.916944 0.864305
vt 0.945231 0.864303
vt 0.945239 0.989432
vt 0.947679 0.837392
vt 0.947687 0.712263
vt 0.975974 0.712265
vt 0.975967 0.837393
vt 0.256130 0.182228
vt 0.256146 0.000000
vt 0.381275 0.000011
vt 0.381258 0.182240
vt 0.256130 0.364457
vt 0.256146 0.182229
vt 0.381275 0.182240
vt 0.381258 0.364469
vt 0.000000 0.899590
vt 0.000005 0.717361
vt 0.028293 0.717362
vt 0.028287 0.899590
vt 0.112697 0.911144
vt 0.112702 0.728915
vt 0.140990 0.728916
vt 0.140984 0.911145
vn 0.000000 -0.027931 0.999610
vn 0.000000 -0.027931 0.999610
vn 0.000000 -0.027931 0.999610
vn 0.000000 -0.027931 0.999610
vn 0.000000 0.999610 0.027930
vn 0.000000 0.999610 0.027930
vn 0.000000 0.999610 0.027930
vn 0.000000 0.999610 0.027930
vn 0.000000 0.027931 -0.999610
vn 0.000000 0.027931 -0.999610
vn 0.000000 0.027931 -0.999610
vn 0.000000 0.027931 -0.999610
vn 0.000000 -0.999610 -0.027931
vn 0.000000 -0.999610 -0.027931
vn 0.000000 -0.999610 -0.027931
vn 0.000000 -0.999610 -0.027931
vn 1.000000 0.000000 0.000000
vn 1.000000 0.000000 0.000000
vn 1.000000 0.000000 0.000000
vn 1.000000 0.000000 0.000000
vn -1.000000 -0.000000 0.000000
vn -1.000000 -0.000000 0.000000
vn -1.000000 -0.000000 0.000000
vn -1.000000 -0.000000 0.000000
s off
g ÇÒÑÇÑ ÇÒÑÇÑ pCube10
usemtl initialShadingGroup
f 137/357/365 138/358/366 140/359/367 139/360/368
f 139/349/369 140/350/370 142/351/371 141/352/372
f 141/361/373 142/362/374 144/363/375 143/364/376
f 143/353/377 144/354/378 138/355/379 137/356/380
f 138/341/381 144/342/382 142/343/383 140/344/384
f 143/345/385 137/346/386 139/347/387 141/348/388
g default
v 342.319061 184.316406 32.678349
v 339.125885 184.316406 26.411530
v 334.152557 184.316406 21.438152
v 327.885742 184.316406 18.245050
v 320.938873 184.316406 17.144785
v 313.992096 184.316406 18.245052
v 307.725281 184.316406 21.438156
v 302.751862 184.316406 26.411531
v 299.558777 184.316406 32.678352
v 298.458496 184.316406 39.625168
v 299.558777 184.316406 46.571976
v 302.751862 184.316406 52.838799
v 307.725281 184.316406 57.812168
v 313.992096 184.316406 61.005268
v 320.938873 184.316406 62.105537
v 327.885742 184.316406 61.005268
v 334.152557 184.316406 57.812168
v 339.125885 184.316406 52.838799
v 342.318970 184.316406 46.571976
v 343.419250 184.316406 39.625168
v 342.319061 186.026657 32.678349
v 339.125885 186.026657 26.411530
v 334.152557 186.026657 21.438152
v 327.885742 186.026657 18.245050
v 320.938873 186.026657 17.144785
v 313.992096 186.026657 18.245052
v 307.725281 186.026657 21.438156
v 302.751862 186.026657 26.411531
v 299.558777 186.026657 32.678352
v 298.458496 186.026657 39.625168
v 299.558777 186.026657 46.571976
v 302.751862 186.026657 52.838799
v 307.725281 186.026657 57.812168
v 313.992096 186.026657 61.005268
v 320.938873 186.026657 62.105537
v 327.885742 186.026657 61.005268
v 334.152557 186.026657 57.812168
v 339.125885 186.026657 52.838799
v 342.318970 186.026657 46.571976
v 343.419250 186.026657 39.625168
v 320.938873 184.316406 39.625168
v 320.938873 186.026657 39.625168
v -342.319122 184.316406 32.678349
v -339.125946 184.316406 26.411530
v -334.152618 184.316406 21.438152
v -327.885773 184.316406 18.245050
v -320.938934 184.316406 17.144785
v -313.992157 184.316406 18.245052
v -307.725372 184.316406 21.438156
v -302.751862 184.316406 26.411531
v -299.558868 184.316406 32.678352
v -298.458527 184.316406 39.625168
v -299.558868 184.316406 46.571976
v -302.751862 184.316406 52.838799
v -307.725372 184.316406 57.812168
v -313.992157 184.316406 61.005268
v -320.938934 184.316406 62.105537
v -327.885773 184.316406 61.005268
v -334.152618 184.316406 57.812168
v -339.125946 184.316406 52.838799
v -342.319000 184.316406 46.571976
v -343.419281 184.316406 39.625168
v -342.319122 186.026657 32.678349
v -339.125946 186.026657 26.411530
v -334.152618 186.026657 21.438152
v -327.885773 186.026657 18.245050
v -320.938934 186.026657 17.144785
v -313.992157 186.026657 18.245052
v -307.725372 186.026657 21.438156
v -302.751862 186.026657 26.411531
v -299.558868 186.026657 32.678352
v -298.458527 186.026657 39.625168
v -299.558868 186.026657 46.571976
v -302.751862 186.026657 52.838799
v -307.725372 186.026657 57.812168
v -313.992157 186.026657 61.005268
v -320.938934 186.026657 62.105537
v -327.885773 186.026657 61.005268
v -334.152618 186.026657 57.812168
v -339.125946 186.026657 52.838799
v -342.319000 186.026657 46.571976
v -343.419281 186.026657 39.625168
v -320.938934 184.316406 39.625168
v -320.938934 186.026657 39.625168
vt 0.905293 0.143411
vt 0.905272 0.071708
vt 0.922707 0.071703
vt 0.922728 0.143406
vt 0.905251 0.000005
vt 0.922686 0.000000
vt 0.905313 0.215114
vt 0.922749 0.215109
vt 0.905334 0.286817
vt 0.922770 0.286812
vt 0.905355 0.358520
vt 0.922790 0.358515
vt 0.905376 0.430223
vt 0.922811 0.430218
vt 0.963970 0.358515
vt 0.963971 0.286812
vt 0.981406 0.286812
vt 0.981406 0.358515
vt 0.963971 0.215109
vt 0.981407 0.215109
vt 0.963970 0.430219
vt 0.981405 0.430219
vt 0.963972 0.143406
vt 0.981407 0.143406
vt 0.963972 0.071703
vt 0.981408 0.071703
vt 0.963973 0.000000
vt 0.981408 0.000000
vt 0.944398 0.286811
vt 0.961833 0.286811
vt 0.961833 0.358515
vt 0.944397 0.358515
vt 0.944399 0.215108
vt 0.961834 0.215109
vt 0.961832 0.430218
vt 0.944397 0.430217
vt 0.944399 0.143406
vt 0.961835 0.143406
vt 0.944400 0.071703
vt 0.961835 0.071703
vt 0.944400 0.000000
vt 0.961836 0.000000
vt 0.924874 0.071704
vt 0.942309 0.071706
vt 0.942299 0.143409
vt 0.924864 0.143407
vt 0.924884 0.000000
vt 0.942319 0.000002
vt 0.942289 0.215112
vt 0.924854 0.215110
vt 0.942279 0.286815
vt 0.924844 0.286813
vt 0.942269 0.358518
vt 0.924834 0.358515
vt 0.942259 0.430222
vt 0.924824 0.430219
vt 0.902894 0.809494
vt 0.880737 0.877688
vt 0.676536 0.773642
vt 0.838590 0.935696
vt 0.902894 0.737791
vt 0.780581 0.977842
vt 0.880737 0.669597
vt 0.712388 1.000000
vt 0.838590 0.611588
vt 0.640685 1.000000
vt 0.780582 0.569442
vt 0.572492 0.977843
vt 0.712388 0.547285
vt 0.514482 0.935696
vt 0.640685 0.547285
vt 0.472337 0.877688
vt 0.572491 0.569442
vt 0.450179 0.809494
vt 0.514482 0.611588
vt 0.450179 0.737791
vt 0.472336 0.669597
vt 0.780582 0.525127
vt 0.712388 0.547284
vt 0.676536 0.320926
vt 0.640685 0.547284
vt 0.838590 0.482980
vt 0.572492 0.525127
vt 0.880736 0.424972
vt 0.514482 0.482981
vt 0.902894 0.356778
vt 0.472337 0.424972
vt 0.902894 0.285075
vt 0.450179 0.356778
vt 0.880737 0.216882
vt 0.450179 0.285075
vt 0.838590 0.158872
vt 0.472336 0.216881
vt 0.780582 0.116727
vt 0.514482 0.158872
vt 0.712388 0.094569
vt 0.572491 0.116727
vt 0.640685 0.094569
vt 0.000000 0.714925
vt 0.226358 0.679074
vt 0.022157 0.783120
vt 0.000000 0.643223
vt 0.064304 0.841128
vt 0.022158 0.575029
vt 0.122313 0.883274
vt 0.064304 0.517020
vt 0.190506 0.905431
vt 0.122312 0.474874
vt 0.262209 0.905432
vt 0.190506 0.452717
vt 0.330403 0.883274
vt 0.262210 0.452716
vt 0.388412 0.841128
vt 0.330403 0.474874
vt 0.430558 0.783119
vt 0.388412 0.517020
vt 0.452715 0.714926
vt 0.430558 0.575029
vt 0.452716 0.643222
vt 0.122312 0.430559
vt 0.226358 0.226358
vt 0.190506 0.452716
vt 0.064304 0.388412
vt 0.262209 0.452716
vt 0.022158 0.330403
vt 0.330403 0.430558
vt 0.000000 0.262210
vt 0.388412 0.388412
vt 0.000000 0.190507
vt 0.430558 0.330403
vt 0.022158 0.122313
vt 0.452715 0.262210
vt 0.064304 0.064304
vt 0.452716 0.190506
vt 0.122313 0.022158
vt 0.430558 0.122313
vt 0.190506 0.000001
vt 0.388412 0.064304
vt 0.262210 0.000000
vt 0.330403 0.022158
vt 0.932473 0.430221
vt 0.932474 0.501924
vt 0.915038 0.501924
vt 0.915037 0.430221
vt 0.932475 0.573627
vt 0.915040 0.573627
vt 0.932476 0.645330
vt 0.915041 0.645330
vt 0.932477 0.717033
vt 0.915042 0.717033
vt 0.959082 0.717031
vt 0.959081 0.645328
vt 0.976516 0.645328
vt 0.976517 0.717031
vt 0.959079 0.573626
vt 0.976515 0.573625
vt 0.959078 0.501922
vt 0.976513 0.501922
vt 0.959077 0.430219
vt 0.976512 0.430219
vt 0.957045 0.717029
vt 0.939609 0.717036
vt 0.939583 0.645332
vt 0.957018 0.645326
vt 0.939556 0.573629
vt 0.956992 0.573623
vt 0.939530 0.501927
vt 0.956965 0.501920
vt 0.939504 0.430224
vt 0.956939 0.430218
vt 0.978650 0.430221
vt 0.996085 0.430214
vt 0.996111 0.501917
vt 0.978676 0.501923
vt 0.996138 0.573619
vt 0.978702 0.573626
vt 0.996164 0.645323
vt 0.978729 0.645329
vt 0.996191 0.717026
vt 0.978755 0.717032
vn 0.951056 0.000000 -0.309018
vn 0.809016 0.000000 -0.587787
vn 0.809016 0.000000 -0.587787
vn 0.951056 0.000000 -0.309018
vn 0.587789 0.000000 -0.809015
vn 0.587789 0.000000 -0.809015
vn 0.309015 0.000000 -0.951057
vn 0.309015 0.000000 -0.951057
vn -0.000000 0.000000 -1.000000
vn -0.000000 0.000000 -1.000000
vn -0.309019 0.000000 -0.951056
vn -0.309019 0.000000 -0.951056
vn -0.587785 0.000000 -0.809017
vn -0.587785 0.000000 -0.809017
vn -0.809016 0.000000 -0.587787
vn -0.809016 0.000000 -0.587787
vn -0.951056 0.000000 -0.309018
vn -0.951056 0.000000 -0.309018
vn -1.000000 0.000000 0.000000
vn -1.000000 0.000000 0.000000
vn -0.951056 0.000000 0.309018
vn -0.951056 0.000000 0.309018
vn -0.809015 0.000000 0.587787
vn -0.809015 0.000000 0.587787
vn -0.587784 0.000000 0.809018
vn -0.587784 0.000000 0.809018
vn -0.309019 0.000000 0.951056
vn -0.309019 0.000000 0.951056
vn 0.000000 0.000000 1.000000
vn 0.000000 0.000000 1.000000
vn 0.309016 0.000000 0.951057
vn 0.309016 0.000000 0.951057
vn 0.587788 0.000000 0.809015
vn 0.587788 0.000000 0.809015
vn 0.809019 0.000000 0.587782
vn 0.809019 0.000000 0.587782
vn 0.951056 0.000000 0.309018
vn 0.951056 0.000000 0.309018
vn 1.000000 0.000000 0.000007
vn 1.000000 0.000000 0.000007
vn 0.000000 -1.000000 0.000000
vn 0.000000 -1.000000 0.000002
vn 0.000000 -1.000000 -0.000000
vn 0.000000 -1.000000 -0.000002
vn 0.000000 -1.000000 0.000000
vn 0.000000 -1.000000 0.000000
vn 0.000000 -1.000000 0.000000
vn 0.000000 -1.000000 0.000000
vn 0.000000 -1.000000 0.000002
vn 0.000000 -1.000000 0.000002
vn 0.000000 -1.000000 0.000000
vn 0.000000 -1.000000 -0.000002
vn 0.000000 -1.000000 -0.000002
vn 0.000000 -1.000000 0.000000
vn 0.000000 -1.000000 0.000000
vn 0.000000 -1.000000 0.000000
vn 0.000000 -1.000000 0.000000
vn 0.000000 -1.000000 0.000000
vn 0.000000 -1.000000 -0.000002
vn 0.000000 -1.000000 -0.000002
vn 0.000000 -1.000000 0.000000
vn 0.000000 1.000000 0.000000
vn 0.000000 1.000000 0.000000
vn 0.000000 1.000000 -0.000000
vn 0.000000 1.000000 0.000002
vn 0.000000 1.000000 0.000002
vn 0.000000 1.000000 0.000000
vn 0.000000 1.000000 -0.000001
vn 0.000000 1.000000 -0.000001
vn 0.000000 1.000000 0.000000
vn 0.000000 1.000000 0.000002
vn 0.000000 1.000000 0.000002
vn 0.000000 1.000000 -0.000002
vn 0.000000 1.000000 -0.000002
vn 0.000000 1.000000 0.000000
vn 0.000000 1.000000 0.000000
vn 0.000000 1.000000 0.000000
vn 0.000000 1.000000 -0.000001
vn 0.000000 1.000000 0.000001
vn 0.000000 1.000000 0.000002
vn 0.000000 1.000000 -0.000002
vn 0.000000 1.000000 -0.000002
vn -0.951057 0.000000 -0.309016
vn -0.951057 0.000000 -0.309016
vn -0.809016 0.000000 -0.587787
vn -0.809016 0.000000 -0.587787
vn -0.587786 0.000000 -0.809016
vn -0.587786 0.000000 -0.809016
vn -0.309015 0.000000 -0.951057
vn -0.309015 0.000000 -0.951057
vn 0.000000 0.000000 -1.000000
vn 0.000000 0.000000 -1.000000
vn 0.309019 0.000000 -0.951056
vn 0.309019 0.000000 -0.951056
vn 0.587782 0.000000 -0.809019
vn 0.587782 0.000000 -0.809019
vn 0.809016 0.000000 -0.587787
vn 0.809016 0.000000 -0.587787
vn 0.951057 0.000000 -0.309017
vn 0.951057 0.000000 -0.309017
vn 1.000000 0.000000 0.000000
vn 1.000000 0.000000 0.000000
vn 0.951057 0.000000 0.309017
vn 0.951057 0.000000 0.309017
vn 0.809016 0.000000 0.587787
vn 0.809016 0.000000 0.587787
vn 0.587782 0.000000 0.809019
vn 0.587782 0.000000 0.809019
vn 0.309019 0.000000 0.951056
vn 0.309019 0.000000 0.951056
vn 0.000000 0.000000 1.000000
vn 0.000000 0.000000 1.000000
vn -0.309016 0.000000 0.951057
vn -0.309016 0.000000 0.951057
vn -0.587786 0.000000 0.809017
vn -0.587786 0.000000 0.809017
vn -0.809020 0.000000 0.587781
vn -0.809020 0.000000 0.587781
vn -0.951057 0.000000 0.309015
vn -0.951057 0.000000 0.309015
vn -1.000000 0.000000 0.000009
vn -1.000000 0.000000 0.000009
vn 0.000000 -1.000000 0.000000
vn 0.000000 -1.000000 0.000000
vn 0.000000 -1.000000 -0.000000
vn 0.000000 -1.000000 -0.000001
vn 0.000000 -1.000000 0.000000
vn 0.000000 -1.000000 0.000000
vn 0.000000 -1.000000 0.000000
vn 0.000000 -1.000000 -0.000001
vn 0.000000 -1.000000 0.000000
vn 0.000000 -1.000000 -0.000000
vn 0.000000 -1.000000 -0.000000
vn 0.000000 -1.000000 0.000000
vn 0.000000 -1.000000 -0.000000
vn 0.000000 -1.000000 0.000001
vn 0.000000 -1.000000 0.000000
vn 0.000000 -1.000000 0.000000
vn 0.000000 -1.000000 0.000000
vn 0.000000 -1.000000 0.000001
vn 0.000000 -1.000000 -0.000000
vn 0.000000 -1.000000 0.000000
vn 0.000000 -1.000000 0.000000
vn 0.000000 1.000000 -0.000000
vn 0.000000 1.000000 0.000000
vn 0.000000 1.000000 -0.000000
vn 0.000000 1.000000 0.000000
vn 0.000000 1.000000 0.000001
vn 0.000000 1.000000 0.000000
vn 0.000000 1.000000 0.000001
vn 0.000000 1.000000 0.000001
vn 0.000000 1.000000 -0.000000
vn 0.000000 1.000000 -0.000000
vn 0.000000 1.000000 0.000000
vn 0.000000 1.000000 0.000000
vn 0.000000 1.000000 0.000000
vn 0.000000 1.000000 -0.000001
vn 0.000000 1.000000 -0.000001
vn 0.000000 1.000000 0.000000
vn 0.000000 1.000000 -0.000001
vn 0.000000 1.000000 -0.000000
vn 0.000000 1.000000 0.000000
vn 0.000000 1.000000 0.000000
vn 0.000000 1.000000 -0.000000
s 1
g pCylinder8 ãÇæÓ_ßíÈæÑÏ
usemtl initialShadingGroup
f 145/365/389 146/366/390 166/367/391 165/368/392
f 146/366/390 147/369/393 167/370/394 166/367/391
f 147/505/393 148/506/395 168/507/396 167/508/394
f 148/506/395 149/509/397 169/510/398 168/507/396
f 149/509/397 150/511/399 170/512/400 169/510/398
f 150/511/399 151/513/401 171/514/402 170/512/400
f 151/385/401 152/379/403 172/382/404 171/386/402
f 152/379/403 153/380/405 173/381/406 172/382/404
f 153/380/405 154/383/407 174/384/408 173/381/406
f 154/383/407 155/387/409 175/388/410 174/384/408
f 155/387/409 156/389/411 176/390/412 175/388/410
f 156/389/411 157/391/413 177/392/414 176/390/412
f 157/515/413 158/516/415 178/517/416 177/518/414
f 158/516/415 159/519/417 179/520/418 178/517/416
f 159/519/417 160/521/419 180/522/420 179/520/418
f 160/521/419 161/523/421 181/524/422 180/522/420
f 161/377/421 162/375/423 182/376/424 181/378/422
f 162/375/423 163/373/425 183/374/426 182/376/424
f 163/373/425 164/371/427 184/372/428 183/374/426
f 164/371/427 145/365/389 165/368/392 184/372/428
s 2
f 146/421/429 145/422/430 185/423/431
f 147/425/432 146/421/429 185/423/431
f 148/427/433 147/425/432 185/423/431
f 149/429/434 148/427/433 185/423/431
f 150/431/435 149/429/434 185/423/431
f 151/433/436 150/431/435 185/423/431
f 152/435/437 151/433/436 185/423/431
f 153/437/438 152/435/437 185/423/431
f 154/439/439 153/437/438 185/423/431
f 155/441/440 154/439/439 185/423/431
f 156/440/441 155/441/440 185/423/431
f 157/438/442 156/440/441 185/423/431
f 158/436/443 157/438/442 185/423/431
f 159/434/444 158/436/443 185/423/431
f 160/432/445 159/434/444 185/423/431
f 161/430/446 160/432/445 185/423/431
f 162/428/447 161/430/446 185/423/431
f 163/426/448 162/428/447 185/423/431
f 164/424/449 163/426/448 185/423/431
f 145/422/430 164/424/449 185/423/431
s 3
f 165/442/450 166/443/451 186/444/452
f 166/443/451 167/445/453 186/444/452
f 167/445/453 168/447/454 186/444/452
f 168/447/454 169/449/455 186/444/452
f 169/449/455 170/451/456 186/444/452
f 170/451/456 171/453/457 186/444/452
f 171/453/457 172/455/458 186/444/452
f 172/455/458 173/457/459 186/444/452
f 173/457/459 174/459/460 186/444/452
f 174/459/460 175/461/461 186/444/452
f 175/461/461 176/462/462 186/444/452
f 176/462/462 177/460/463 186/444/452
f 177/460/463 178/458/464 186/444/452
f 178/458/464 179/456/465 186/444/452
f 179/456/465 180/454/466 186/444/452
f 180/454/466 181/452/467 186/444/452
f 181/452/467 182/450/468 186/444/452
f 182/450/468 183/448/469 186/444/452
f 183/448/469 184/446/470 186/444/452
f 184/446/470 165/442/450 186/444/452
s 4
f 187/393/471 207/394/472 208/395/473 188/396/474
f 188/396/474 208/395/473 209/399/475 189/400/476
f 189/525/476 209/526/475 210/527/477 190/528/478
f 190/528/478 210/527/477 211/529/479 191/530/480
f 191/530/480 211/529/479 212/531/481 192/532/482
f 192/532/482 212/531/481 213/533/483 193/534/484
f 193/411/484 213/412/483 214/408/485 194/407/486
f 194/407/486 214/408/485 215/409/487 195/410/488
f 195/410/488 215/409/487 216/413/489 196/414/490
f 196/414/490 216/413/489 217/415/491 197/416/492
f 197/416/492 217/415/491 218/417/493 198/418/494
f 198/418/494 218/417/493 219/419/495 199/420/496
f 199/535/496 219/536/495 220/537/497 200/538/498
f 200/538/498 220/537/497 221/539/499 201/540/500
f 201/540/500 221/539/499 222/541/501 202/542/502
f 202/542/502 222/541/501 223/543/503 203/544/504
f 203/405/504 223/406/503 224/404/505 204/403/506
f 204/403/506 224/404/505 225/402/507 205/401/508
f 205/401/508 225/402/507 226/398/509 206/397/510
f 206/397/510 226/398/509 207/394/472 187/393/471
s 5
f 188/463/511 227/464/512 187/465/513
f 189/466/514 227/464/512 188/463/511
f 190/468/515 227/464/512 189/466/514
f 191/470/516 227/464/512 190/468/515
f 192/472/517 227/464/512 191/470/516
f 193/474/518 227/464/512 192/472/517
f 194/476/519 227/464/512 193/474/518
f 195/478/520 227/464/512 194/476/519
f 196/480/521 227/464/512 195/478/520
f 197/482/522 227/464/512 196/480/521
f 198/483/523 227/464/512 197/482/522
f 199/481/524 227/464/512 198/483/523
f 200/479/525 227/464/512 199/481/524
f 201/477/526 227/464/512 200/479/525
f 202/475/527 227/464/512 201/477/526
f 203/473/528 227/464/512 202/475/527
f 204/471/529 227/464/512 203/473/528
f 205/469/530 227/464/512 204/471/529
f 206/467/531 227/464/512 205/469/530
f 187/465/513 227/464/512 206/467/531
s 6
f 207/484/532 228/485/533 208/486/534
f 208/486/534 228/485/533 209/488/535
f 209/488/535 228/485/533 210/490/536
f 210/490/536 228/485/533 211/492/537
f 211/492/537 228/485/533 212/494/538
f 212/494/538 228/485/533 213/496/539
f 213/496/539 228/485/533 214/498/540
f 214/498/540 228/485/533 215/500/541
f 215/500/541 228/485/533 216/502/542
f 216/502/542 228/485/533 217/504/543
f 217/504/543 228/485/533 218/503/544
f 218/503/544 228/485/533 219/501/545
f 219/501/545 228/485/533 220/499/546
f 220/499/546 228/485/533 221/497/547
f 221/497/547 228/485/533 222/495/548
f 222/495/548 228/485/533 223/493/549
f 223/493/549 228/485/533 224/491/550
f 224/491/550 228/485/533 225/489/551
f 225/489/551 228/485/533 226/487/552
f 226/487/552 228/485/533 207/484/532
g default
v 27.027952 186.437653 11.977142
v 25.713356 186.458847 11.218456
v 24.218452 186.451477 11.481945
v 23.242723 186.419006 12.644320
v 23.242723 186.376602 14.161692
v 24.218452 186.344131 15.324066
v 25.713356 186.336761 15.587555
v 27.027952 186.357971 14.828869
v 27.547127 186.397812 13.403006
v 27.027952 192.268250 12.140055
v 25.713356 192.289459 11.381369
v 24.218452 192.282089 11.644857
v 23.242723 192.249619 12.807232
v 23.242723 192.207214 14.324604
v 24.218452 192.174744 15.486979
v 25.713356 192.167374 15.750467
v 27.027952 192.188568 14.991781
v 27.547127 192.228409 13.565918
v 25.328011 186.397812 13.403006
v 25.328011 192.228409 13.565918
vt 0.672685 0.337180
vt 0.714688 0.337170
vt 0.714727 0.498571
vt 0.672723 0.498581
vt 0.756692 0.337160
vt 0.756730 0.498561
vt 0.630681 0.337190
vt 0.630720 0.498591
vt 0.830898 0.000014
vt 0.872901 0.000008
vt 0.872926 0.161409
vt 0.830922 0.161415
vt 0.914904 0.000002
vt 0.914929 0.161402
vt 0.734086 0.659965
vt 0.770462 0.680967
vt 0.723421 0.720436
vt 0.784826 0.720438
vt 0.692721 0.667257
vt 0.770459 0.759908
vt 0.665720 0.699433
vt 0.734082 0.780909
vt 0.665719 0.741436
vt 0.692717 0.773613
vt 0.915619 0.627646
vt 0.879243 0.648649
vt 0.868578 0.588177
vt 0.837878 0.641357
vt 0.929983 0.588175
vt 0.810878 0.609181
vt 0.915616 0.548705
vt 0.810876 0.567178
vt 0.879239 0.527705
vt 0.837874 0.535000
vt 0.999996 0.161404
vt 0.957993 0.161404
vt 0.957997 0.000002
vt 1.000000 0.000004
vt 0.915990 0.161403
vt 0.915993 0.000002
vt 0.630702 0.777676
vt 0.672706 0.777681
vt 0.672685 0.939082
vt 0.630681 0.939077
vt 0.714709 0.777687
vt 0.714688 0.939088
vn 0.500000 0.024188 -0.865688
vn 0.500000 0.024188 -0.865688
vn 0.500000 0.024188 -0.865688
vn 0.500000 0.024188 -0.865688
vn -0.173649 0.027506 -0.984423
vn -0.173649 0.027506 -0.984423
vn -0.173649 0.027506 -0.984423
vn -0.173649 0.027506 -0.984423
vn -0.766044 0.017953 -0.642537
vn -0.766044 0.017953 -0.642537
vn -0.766044 0.017953 -0.642537
vn -0.766044 0.017953 -0.642537
vn -1.000000 0.000000 0.000000
vn -1.000000 0.000000 0.000000
vn -1.000000 0.000000 0.000000
vn -1.000000 0.000000 0.000000
vn -0.766045 -0.017953 0.642537
vn -0.766045 -0.017953 0.642537
vn -0.766045 -0.017953 0.642537
vn -0.766045 -0.017953 0.642537
vn -0.173649 -0.027506 0.984423
vn -0.173649 -0.027506 0.984423
vn -0.173649 -0.027506 0.984423
vn -0.173649 -0.027506 0.984423
vn 0.500000 -0.024188 0.865688
vn 0.500000 -0.024188 0.865688
vn 0.500000 -0.024188 0.865688
vn 0.500000 -0.024188 0.865688
vn 0.939693 -0.009552 0.341887
vn 0.939693 -0.009552 0.341887
vn 0.939693 -0.009552 0.341887
vn 0.939693 -0.009552 0.341887
vn 0.939692 0.009553 -0.341887
vn 0.939692 0.009553 -0.341887
vn 0.939692 0.009553 -0.341887
vn 0.939692 0.009553 -0.341887
vn 0.000004 -0.999610 -0.027920
vn 0.000001 -0.999610 -0.027930
vn 0.000002 -0.999610 -0.027928
vn 0.000003 -0.999610 -0.027920
vn 0.000002 -0.999610 -0.027930
vn 0.000005 -0.999610 -0.027930
vn 0.000001 -0.999610 -0.027928
vn 0.000000 -0.999610 -0.027937
vn 0.000002 -0.999610 -0.027930
vn 0.000000 -0.999610 -0.027930
vn 0.000002 0.999610 0.027930
vn 0.000000 0.999610 0.027937
vn 0.000002 0.999610 0.027930
vn 0.000001 0.999610 0.027923
vn 0.000005 0.999610 0.027935
vn 0.000002 0.999610 0.027940
vn 0.000003 0.999610 0.027935
vn 0.000004 0.999610 0.027932
vn 0.000001 0.999610 0.027928
vn 0.000000 0.999610 0.027911
s off
g ÇÒÑÇÑ pCylinder1
usemtl initialShadingGroup
f 229/579/553 230/580/554 239/581/555 238/582/556
f 230/580/557 231/583/558 240/584/559 239/581/560
f 231/551/561 232/545/562 241/548/563 240/552/564
f 232/545/565 233/546/566 242/547/567 241/548/568
f 233/546/569 234/549/570 243/550/571 242/547/572
f 234/585/573 235/586/574 244/587/575 243/588/576
f 235/586/577 236/589/578 245/590/579 244/587/580
f 236/553/581 237/554/582 246/555/583 245/556/584
f 237/554/585 229/557/586 238/558/587 246/555/588
s 1
f 230/559/589 229/560/590 247/561/591
f 231/563/592 230/559/589 247/561/591
f 232/565/593 231/563/592 247/561/591
f 233/567/594 232/565/593 247/561/591
f 234/568/595 233/567/594 247/561/591
f 235/566/596 234/568/595 247/561/591
f 236/564/597 235/566/596 247/561/591
f 237/562/598 236/564/597 247/561/591
f 229/560/590 237/562/598 247/561/591
s 2
f 238/569/599 239/570/600 248/571/601
f 239/570/600 240/572/602 248/571/601
f 240/572/602 241/574/603 248/571/601
f 241/574/603 242/576/604 248/571/601
f 242/576/604 243/578/605 248/571/601
f 243/578/605 244/577/606 248/571/601
f 244/577/606 245/575/607 248/571/601
f 245/575/607 246/573/608 248/571/601
f 246/573/608 238/569/599 248/571/601
g default
v -3.122512 182.305115 87.360870
v 2.494981 182.305115 87.360870
v -3.122512 187.280731 87.499893
v 2.494981 187.280731 87.499893
v -3.122512 187.642517 74.551941
v 2.494981 187.642517 74.551941
v -3.122512 182.666901 74.412918
v 2.494981 182.666901 74.412918
vt 0.317607 0.900350
vt 0.317601 0.794477
vt 0.358285 0.794475
vt 0.358292 0.900347
vt 0.916944 0.211746
vt 0.916950 0.105873
vt 0.957635 0.105876
vt 0.957628 0.211748
vt 0.829867 0.752575
vt 0.875782 0.752578
vt 0.875775 0.858451
vt 0.829860 0.858447
vt 0.624964 0.769030
vt 0.670879 0.769033
vt 0.670871 0.874906
vt 0.624956 0.874903
vt 0.379072 0.947531
vt 0.379076 0.901616
vt 0.419761 0.901620
vt 0.419756 0.947535
vt 0.829860 0.637262
vt 0.829864 0.591346
vt 0.870549 0.591350
vt 0.870544 0.637266
vn 0.000000 -0.027930 0.999610
vn 0.000000 -0.027930 0.999610
vn 0.000000 -0.027930 0.999610
vn 0.000000 -0.027930 0.999610
vn 0.000000 0.999610 0.027931
vn 0.000000 0.999610 0.027931
vn 0.000000 0.999610 0.027931
vn 0.000000 0.999610 0.027931
vn 0.000000 0.027930 -0.999610
vn 0.000000 0.027930 -0.999610
vn 0.000000 0.027930 -0.999610
vn 0.000000 0.027930 -0.999610
vn 0.000000 -0.999610 -0.027931
vn 0.000000 -0.999610 -0.027931
vn 0.000000 -0.999610 -0.027931
vn 0.000000 -0.999610 -0.027931
vn 1.000000 0.000000 0.000000
vn 1.000000 0.000000 0.000000
vn 1.000000 0.000000 0.000000
vn 1.000000 0.000000 0.000000
vn -1.000000 0.000000 0.000000
vn -1.000000 0.000000 0.000000
vn -1.000000 0.000000 0.000000
vn -1.000000 0.000000 0.000000
s off
g ÇÒÑÇÑ ÇÒÑÇÑ pCube15
usemtl initialShadingGroup
f 249/607/609 250/608/610 252/609/611 251/610/612
f 251/599/613 252/600/614 254/601/615 253/602/616
f 253/611/617 254/612/618 256/613/619 255/614/620
f 255/603/621 256/604/622 250/605/623 249/606/624
f 250/591/625 256/592/626 254/593/627 252/594/628
f 255/595/629 249/596/630 251/597/631 253/598/632
g default
v -20.085537 191.980133 -90.427780
v -21.237198 192.024399 -92.012283
v -22.934044 192.051773 -92.991890
v -24.882660 192.057480 -93.196503
v -26.746098 192.040573 -92.591209
v -28.202145 192.003967 -91.280792
v -28.999058 191.953964 -89.491440
v -28.999058 191.899246 -87.532776
v -28.202145 191.849243 -85.743568
v -26.746098 191.812637 -84.433075
v -24.882660 191.795715 -83.827858
v -22.934044 191.801437 -84.032578
v -21.237198 191.828796 -85.011887
v -20.085537 191.873077 -86.596390
v -19.678173 191.926605 -88.512169
v -20.696335 192.891998 -90.130424
v -21.684578 192.929993 -91.489914
v -23.140635 192.953461 -92.330360
v -24.812763 192.958374 -92.506119
v -26.411781 192.943863 -91.986595
v -27.661285 192.912445 -90.861992
v -28.345051 192.869553 -89.326797
v -28.345051 192.822586 -87.646088
v -27.661285 192.779694 -86.110779
v -26.411781 192.748260 -84.986198
v -24.812769 192.733765 -84.466843
v -23.140635 192.738663 -84.642509
v -21.684578 192.762146 -85.482849
v -20.696335 192.800140 -86.842499
v -20.346745 192.846069 -88.486481
v -21.468529 193.643494 -89.765427
v -22.250153 193.673538 -90.840721
v -23.401875 193.692108 -91.505592
v -24.724411 193.695984 -91.644394
v -25.989155 193.684509 -91.233658
v -26.977398 193.659653 -90.344048
v -27.518284 193.625732 -89.129768
v -27.518284 193.588593 -87.800659
v -26.977398 193.554657 -86.586174
v -25.989155 193.529800 -85.696609
v -24.724411 193.518326 -85.285866
v -23.401875 193.522217 -85.424881
v -22.250153 193.540787 -86.089508
v -21.468529 193.570831 -87.164993
v -21.192013 193.607162 -88.465210
v -22.368443 194.200958 -89.349152
v -22.909332 194.221741 -90.093285
v -23.706261 194.234589 -90.553078
v -24.621445 194.237274 -90.649300
v -25.496616 194.229340 -90.364937
v -26.180435 194.212143 -89.749542
v -26.554783 194.188660 -88.909286
v -26.554783 194.162964 -87.989365
v -26.180435 194.139481 -87.149132
v -25.496624 194.122284 -86.533546
v -24.621445 194.114334 -86.249321
v -23.706261 194.117020 -86.345406
v -22.909332 194.129883 -86.805344
v -22.368443 194.150665 -87.549507
v -22.177097 194.175812 -88.449326
v -23.356709 194.539810 -88.899452
v -23.633183 194.550446 -89.279915
v -24.040554 194.557007 -89.514954
v -24.508362 194.558380 -89.564064
v -24.955734 194.554321 -89.418785
v -25.305294 194.545532 -89.104073
v -25.496624 194.533524 -88.674644
v -25.496624 194.520386 -88.204391
v -25.305294 194.508392 -87.774963
v -24.955734 194.499603 -87.460228
v -24.508364 194.495544 -87.314926
v -24.040554 194.496918 -87.364059
v -23.633183 194.503479 -87.599121
v -23.356709 194.514114 -87.979553
v -23.258921 194.526962 -88.439514
v -24.390118 194.645782 -88.436195
v -18.789650 190.860580 -91.040970
v -20.290874 190.918304 -93.106628
v -20.658302 192.139771 -92.663940
v -19.291330 192.087219 -90.783195
v -22.502708 190.953964 -94.382927
v -22.672390 192.172256 -93.826691
v -25.042706 190.961426 -94.649895
v -24.985315 192.179047 -94.069557
v -27.471682 190.939377 -93.861137
v -27.197138 192.158981 -93.351105
v -29.369690 190.891647 -92.152710
v -28.925406 192.115509 -91.795700
v -30.408342 190.826477 -89.820396
v -29.871307 192.056168 -89.671799
v -30.408342 190.755142 -87.267380
v -29.871307 191.991211 -87.346954
v -29.369690 190.689987 -84.935158
v -28.925406 191.931870 -85.223244
v -27.471682 190.642258 -83.226814
v -27.197138 191.888412 -83.667740
v -25.042706 190.620209 -82.437897
v -24.985315 191.868347 -82.949371
v -22.502708 190.627670 -82.704773
v -22.672390 191.875137 -83.192368
v -20.290874 190.663330 -83.981270
v -20.658302 191.907608 -84.354759
v -18.789650 190.721039 -86.046631
v -19.291330 191.960159 -86.235497
v -18.258818 190.790817 -88.543900
v -18.807806 192.023697 -88.509453
vt 0.981928 0.409102
vt 0.978415 0.388525
vt 0.989410 0.387594
vt 0.992610 0.406332
vt 0.978419 0.367650
vt 0.989414 0.368584
vt 0.988859 0.428794
vt 0.998921 0.424262
vt 0.981939 0.347074
vt 0.992620 0.349848
vt 0.988878 0.327385
vt 0.998938 0.331920
vt 0.237400 0.790708
vt 0.235639 0.769907
vt 0.246674 0.769909
vt 0.248277 0.788851
vt 0.237407 0.749108
vt 0.248284 0.750970
vt 0.242642 0.810915
vt 0.253051 0.807250
vt 0.242656 0.728902
vt 0.253064 0.732572
vt 0.027791 0.623074
vt 0.019342 0.611398
vt 0.027383 0.607758
vt 0.033654 0.616478
vt 0.021812 0.629849
vt 0.011123 0.615154
vt 0.016376 0.597296
vt 0.025201 0.597242
vt 0.035308 0.604222
vt 0.039454 0.610022
vt 0.040258 0.630304
vt 0.042930 0.621892
vt 0.016874 0.635227
vt 0.004411 0.618092
vt 0.007340 0.597379
vt 0.037551 0.638926
vt 0.019404 0.583205
vt 0.027486 0.586749
vt 0.033879 0.597236
vt 0.043171 0.600768
vt 0.045232 0.603669
vt 0.045602 0.613635
vt 0.054585 0.631837
vt 0.053604 0.623065
vt 0.035227 0.645811
vt 0.000000 0.597364
vt 0.011116 0.579603
vt 0.055619 0.640816
vt 0.027902 0.571566
vt 0.033844 0.578091
vt 0.035417 0.590272
vt 0.042467 0.597280
vt 0.051024 0.597369
vt 0.048296 0.605480
vt 0.052687 0.614434
vt 0.068295 0.627410
vt 0.063832 0.619794
vt 0.056297 0.648015
vt 0.004402 0.576633
vt 0.021798 0.564903
vt 0.072891 0.635191
vt 0.040399 0.564390
vt 0.043172 0.572768
vt 0.039654 0.584538
vt 0.043244 0.593806
vt 0.051831 0.605889
vt 0.059484 0.612284
vt 0.079018 0.617792
vt 0.071845 0.612648
vt 0.076440 0.641456
vt 0.016857 0.559494
vt 0.037533 0.555820
vt 0.086381 0.623032
vt 0.054733 0.562917
vt 0.053858 0.571700
vt 0.045857 0.581021
vt 0.045366 0.590950
vt 0.055226 0.604825
vt 0.064818 0.607555
vt 0.084904 0.604644
vt 0.076259 0.602862
vt 0.092172 0.627274
vt 0.035203 0.548902
vt 0.055601 0.553922
vt 0.093761 0.606441
vt 0.068425 0.567402
vt 0.064053 0.575070
vt 0.052953 0.580332
vt 0.048466 0.589203
vt 0.057895 0.602471
vt 0.067768 0.601064
vt 0.084935 0.590240
vt 0.076313 0.592126
vt 0.100776 0.607928
vt 0.056270 0.546687
vt 0.072877 0.559537
vt 0.093758 0.588282
vt 0.079108 0.577067
vt 0.071996 0.582295
vt 0.059716 0.582588
vt 0.052009 0.588868
vt 0.059376 0.599236
vt 0.067824 0.593935
vt 0.100773 0.586753
vt 0.076416 0.553231
vt 0.086373 0.571691
vt 0.064976 0.587400
vt 0.055382 0.590003
vt 0.059414 0.595677
vt 0.092158 0.567404
vt 0.058001 0.592411
vt 0.707653 0.681802
vt 0.719923 0.698693
vt 0.724261 0.719111
vt 0.719922 0.739530
vt 0.707652 0.756418
vt 0.689573 0.766856
vt 0.668812 0.769038
vt 0.648959 0.762587
vt 0.633445 0.748618
vt 0.624956 0.729548
vt 0.624956 0.708672
vt 0.633446 0.689601
vt 0.648960 0.675632
vt 0.668813 0.669183
vt 0.689574 0.671366
vt 0.937871 0.587114
vt 0.941390 0.607690
vt 0.930396 0.608625
vt 0.927189 0.589887
vt 0.941395 0.628565
vt 0.930399 0.627634
vt 0.937881 0.649142
vt 0.927199 0.646372
vt 0.807768 0.653363
vt 0.804248 0.632787
vt 0.815244 0.631853
vt 0.818449 0.650590
vt 0.804247 0.611912
vt 0.815242 0.612844
vt 0.807763 0.591335
vt 0.818444 0.594106
vn 0.834557 0.416977 -0.360062
vn 0.611272 0.425584 -0.667252
vn 0.611304 0.425583 -0.667223
vn 0.834562 0.416977 -0.360052
vn 0.282324 0.430811 -0.857143
vn 0.282313 0.430812 -0.857147
vn -0.095489 0.431941 -0.896833
vn -0.095490 0.431941 -0.896833
vn -0.456749 0.428720 -0.779473
vn -0.456768 0.428720 -0.779463
vn -0.739089 0.421578 -0.525375
vn -0.739082 0.421579 -0.525385
vn -0.893605 0.411838 -0.178491
vn -0.893607 0.411838 -0.178482
vn -0.893611 0.401220 0.201204
vn -0.893608 0.401219 0.201217
vn -0.739097 0.391548 0.548112
vn -0.739086 0.391547 0.548127
vn -0.456772 0.384471 0.802210
vn -0.456774 0.384471 0.802209
vn -0.095487 0.381203 0.919547
vn -0.095489 0.381203 0.919547
vn 0.282301 0.382313 0.879854
vn 0.282302 0.382313 0.879853
vn 0.611276 0.387625 0.689992
vn 0.611278 0.387625 0.689990
vn 0.834572 0.396195 0.382778
vn 0.834576 0.396195 0.382771
vn 0.913560 0.406545 0.011359
vn 0.913560 0.406545 0.011358
vn 0.738968 0.596901 -0.312465
vn 0.541258 0.604527 -0.584454
vn 0.505730 0.670249 -0.543143
vn 0.690443 0.663138 -0.289028
vn 0.249973 0.609283 -0.752521
vn 0.233582 0.674672 -0.700184
vn -0.084577 0.610262 -0.787672
vn -0.079026 0.675590 -0.733030
vn -0.404427 0.607358 -0.683780
vn -0.377895 0.672879 -0.635947
vn -0.654357 0.601067 -0.458841
vn -0.611428 0.667000 -0.425754
vn -0.791205 0.592446 -0.151668
vn -0.739268 0.658956 -0.138781
vn -0.791209 0.583043 0.184527
vn -0.739270 0.650176 0.175359
vn -0.654389 0.574462 0.491700
vn -0.611440 0.642163 0.462350
vn -0.404433 0.568172 0.716669
vn -0.377889 0.636276 0.672572
vn -0.084552 0.565265 0.820565
vn -0.078997 0.633564 0.769647
vn 0.249965 0.566244 0.785420
vn 0.233556 0.634488 0.736802
vn 0.541261 0.570935 0.617309
vn 0.505720 0.638875 0.579729
vn 0.738964 0.578532 0.345301
vn 0.690446 0.645972 0.325584
vn 0.808896 0.587722 0.016423
vn 0.755791 0.654557 0.018287
vn 0.407415 0.805601 -0.430140
vn 0.556216 0.799886 -0.225400
vn 0.188160 0.809145 -0.556669
vn -0.063665 0.809892 -0.583114
vn -0.304444 0.807697 -0.504914
vn -0.492574 0.802965 -0.335586
vn -0.595558 0.796501 -0.104389
vn -0.595557 0.789434 0.148683
vn -0.492574 0.782982 0.379881
vn -0.304429 0.778243 0.549236
vn -0.063633 0.776056 0.627446
vn 0.188144 0.776800 0.600985
vn 0.407404 0.780335 0.474448
vn 0.556217 0.786057 0.269697
vn 0.608853 0.792973 0.022157
vn 0.294317 0.906838 -0.301698
vn 0.401826 0.902714 -0.153760
vn 0.135919 0.909402 -0.393084
vn -0.045991 0.909931 -0.412202
vn -0.219942 0.908353 -0.355697
vn -0.355854 0.904932 -0.233379
vn -0.430249 0.900269 -0.066350
vn -0.430246 0.895161 0.116510
vn -0.355853 0.890499 0.283514
vn -0.219935 0.887086 0.405842
vn -0.045975 0.885501 0.462357
vn 0.135915 0.886030 0.443259
vn 0.294321 0.888587 0.351837
vn 0.401828 0.892722 0.203918
vn 0.439848 0.897722 0.025091
vn 0.179044 0.968709 -0.171890
vn 0.244454 0.966199 -0.081869
vn 0.082673 0.970262 -0.227503
vn -0.027974 0.970588 -0.239115
vn -0.133805 0.969624 -0.204757
vn -0.216482 0.967550 -0.130314
vn -0.261742 0.964711 -0.028697
vn -0.261737 0.961604 0.082527
vn -0.216488 0.958762 0.184142
vn -0.133815 0.956683 0.258554
vn -0.027977 0.955724 0.292932
vn 0.082677 0.956049 0.281309
vn 0.179051 0.957601 0.225700
vn 0.244457 0.960118 0.135697
vn 0.267587 0.963158 0.026910
vn -0.000000 0.999610 0.027927
vn 0.000000 -0.999610 -0.027930
vn 0.000000 -0.999610 -0.027930
vn 0.000000 -0.999610 -0.027930
vn 0.000000 -0.999610 -0.027930
vn 0.000000 -0.999610 -0.027930
vn 0.000000 -0.999610 -0.027930
vn 0.000000 -0.999610 -0.027930
vn 0.000000 -0.999610 -0.027930
vn 0.000000 -0.999610 -0.027930
vn 0.000000 -0.999610 -0.027930
vn 0.000000 -0.999610 -0.027930
vn 0.000000 -0.999610 -0.027930
vn 0.000000 -0.999610 -0.027930
vn 0.000000 -0.999610 -0.027930
vn 0.000000 -0.999610 -0.027930
vn -0.091511 0.991337 0.094215
vn -0.091511 0.991337 0.094215
vn -0.091511 0.991337 0.094215
vn -0.091511 0.991337 0.094215
vn -0.056357 0.990519 0.125283
vn -0.056357 0.990519 0.125283
vn -0.056357 0.990519 0.125283
vn -0.056357 0.990519 0.125283
vn -0.011717 0.990187 0.139259
vn -0.011717 0.990187 0.139259
vn -0.011717 0.990187 0.139259
vn -0.011717 0.990187 0.139259
vn 0.034493 0.990403 0.133837
vn 0.034493 0.990403 0.133837
vn 0.034493 0.990403 0.133837
vn 0.034493 0.990403 0.133837
vn 0.074342 0.991116 0.110285
vn 0.074342 0.991116 0.110285
vn 0.074342 0.991116 0.110285
vn 0.074342 0.991116 0.110285
vn 0.101200 0.992199 0.072797
vn 0.101200 0.992199 0.072797
vn 0.101200 0.992199 0.072797
vn 0.101200 0.992199 0.072797
vn 0.110663 0.993470 0.027760
vn 0.110663 0.993470 0.027760
vn 0.110663 0.993470 0.027760
vn 0.110663 0.993470 0.027760
vn 0.101201 0.994716 -0.017295
vn 0.101201 0.994716 -0.017295
vn 0.101201 0.994716 -0.017295
vn 0.101201 0.994716 -0.017295
vn 0.074339 0.995727 -0.054778
vn 0.074339 0.995727 -0.054778
vn 0.074339 0.995727 -0.054778
vn 0.074339 0.995727 -0.054778
vn 0.034485 0.996329 -0.078355
vn 0.034485 0.996329 -0.078355
vn 0.034485 0.996329 -0.078355
vn 0.034485 0.996329 -0.078355
vn -0.011725 0.996419 -0.083740
vn -0.011725 0.996419 -0.083740
vn -0.011725 0.996419 -0.083740
vn -0.011725 0.996419 -0.083740
vn -0.056348 0.995969 -0.069794
vn -0.056348 0.995969 -0.069794
vn -0.056348 0.995969 -0.069794
vn -0.056348 0.995969 -0.069794
vn -0.091518 0.995051 -0.038702
vn -0.091518 0.995051 -0.038702
vn -0.091518 0.995051 -0.038702
vn -0.091518 0.995051 -0.038702
vn -0.110876 0.993825 0.004197
vn -0.110876 0.993825 0.004197
vn -0.110876 0.993825 0.004197
vn -0.110876 0.993825 0.004197
vn -0.110870 0.992510 0.051304
vn -0.110870 0.992510 0.051304
vn -0.110870 0.992510 0.051304
vn -0.110870 0.992510 0.051304
s 1
g ÇÒÑÇÑ ÇÒÑÇÑ pSphere1
usemtl initialShadingGroup
f 333/631/633 334/635/634 335/636/635 336/632/636
f 334/743/634 337/744/637 338/745/638 335/746/635
f 337/744/637 339/747/639 340/748/640 338/745/638
f 339/747/639 341/749/641 342/750/642 340/748/640
f 341/621/641 343/615/643 344/618/644 342/622/642
f 343/615/643 345/616/645 346/617/646 344/618/644
f 345/616/645 347/619/647 348/620/648 346/617/646
f 347/619/647 349/623/649 350/624/650 348/620/648
f 349/623/649 351/625/651 352/626/652 350/624/650
f 351/751/651 353/752/653 354/753/654 352/754/652
f 353/752/653 355/755/655 356/756/656 354/753/654
f 355/755/655 357/757/657 358/758/658 356/756/656
f 357/633/657 359/627/659 360/630/660 358/634/658
f 359/627/659 361/628/661 362/629/662 360/630/660
f 361/628/661 333/631/633 336/632/636 362/629/662
s 2
f 257/689/663 258/677/664 273/672/665 272/684/666
f 258/677/664 259/664/667 274/659/668 273/672/665
f 259/664/667 260/652/669 275/647/670 274/659/668
f 260/652/669 261/641/671 276/637/672 275/647/670
f 261/641/671 262/642/673 277/638/674 276/637/672
f 262/642/673 263/651/675 278/643/676 277/638/674
f 263/651/675 264/663/677 279/653/678 278/643/676
f 264/663/677 265/676/679 280/665/680 279/653/678
f 265/676/679 266/688/681 281/678/682 280/665/680
f 266/688/681 267/700/683 282/690/684 281/678/682
f 267/700/683 268/712/685 283/702/686 282/690/684
f 268/712/685 269/722/687 284/714/688 283/702/686
f 269/722/687 270/713/689 285/708/690 284/714/688
f 270/713/689 271/701/691 286/696/692 285/708/690
f 271/701/691 257/689/663 272/684/666 286/696/692
f 272/684/666 273/672/665 288/673/693 287/685/694
f 273/672/665 274/659/668 289/660/695 288/673/693
f 274/659/668 275/647/670 290/648/696 289/660/695
f 275/647/670 276/637/672 291/640/697 290/648/696
f 276/637/672 277/638/674 292/639/698 291/640/697
f 277/638/674 278/643/676 293/644/699 292/639/698
f 278/643/676 279/653/678 294/654/700 293/644/699
f 279/653/678 280/665/680 295/666/701 294/654/700
f 280/665/680 281/678/682 296/679/702 295/666/701
f 281/678/682 282/690/684 297/691/703 296/679/702
f 282/690/684 283/702/686 298/703/704 297/691/703
f 283/702/686 284/714/688 299/715/705 298/703/704
f 284/714/688 285/708/690 300/709/706 299/715/705
f 285/708/690 286/696/692 301/697/707 300/709/706
f 286/696/692 272/684/666 287/685/694 301/697/707
f 287/685/694 288/673/693 303/683/708 302/695/709
f 288/673/693 289/660/695 304/671/710 303/683/708
f 289/660/695 290/648/696 305/658/711 304/671/710
f 290/648/696 291/640/697 306/646/712 305/658/711
f 291/640/697 292/639/698 307/645/713 306/646/712
f 292/639/698 293/644/699 308/655/714 307/645/713
f 293/644/699 294/654/700 309/667/715 308/655/714
f 294/654/700 295/666/701 310/680/716 309/667/715
f 295/666/701 296/679/702 311/692/717 310/680/716
f 296/679/702 297/691/703 312/704/718 311/692/717
f 297/691/703 298/703/704 313/716/719 312/704/718
f 298/703/704 299/715/705 314/723/720 313/716/719
f 299/715/705 300/709/706 315/719/721 314/723/720
f 300/709/706 301/697/707 316/707/722 315/719/721
f 301/697/707 287/685/694 302/695/709 316/707/722
f 302/695/709 303/683/708 318/694/723 317/706/724
f 303/683/708 304/671/710 319/682/725 318/694/723
f 304/671/710 305/658/711 320/670/726 319/682/725
f 305/658/711 306/646/712 321/657/727 320/670/726
f 306/646/712 307/645/713 322/656/728 321/657/727
f 307/645/713 308/655/714 323/668/729 322/656/728
f 308/655/714 309/667/715 324/681/730 323/668/729
f 309/667/715 310/680/716 325/693/731 324/681/730
f 310/680/716 311/692/717 326/705/732 325/693/731
f 311/692/717 312/704/718 327/717/733 326/705/732
f 312/704/718 313/716/719 328/724/734 327/717/733
f 313/716/719 314/723/720 329/727/735 328/724/734
f 314/723/720 315/719/721 330/725/736 329/727/735
f 315/719/721 316/707/722 331/718/737 330/725/736
f 316/707/722 302/695/709 317/706/724 331/718/737
f 317/706/724 318/694/723 332/669/738
f 318/694/723 319/682/725 332/669/738
f 319/682/725 320/670/726 332/669/738
f 320/670/726 321/657/727 332/669/738
f 321/657/727 322/656/728 332/669/738
f 322/656/728 323/668/729 332/669/738
f 323/668/729 324/681/730 332/669/738
f 324/681/730 325/693/731 332/669/738
f 325/693/731 326/705/732 332/669/738
f 326/705/732 327/717/733 332/669/738
f 327/717/733 328/724/734 332/669/738
f 328/724/734 329/727/735 332/669/738
f 329/727/735 330/725/736 332/669/738
f 330/725/736 331/718/737 332/669/738
f 331/718/737 317/706/724 332/669/738
s off
f 334/728/739 333/729/740 361/730/741 359/731/742 357/732/743 355/733/744 353/734/745 351/735/746 349/736/747 347/737/748 345/738/749 343/739/750 341/740/751 339/741/752 337/742/753
f 258/677/754 257/689/755 336/698/756 335/686/757
f 259/664/758 258/677/759 335/686/760 338/674/761
f 260/652/762 259/664/763 338/674/764 340/661/765
f 261/641/766 260/652/767 340/661/768 342/649/769
f 262/642/770 261/641/771 342/649/772 344/650/773
f 263/651/774 262/642/775 344/650/776 346/662/777
f 264/663/778 263/651/779 346/662/780 348/675/781
f 265/676/782 264/663/783 348/675/784 350/687/785
f 266/688/786 265/676/787 350/687/788 352/699/789
f 267/700/790 266/688/791 352/699/792 354/711/793
f 268/712/794 267/700/795 354/711/796 356/721/797
f 269/722/798 268/712/799 356/721/800 358/726/801
f 270/713/802 269/722/803 358/726/804 360/720/805
f 271/701/806 270/713/807 360/720/808 362/710/809
f 257/689/810 271/701/811 362/710/812 336/698/813
g default
v 0.955637 191.980133 -43.816925
v -0.196024 192.024399 -45.401428
v -1.892870 192.051773 -46.381035
v -3.841486 192.057480 -46.585648
v -5.704924 192.040573 -45.980354
v -7.160971 192.003967 -44.669937
v -7.957884 191.953964 -42.880585
v -7.957884 191.899246 -40.921921
v -7.160971 191.849243 -39.132713
v -5.704924 191.812637 -37.822220
v -3.841486 191.795715 -37.217003
v -1.892870 191.801437 -37.421722
v -0.196024 191.828796 -38.401031
v 0.955637 191.873077 -39.985535
v 1.363001 191.926605 -41.901314
v 0.344839 192.891998 -43.519569
v -0.643404 192.929993 -44.879059
v -2.099461 192.953461 -45.719505
v -3.771590 192.958374 -45.895264
v -5.370607 192.943863 -45.375740
v -6.620111 192.912445 -44.251137
v -7.303877 192.869553 -42.715942
v -7.303877 192.822586 -41.035233
v -6.620111 192.779694 -39.499924
v -5.370607 192.748260 -38.375343
v -3.771595 192.733765 -37.855988
v -2.099461 192.738663 -38.031654
v -0.643404 192.762146 -38.871994
v 0.344839 192.800140 -40.231644
v 0.694429 192.846069 -41.875626
v -0.427355 193.643494 -43.154572
v -1.208979 193.673538 -44.229866
v -2.360701 193.692108 -44.894737
v -3.683238 193.695984 -45.033539
v -4.947981 193.684509 -44.622803
v -5.936224 193.659653 -43.733192
v -6.477110 193.625732 -42.518913
v -6.477110 193.588593 -41.189804
v -5.936224 193.554657 -39.975319
v -4.947981 193.529800 -39.085754
v -3.683238 193.518326 -38.675011
v -2.360701 193.522217 -38.814026
v -1.208979 193.540787 -39.478653
v -0.427355 193.570831 -40.554138
v -0.150839 193.607162 -41.854355
v -1.327269 194.200958 -42.738297
v -1.868158 194.221741 -43.482430
v -2.665087 194.234589 -43.942223
v -3.580271 194.237274 -44.038445
v -4.455442 194.229340 -43.754082
v -5.139261 194.212143 -43.138687
v -5.513609 194.188660 -42.298431
v -5.513609 194.162964 -41.378510
v -5.139261 194.139481 -40.538277
v -4.455450 194.122284 -39.922691
v -3.580271 194.114334 -39.638466
v -2.665087 194.117020 -39.734550
v -1.868158 194.129883 -40.194489
v -1.327269 194.150665 -40.938652
v -1.135923 194.175812 -41.838470
v -2.315535 194.539810 -42.288597
v -2.592009 194.550446 -42.669060
v -2.999379 194.557007 -42.904099
v -3.467188 194.558380 -42.953209
v -3.914560 194.554321 -42.807930
v -4.264120 194.545532 -42.493217
v -4.455450 194.533524 -42.063789
v -4.455450 194.520386 -41.593536
v -4.264120 194.508392 -41.164108
v -3.914560 194.499603 -40.849373
v -3.467189 194.495544 -40.704071
v -2.999379 194.496918 -40.753204
v -2.592009 194.503479 -40.988266
v -2.315535 194.514114 -41.368698
v -2.217747 194.526962 -41.828659
v -3.348943 194.645782 -41.825340
v 2.251525 190.860580 -44.430115
v 0.750299 190.918304 -46.495773
v 0.382871 192.139771 -46.053085
v 1.749844 192.087219 -44.172340
v -1.461535 190.953964 -47.772072
v -1.631215 192.172256 -47.215836
v -4.001531 190.961426 -48.039040
v -3.944141 192.179047 -47.458702
v -6.430508 190.939377 -47.250282
v -6.155964 192.158981 -46.740250
v -8.328516 190.891647 -45.541855
v -7.884231 192.115509 -45.184845
v -9.367168 190.826477 -43.209541
v -8.830133 192.056168 -43.060944
v -9.367168 190.755142 -40.656525
v -8.830133 191.991211 -40.736099
v -8.328516 190.689987 -38.324303
v -7.884231 191.931870 -38.612389
v -6.430508 190.642258 -36.615959
v -6.155964 191.888412 -37.056885
v -4.001531 190.620209 -35.827042
v -3.944141 191.868347 -36.338516
v -1.461535 190.627670 -36.093925
v -1.631215 191.875137 -36.581512
v 0.750299 190.663330 -37.370415
v 0.382871 191.907608 -37.743904
v 2.251525 190.721039 -39.435776
v 1.749844 191.960159 -39.624641
v 2.782356 190.790817 -41.933044
v 2.233368 192.023697 -41.898598
vt 0.981928 0.206341
vt 0.978415 0.185764
vt 0.989410 0.184832
vt 0.992610 0.203571
vt 0.978419 0.164888
vt 0.989414 0.165823
vt 0.988859 0.226033
vt 0.998921 0.221501
vt 0.981939 0.144313
vt 0.992620 0.147087
vt 0.988878 0.124624
vt 0.998938 0.129159
vt 0.980175 0.692886
vt 0.978415 0.672085
vt 0.989449 0.672087
vt 0.991053 0.691028
vt 0.980183 0.651286
vt 0.991060 0.653148
vt 0.985417 0.713092
vt 0.995826 0.709428
vt 0.985432 0.631080
vt 0.995839 0.634750
vt 0.724464 0.667729
vt 0.716015 0.656053
vt 0.724055 0.652413
vt 0.730326 0.661133
vt 0.718484 0.674504
vt 0.707796 0.659810
vt 0.713048 0.641951
vt 0.721873 0.641897
vt 0.731980 0.648877
vt 0.736127 0.654677
vt 0.736930 0.674959
vt 0.739602 0.666547
vt 0.713547 0.679882
vt 0.701083 0.662748
vt 0.704012 0.642035
vt 0.734223 0.683581
vt 0.716076 0.627860
vt 0.724159 0.631404
vt 0.730551 0.641891
vt 0.739843 0.645423
vt 0.741905 0.648324
vt 0.742274 0.658290
vt 0.751257 0.676492
vt 0.750276 0.667721
vt 0.731899 0.690466
vt 0.696672 0.642019
vt 0.707789 0.624258
vt 0.752291 0.685471
vt 0.724574 0.616221
vt 0.730516 0.622746
vt 0.732089 0.634928
vt 0.739139 0.641935
vt 0.747697 0.642024
vt 0.744968 0.650135
vt 0.749359 0.659089
vt 0.764968 0.672065
vt 0.760505 0.664449
vt 0.752969 0.692671
vt 0.701075 0.621289
vt 0.718471 0.609558
vt 0.769564 0.679847
vt 0.737072 0.609045
vt 0.739845 0.617423
vt 0.736326 0.629193
vt 0.739916 0.638462
vt 0.748503 0.650544
vt 0.756156 0.656939
vt 0.775690 0.662447
vt 0.768517 0.657304
vt 0.773113 0.686111
vt 0.713529 0.604149
vt 0.734206 0.600475
vt 0.783053 0.667687
vt 0.751405 0.607573
vt 0.750530 0.616355
vt 0.742529 0.625676
vt 0.742038 0.635606
vt 0.751899 0.649480
vt 0.761490 0.652210
vt 0.781576 0.649300
vt 0.772932 0.647517
vt 0.788845 0.671929
vt 0.731875 0.593557
vt 0.752273 0.598578
vt 0.790433 0.651097
vt 0.765097 0.612057
vt 0.760725 0.619725
vt 0.749626 0.624987
vt 0.745139 0.633858
vt 0.754568 0.647126
vt 0.764441 0.645719
vt 0.781608 0.634895
vt 0.772985 0.636781
vt 0.797448 0.652583
vt 0.752942 0.591342
vt 0.769549 0.604192
vt 0.790430 0.632937
vt 0.775780 0.621722
vt 0.768668 0.626950
vt 0.756389 0.627243
vt 0.748682 0.633523
vt 0.756049 0.643891
vt 0.764496 0.638590
vt 0.797445 0.631408
vt 0.773089 0.597886
vt 0.783046 0.616346
vt 0.761648 0.632055
vt 0.752054 0.634658
vt 0.756086 0.640333
vt 0.788831 0.612060
vt 0.754673 0.637067
vt 0.482259 0.640689
vt 0.494529 0.657579
vt 0.498867 0.677997
vt 0.494529 0.698417
vt 0.482258 0.715305
vt 0.464179 0.725742
vt 0.443418 0.727924
vt 0.423565 0.721473
vt 0.408051 0.707505
vt 0.399562 0.688434
vt 0.399562 0.667559
vt 0.408052 0.648488
vt 0.423566 0.634519
vt 0.443419 0.628069
vt 0.464180 0.630253
vt 0.676618 0.591326
vt 0.680138 0.611902
vt 0.669144 0.612838
vt 0.665937 0.594099
vt 0.680142 0.632778
vt 0.669147 0.631846
vt 0.676629 0.653355
vt 0.665947 0.650584
vt 0.981936 0.856682
vt 0.978416 0.836106
vt 0.989412 0.835172
vt 0.992617 0.853909
vt 0.978415 0.815231
vt 0.989410 0.816163
vt 0.981931 0.794654
vt 0.992612 0.797425
vn 0.834557 0.416979 -0.360059
vn 0.611271 0.425584 -0.667252
vn 0.611303 0.425584 -0.667224
vn 0.834562 0.416979 -0.360050
vn 0.282325 0.430810 -0.857144
vn 0.282314 0.430810 -0.857147
vn -0.095490 0.431940 -0.896833
vn -0.095490 0.431940 -0.896833
vn -0.456750 0.428720 -0.779473
vn -0.456768 0.428720 -0.779463
vn -0.739088 0.421580 -0.525375
vn -0.739080 0.421580 -0.525386
vn -0.893605 0.411839 -0.178491
vn -0.893607 0.411839 -0.178481
vn -0.893610 0.401221 0.201204
vn -0.893607 0.401220 0.201217
vn -0.739097 0.391549 0.548111
vn -0.739086 0.391548 0.548126
vn -0.456772 0.384471 0.802210
vn -0.456774 0.384471 0.802209
vn -0.095487 0.381203 0.919547
vn -0.095488 0.381203 0.919547
vn 0.282303 0.382311 0.879854
vn 0.282303 0.382311 0.879854
vn 0.611275 0.387624 0.689993
vn 0.611276 0.387624 0.689992
vn 0.834573 0.396196 0.382776
vn 0.834576 0.396196 0.382769
vn 0.913560 0.406545 0.011360
vn 0.913560 0.406545 0.011359
vn 0.738969 0.596901 -0.312465
vn 0.541257 0.604528 -0.584455
vn 0.505727 0.670250 -0.543143
vn 0.690443 0.663138 -0.289028
vn 0.249974 0.609282 -0.752521
vn 0.233581 0.674672 -0.700184
vn -0.084577 0.610262 -0.787672
vn -0.079024 0.675590 -0.733030
vn -0.404430 0.607358 -0.683779
vn -0.377897 0.672879 -0.635947
vn -0.654357 0.601068 -0.458841
vn -0.611430 0.666999 -0.425754
vn -0.791204 0.592447 -0.151668
vn -0.739268 0.658956 -0.138781
vn -0.791208 0.583043 0.184527
vn -0.739270 0.650177 0.175359
vn -0.654390 0.574461 0.491699
vn -0.611441 0.642162 0.462350
vn -0.404433 0.568171 0.716670
vn -0.377890 0.636276 0.672572
vn -0.084551 0.565264 0.820565
vn -0.078997 0.633564 0.769647
vn 0.249964 0.566245 0.785420
vn 0.233556 0.634488 0.736801
vn 0.541261 0.570935 0.617308
vn 0.505720 0.638875 0.579729
vn 0.738963 0.578533 0.345301
vn 0.690446 0.645972 0.325584
vn 0.808897 0.587721 0.016423
vn 0.755792 0.654557 0.018287
vn 0.407412 0.805601 -0.430142
vn 0.556216 0.799886 -0.225402
vn 0.188156 0.809146 -0.556669
vn -0.063662 0.809892 -0.583115
vn -0.304444 0.807697 -0.504915
vn -0.492576 0.802964 -0.335586
vn -0.595558 0.796501 -0.104389
vn -0.595556 0.789434 0.148683
vn -0.492574 0.782982 0.379881
vn -0.304430 0.778243 0.549236
vn -0.063634 0.776056 0.627445
vn 0.188144 0.776800 0.600985
vn 0.407404 0.780334 0.474448
vn 0.556217 0.786057 0.269697
vn 0.608853 0.792973 0.022157
vn 0.294316 0.906838 -0.301702
vn 0.401826 0.902714 -0.153764
vn 0.135918 0.909402 -0.393083
vn -0.045990 0.909931 -0.412202
vn -0.219941 0.908353 -0.355697
vn -0.355854 0.904932 -0.233379
vn -0.430249 0.900269 -0.066351
vn -0.430246 0.895161 0.116510
vn -0.355854 0.890499 0.283514
vn -0.219934 0.887086 0.405842
vn -0.045975 0.885502 0.462356
vn 0.135914 0.886029 0.443260
vn 0.294322 0.888586 0.351838
vn 0.401829 0.892721 0.203918
vn 0.439849 0.897721 0.025091
vn 0.179044 0.968708 -0.171896
vn 0.244454 0.966199 -0.081863
vn 0.082673 0.970259 -0.227512
vn -0.027974 0.970588 -0.239117
vn -0.133805 0.969624 -0.204756
vn -0.216481 0.967551 -0.130314
vn -0.261742 0.964711 -0.028697
vn -0.261739 0.961604 0.082527
vn -0.216488 0.958763 0.184136
vn -0.133813 0.956684 0.258552
vn -0.027976 0.955724 0.292933
vn 0.082676 0.956049 0.281311
vn 0.179052 0.957600 0.225703
vn 0.244458 0.960118 0.135697
vn 0.267587 0.963158 0.026916
vn -0.000000 0.999610 0.027925
vn 0.000000 -0.999610 -0.027930
vn 0.000000 -0.999610 -0.027930
vn 0.000000 -0.999610 -0.027930
vn 0.000000 -0.999610 -0.027930
vn 0.000000 -0.999610 -0.027930
vn 0.000000 -0.999610 -0.027930
vn 0.000000 -0.999610 -0.027930
vn 0.000000 -0.999610 -0.027930
vn 0.000000 -0.999610 -0.027930
vn 0.000000 -0.999610 -0.027930
vn 0.000000 -0.999610 -0.027930
vn 0.000000 -0.999610 -0.027930
vn 0.000000 -0.999610 -0.027930
vn 0.000000 -0.999610 -0.027930
vn 0.000000 -0.999610 -0.027930
vn -0.091511 0.991336 0.094232
vn -0.091511 0.991336 0.094232
vn -0.091511 0.991336 0.094232
vn -0.091511 0.991336 0.094232
vn -0.056357 0.990519 0.125283
vn -0.056357 0.990519 0.125283
vn -0.056357 0.990519 0.125283
vn -0.056357 0.990519 0.125283
vn -0.011718 0.990187 0.139259
vn -0.011718 0.990187 0.139259
vn -0.011718 0.990187 0.139259
vn -0.011718 0.990187 0.139259
vn 0.034493 0.990403 0.133837
vn 0.034493 0.990403 0.133837
vn 0.034493 0.990403 0.133837
vn 0.034493 0.990403 0.133837
vn 0.074342 0.991116 0.110285
vn 0.074342 0.991116 0.110285
vn 0.074342 0.991116 0.110285
vn 0.074342 0.991116 0.110285
vn 0.101200 0.992199 0.072797
vn 0.101200 0.992199 0.072797
vn 0.101200 0.992199 0.072797
vn 0.101200 0.992199 0.072797
vn 0.110663 0.993470 0.027760
vn 0.110663 0.993470 0.027760
vn 0.110663 0.993470 0.027760
vn 0.110663 0.993470 0.027760
vn 0.101201 0.994716 -0.017295
vn 0.101201 0.994716 -0.017295
vn 0.101201 0.994716 -0.017295
vn 0.101201 0.994716 -0.017295
vn 0.074339 0.995727 -0.054794
vn 0.074339 0.995727 -0.054794
vn 0.074339 0.995727 -0.054794
vn 0.074339 0.995727 -0.054794
vn 0.034485 0.996329 -0.078355
vn 0.034485 0.996329 -0.078355
vn 0.034485 0.996329 -0.078355
vn 0.034485 0.996329 -0.078355
vn -0.011724 0.996419 -0.083740
vn -0.011724 0.996419 -0.083740
vn -0.011724 0.996419 -0.083740
vn -0.011724 0.996419 -0.083740
vn -0.056349 0.995969 -0.069794
vn -0.056349 0.995969 -0.069794
vn -0.056349 0.995969 -0.069794
vn -0.056349 0.995969 -0.069794
vn -0.091518 0.995051 -0.038702
vn -0.091518 0.995051 -0.038702
vn -0.091518 0.995051 -0.038702
vn -0.091518 0.995051 -0.038702
vn -0.110875 0.993825 0.004197
vn -0.110876 0.993825 0.004197
vn -0.110875 0.993825 0.004197
vn -0.110875 0.993825 0.004197
vn -0.110871 0.992510 0.051304
vn -0.110871 0.992510 0.051304
vn -0.110871 0.992510 0.051304
vn -0.110871 0.992510 0.051304
s 1
g ÇÒÑÇÑ ÇÒÑÇÑ pSphere6
usemtl initialShadingGroup
f 439/775/814 440/779/815 441/780/816 442/776/817
f 440/887/815 443/888/818 444/889/819 441/890/816
f 443/888/818 445/891/820 446/892/821 444/889/819
f 445/891/820 447/893/822 448/894/823 446/892/821
f 447/765/822 449/759/824 450/762/825 448/766/823
f 449/759/824 451/760/826 452/761/827 450/762/825
f 451/760/826 453/763/828 454/764/829 452/761/827
f 453/763/828 455/767/830 456/768/831 454/764/829
f 455/767/830 457/769/832 458/770/833 456/768/831
f 457/895/832 459/896/834 460/897/835 458/898/833
f 459/896/834 461/899/836 462/900/837 460/897/835
f 461/899/836 463/901/838 464/902/839 462/900/837
f 463/777/838 465/771/840 466/774/841 464/778/839
f 465/771/840 467/772/842 468/773/843 466/774/841
f 467/772/842 439/775/814 442/776/817 468/773/843
s 2
f 363/833/844 364/821/845 379/816/846 378/828/847
f 364/821/845 365/808/848 380/803/849 379/816/846
f 365/808/848 366/796/850 381/791/851 380/803/849
f 366/796/850 367/785/852 382/781/853 381/791/851
f 367/785/852 368/786/854 383/782/855 382/781/853
f 368/786/854 369/795/856 384/787/857 383/782/855
f 369/795/856 370/807/858 385/797/859 384/787/857
f 370/807/858 371/820/860 386/809/861 385/797/859
f 371/820/860 372/832/862 387/822/863 386/809/861
f 372/832/862 373/844/864 388/834/865 387/822/863
f 373/844/864 374/856/866 389/846/867 388/834/865
f 374/856/866 375/866/868 390/858/869 389/846/867
f 375/866/868 376/857/870 391/852/871 390/858/869
f 376/857/870 377/845/872 392/840/873 391/852/871
f 377/845/872 363/833/844 378/828/847 392/840/873
f 378/828/847 379/816/846 394/817/874 393/829/875
f 379/816/846 380/803/849 395/804/876 394/817/874
f 380/803/849 381/791/851 396/792/877 395/804/876
f 381/791/851 382/781/853 397/784/878 396/792/877
f 382/781/853 383/782/855 398/783/879 397/784/878
f 383/782/855 384/787/857 399/788/880 398/783/879
f 384/787/857 385/797/859 400/798/881 399/788/880
f 385/797/859 386/809/861 401/810/882 400/798/881
f 386/809/861 387/822/863 402/823/883 401/810/882
f 387/822/863 388/834/865 403/835/884 402/823/883
f 388/834/865 389/846/867 404/847/885 403/835/884
f 389/846/867 390/858/869 405/859/886 404/847/885
f 390/858/869 391/852/871 406/853/887 405/859/886
f 391/852/871 392/840/873 407/841/888 406/853/887
f 392/840/873 378/828/847 393/829/875 407/841/888
f 393/829/875 394/817/874 409/827/889 408/839/890
f 394/817/874 395/804/876 410/815/891 409/827/889
f 395/804/876 396/792/877 411/802/892 410/815/891
f 396/792/877 397/784/878 412/790/893 411/802/892
f 397/784/878 398/783/879 413/789/894 412/790/893
f 398/783/879 399/788/880 414/799/895 413/789/894
f 399/788/880 400/798/881 415/811/896 414/799/895
f 400/798/881 401/810/882 416/824/897 415/811/896
f 401/810/882 402/823/883 417/836/898 416/824/897
f 402/823/883 403/835/884 418/848/899 417/836/898
f 403/835/884 404/847/885 419/860/900 418/848/899
f 404/847/885 405/859/886 420/867/901 419/860/900
f 405/859/886 406/853/887 421/863/902 420/867/901
f 406/853/887 407/841/888 422/851/903 421/863/902
f 407/841/888 393/829/875 408/839/890 422/851/903
f 408/839/890 409/827/889 424/838/904 423/850/905
f 409/827/889 410/815/891 425/826/906 424/838/904
f 410/815/891 411/802/892 426/814/907 425/826/906
f 411/802/892 412/790/893 427/801/908 426/814/907
f 412/790/893 413/789/894 428/800/909 427/801/908
f 413/789/894 414/799/895 429/812/910 428/800/909
f 414/799/895 415/811/896 430/825/911 429/812/910
f 415/811/896 416/824/897 431/837/912 430/825/911
f 416/824/897 417/836/898 432/849/913 431/837/912
f 417/836/898 418/848/899 433/861/914 432/849/913
f 418/848/899 419/860/900 434/868/915 433/861/914
f 419/860/900 420/867/901 435/871/916 434/868/915
f 420/867/901 421/863/902 436/869/917 435/871/916
f 421/863/902 422/851/903 437/862/918 436/869/917
f 422/851/903 408/839/890 423/850/905 437/862/918
f 423/850/905 424/838/904 438/813/919
f 424/838/904 425/826/906 438/813/919
f 425/826/906 426/814/907 438/813/919
f 426/814/907 427/801/908 438/813/919
f 427/801/908 428/800/909 438/813/919
f 428/800/909 429/812/910 438/813/919
f 429/812/910 430/825/911 438/813/919
f 430/825/911 431/837/912 438/813/919
f 431/837/912 432/849/913 438/813/919
f 432/849/913 433/861/914 438/813/919
f 433/861/914 434/868/915 438/813/919
f 434/868/915 435/871/916 438/813/919
f 435/871/916 436/869/917 438/813/919
f 436/869/917 437/862/918 438/813/919
f 437/862/918 423/850/905 438/813/919
s off
f 440/872/920 439/873/921 467/874/922 465/875/923 463/876/924 461/877/925 459/878/926 457/879/927 455/880/928 453/881/929 451/882/930 449/883/931 447/884/932 445/885/933 443/886/934
f 364/821/935 363/833/936 442/842/937 441/830/938
f 365/808/939 364/821/940 441/830/941 444/818/942
f 366/796/943 365/808/944 444/818/945 446/805/946
f 367/785/947 366/796/948 446/805/949 448/793/950
f 368/786/951 367/785/952 448/793/953 450/794/954
f 369/795/955 368/786/956 450/794/957 452/806/958
f 370/807/959 369/795/960 452/806/961 454/819/962
f 371/820/963 370/807/964 454/819/965 456/831/966
f 372/832/967 371/820/968 456/831/969 458/843/970
f 373/844/971 372/832/972 458/843/973 460/855/974
f 374/856/975 373/844/976 460/855/977 462/865/978
f 375/866/979 374/856/980 462/865/981 464/870/982
f 376/857/983 375/866/984 464/870/985 466/864/986
f 377/845/987 376/857/988 466/864/989 468/854/990
f 363/833/991 377/845/992 468/854/993 442/842/994
g default
v 327.614716 186.026611 27.228350
v 319.597015 186.026611 24.065241
v 313.017609 186.026611 29.632963
v 311.730621 186.026611 40.670021
v 316.489899 186.026611 50.711067
v 324.507507 186.026611 53.874184
v 331.086975 186.026611 48.306450
v 332.373962 186.026611 37.269386
v 327.191315 190.029785 28.122097
v 319.783936 190.029785 25.199774
v 313.705353 190.029785 30.343678
v 312.516296 190.029785 40.540596
v 316.913300 190.029785 49.817307
v 324.320679 190.029785 52.739639
v 330.399261 190.029785 47.595726
v 331.588318 190.029785 37.398827
v 325.985474 193.423523 30.667309
v 320.316193 193.423523 28.430645
v 315.663818 193.423523 32.367626
v 314.753754 193.423523 40.172012
v 318.119049 193.423523 47.272110
v 323.788422 193.423523 49.508774
v 328.440796 193.423523 45.571777
v 329.350861 193.423523 37.767410
v 324.180939 195.691132 34.476494
v 321.112732 195.691132 33.266006
v 318.594879 195.691132 35.396679
v 318.102356 195.691132 39.620399
v 319.923676 195.691132 43.462936
v 322.991882 195.691132 44.673397
v 325.509735 195.691132 42.542728
v 326.002258 195.691132 38.319035
v 322.052246 196.487396 38.969707
v -327.614685 186.026611 27.228352
v -319.596985 186.026611 24.065228
v -313.017639 186.026611 29.632954
v -311.730591 186.026611 40.670017
v -316.489929 186.026611 50.711063
v -324.507568 186.026611 53.874172
v -331.086975 186.026611 48.306438
v -332.373962 186.026611 37.269375
v -327.191345 190.029785 28.122097
v -319.783936 190.029785 25.199764
v -313.705383 190.029785 30.343678
v -312.516357 190.029785 40.540592
v -316.913269 190.029785 49.817310
v -324.320679 190.029785 52.739643
v -330.399292 190.029785 47.595730
v -331.588318 190.029785 37.398815
v -325.985535 193.423523 30.667309
v -320.316162 193.423523 28.430637
v -315.663757 193.423523 32.367619
v -314.753784 193.423523 40.172009
v -318.119080 193.423523 47.272106
v -323.788391 193.423523 49.508762
v -328.440735 193.423523 45.571781
v -329.350891 193.423523 37.767399
v -324.180908 195.691132 34.476482
v -321.112732 195.691132 33.266003
v -318.594849 195.691132 35.396671
v -318.102356 195.691132 39.620388
v -319.923645 195.691132 43.462925
v -322.991821 195.691132 44.673397
v -325.509705 195.691132 42.542713
v -326.002258 195.691132 38.319027
v -322.052246 196.487396 38.969707
vt 0.516920 0.713025
vt 0.670736 0.692956
vt 0.670754 0.749036
vt 0.532304 0.767684
vt 0.824503 0.712904
vt 0.809224 0.767615
vt 0.670770 0.803793
vt 0.564594 0.820439
vt 0.403274 0.747225
vt 0.427392 0.799232
vt 0.776959 0.820385
vt 0.670785 0.858258
vt 0.611678 0.869262
vt 0.729899 0.869231
vt 0.122228 0.667574
vt 0.276044 0.647505
vt 0.276061 0.703585
vt 0.137611 0.722232
vt 0.429810 0.667453
vt 0.414531 0.722164
vt 0.276077 0.758342
vt 0.169901 0.774988
vt 0.008580 0.701773
vt 0.032699 0.753780
vt 0.382267 0.774934
vt 0.276092 0.812806
vt 0.216986 0.823811
vt 0.335206 0.823780
vt 0.843733 0.113660
vt 0.898397 0.129028
vt 0.879789 0.267484
vt 0.823708 0.267482
vt 0.877901 0.000004
vt 0.929915 0.024108
vt 0.951160 0.161303
vt 0.934546 0.267484
vt 0.898406 0.405948
vt 0.843700 0.421242
vt 0.999997 0.208374
vt 0.989010 0.267484
vt 0.951167 0.373668
vt 1.000000 0.326594
vt 0.736480 0.391211
vt 0.791143 0.406579
vt 0.772535 0.545034
vt 0.716454 0.545033
vt 0.770646 0.277554
vt 0.822660 0.301657
vt 0.843908 0.438854
vt 0.827292 0.545034
vt 0.791152 0.683499
vt 0.736446 0.698793
vt 0.892744 0.485924
vt 0.881756 0.545034
vt 0.843913 0.651219
vt 0.892747 0.604145
vt 0.456633 0.309065
vt 0.420419 0.234456
vt 0.492788 0.234376
vt 0.514534 0.273912
vt 0.401381 0.337147
vt 0.356082 0.234527
vt 0.456467 0.159767
vt 0.514446 0.194792
vt 0.571378 0.234288
vt 0.401153 0.131808
vt 0.571441 0.290311
vt 0.571316 0.178267
vt 0.628311 0.273786
vt 0.628223 0.194667
vt 0.649969 0.234202
vt 0.722338 0.234122
vt 0.686289 0.308811
vt 0.686124 0.159512
vt 0.786675 0.234051
vt 0.741603 0.336770
vt 0.741376 0.131431
vt 0.315674 0.257092
vt 0.396684 0.343621
vt 0.396694 0.496433
vt 0.315699 0.626015
vt 0.201143 0.656458
vt 0.120134 0.569930
vt 0.120124 0.417118
vt 0.201119 0.287536
vt 0.457037 0.610169
vt 0.492130 0.552231
vt 0.531688 0.573935
vt 0.531685 0.646304
vt 0.531692 0.495344
vt 0.571249 0.552234
vt 0.606337 0.610176
vt 0.429015 0.665451
vt 0.531683 0.710641
vt 0.475669 0.495342
vt 0.634354 0.665460
vt 0.492134 0.438454
vt 0.587713 0.495346
vt 0.531695 0.416753
vt 0.571254 0.438457
vt 0.531698 0.344385
vt 0.457047 0.380513
vt 0.606345 0.380519
vt 0.531700 0.280047
vt 0.429029 0.325229
vt 0.634368 0.325237
vt 0.399367 0.081026
vt 0.368923 0.195580
vt 0.239341 0.276576
vt 0.086528 0.276565
vt 0.000000 0.195556
vt 0.030444 0.081001
vt 0.160026 0.000006
vt 0.312838 0.000016
vt 0.580100 0.000005
vt 0.580098 0.118537
vt 0.523398 0.110419
vt 0.523400 0.000910
vt 0.583460 0.118532
vt 0.583462 0.000001
vt 0.640162 0.008118
vt 0.640160 0.117627
vt 0.459974 0.118532
vt 0.403274 0.117619
vt 0.403290 0.008109
vt 0.459991 0.000000
vt 0.463353 0.000006
vt 0.520054 0.000919
vt 0.520037 0.110428
vt 0.463336 0.118537
vn 0.356323 0.239335 -0.903190
vn 0.356323 0.239335 -0.903190
vn 0.356323 0.239335 -0.903190
vn 0.356323 0.239335 -0.903190
vn -0.627202 0.239336 -0.741171
vn -0.627202 0.239336 -0.741172
vn -0.627202 0.239336 -0.741172
vn -0.627202 0.239336 -0.741172
vn -0.975597 0.187800 -0.113762
vn -0.975597 0.187800 -0.113762
vn -0.975597 0.187800 -0.113762
vn -0.975597 0.187800 -0.113762
vn -0.887557 0.187791 0.420687
vn -0.887557 0.187791 0.420686
vn -0.887557 0.187791 0.420687
vn -0.887557 0.187791 0.420687
vn -0.356325 0.239339 0.903189
vn -0.356325 0.239339 0.903189
vn -0.356325 0.239339 0.903189
vn -0.356325 0.239339 0.903189
vn 0.627203 0.239329 0.741174
vn 0.627203 0.239329 0.741174
vn 0.627203 0.239329 0.741174
vn 0.627203 0.239329 0.741174
vn 0.975597 0.187801 0.113762
vn 0.975597 0.187801 0.113762
vn 0.975597 0.187801 0.113762
vn 0.975597 0.187801 0.113762
vn 0.887558 0.187789 -0.420685
vn 0.887558 0.187789 -0.420685
vn 0.887558 0.187789 -0.420685
vn 0.887558 0.187789 -0.420685
vn 0.282667 0.637771 -0.716483
vn 0.282667 0.637771 -0.716483
vn 0.282667 0.637771 -0.716483
vn 0.282667 0.637771 -0.716483
vn -0.497547 0.637775 -0.587954
vn -0.497547 0.637775 -0.587954
vn -0.497547 0.637775 -0.587954
vn -0.497547 0.637775 -0.587954
vn -0.835738 0.540412 -0.097455
vn -0.835738 0.540412 -0.097455
vn -0.835738 0.540412 -0.097455
vn -0.835738 0.540412 -0.097455
vn -0.760318 0.540411 0.360378
vn -0.760318 0.540411 0.360378
vn -0.760318 0.540411 0.360378
vn -0.760318 0.540411 0.360378
vn -0.282666 0.637769 0.716485
vn -0.282666 0.637769 0.716485
vn -0.282666 0.637769 0.716485
vn -0.282666 0.637769 0.716485
vn 0.497550 0.637773 0.587955
vn 0.497550 0.637773 0.587955
vn 0.497549 0.637773 0.587955
vn 0.497549 0.637773 0.587955
vn 0.835742 0.540406 0.097456
vn 0.835742 0.540406 0.097456
vn 0.835742 0.540406 0.097456
vn 0.835742 0.540406 0.097456
vn 0.760310 0.540423 -0.360377
vn 0.760310 0.540423 -0.360377
vn 0.760310 0.540423 -0.360377
vn 0.760310 0.540423 -0.360377
vn 0.174174 0.880205 -0.441478
vn 0.174174 0.880205 -0.441478
vn 0.174174 0.880205 -0.441478
vn 0.174174 0.880205 -0.441478
vn -0.306574 0.880206 -0.362283
vn -0.306574 0.880206 -0.362283
vn -0.306574 0.880206 -0.362283
vn -0.306574 0.880206 -0.362283
vn -0.566928 0.821110 -0.066109
vn -0.566928 0.821110 -0.066110
vn -0.566928 0.821110 -0.066110
vn -0.566928 0.821110 -0.066110
vn -0.515765 0.821112 0.244462
vn -0.515766 0.821112 0.244462
vn -0.515765 0.821112 0.244462
vn -0.515765 0.821112 0.244462
vn -0.174171 0.880206 0.441478
vn -0.174171 0.880206 0.441478
vn -0.174171 0.880206 0.441478
vn -0.174171 0.880206 0.441478
vn 0.306572 0.880208 0.362280
vn 0.306572 0.880208 0.362280
vn 0.306572 0.880208 0.362280
vn 0.306572 0.880208 0.362280
vn 0.566932 0.821108 0.066110
vn 0.566932 0.821108 0.066110
vn 0.566931 0.821108 0.066110
vn 0.566931 0.821108 0.066110
vn 0.515770 0.821107 -0.244469
vn 0.515770 0.821107 -0.244469
vn 0.515770 0.821107 -0.244469
vn 0.515770 0.821107 -0.244469
vn 0.058161 0.987362 -0.147422
vn 0.058161 0.987362 -0.147422
vn 0.058161 0.987362 -0.147422
vn -0.102373 0.987363 -0.120973
vn -0.102373 0.987363 -0.120973
vn -0.102373 0.987363 -0.120973
vn -0.201281 0.979252 -0.023473
vn -0.201281 0.979252 -0.023473
vn -0.201281 0.979252 -0.023473
vn -0.183108 0.979254 0.086795
vn -0.183108 0.979254 0.086795
vn -0.183108 0.979254 0.086795
vn -0.058160 0.987362 0.147422
vn -0.058160 0.987362 0.147422
vn -0.058160 0.987362 0.147422
vn 0.102373 0.987362 0.120978
vn 0.102373 0.987362 0.120978
vn 0.102373 0.987362 0.120978
vn 0.201271 0.979255 0.023465
vn 0.201271 0.979255 0.023465
vn 0.201271 0.979254 0.023465
vn 0.183104 0.979255 -0.086793
vn 0.183104 0.979255 -0.086793
vn 0.183104 0.979255 -0.086793
vn 0.000000 -1.000000 0.000000
vn 0.000000 -1.000000 0.000000
vn 0.000000 -1.000000 0.000000
vn 0.000000 -1.000000 0.000000
vn 0.000000 -1.000000 0.000000
vn 0.000000 -1.000000 0.000000
vn 0.000000 -1.000000 0.000000
vn 0.000000 -1.000000 0.000000
vn -0.356324 0.239333 -0.903190
vn -0.356324 0.239333 -0.903190
vn -0.356324 0.239333 -0.903190
vn -0.356324 0.239333 -0.903191
vn 0.627206 0.239339 -0.741168
vn 0.627206 0.239339 -0.741168
vn 0.627206 0.239339 -0.741168
vn 0.627206 0.239339 -0.741168
vn 0.975594 0.187815 -0.113763
vn 0.975594 0.187815 -0.113763
vn 0.975594 0.187815 -0.113763
vn 0.975594 0.187815 -0.113763
vn 0.887556 0.187799 0.420685
vn 0.887556 0.187798 0.420685
vn 0.887556 0.187798 0.420685
vn 0.887556 0.187798 0.420685
vn 0.356325 0.239333 0.903190
vn 0.356325 0.239333 0.903190
vn 0.356325 0.239333 0.903190
vn 0.356324 0.239333 0.903190
vn -0.627204 0.239328 0.741173
vn -0.627204 0.239328 0.741173
vn -0.627204 0.239328 0.741173
vn -0.627204 0.239328 0.741173
vn -0.975599 0.187793 0.113761
vn -0.975598 0.187793 0.113761
vn -0.975598 0.187793 0.113761
vn -0.975598 0.187793 0.113761
vn -0.887559 0.187782 -0.420686
vn -0.887559 0.187782 -0.420686
vn -0.887559 0.187782 -0.420686
vn -0.887559 0.187782 -0.420686
vn -0.282665 0.637771 -0.716484
vn -0.282665 0.637771 -0.716484
vn -0.282665 0.637771 -0.716484
vn -0.282665 0.637771 -0.716484
vn 0.497550 0.637767 -0.587961
vn 0.497550 0.637767 -0.587961
vn 0.497550 0.637767 -0.587961
vn 0.497550 0.637767 -0.587961
vn 0.835746 0.540401 -0.097450
vn 0.835746 0.540401 -0.097450
vn 0.835746 0.540401 -0.097450
vn 0.835746 0.540401 -0.097450
vn 0.760321 0.540411 0.360372
vn 0.760321 0.540411 0.360372
vn 0.760321 0.540411 0.360372
vn 0.760321 0.540411 0.360372
vn 0.282664 0.637770 0.716485
vn 0.282664 0.637770 0.716485
vn 0.282664 0.637770 0.716485
vn 0.282664 0.637770 0.716485
vn -0.497544 0.637778 0.587953
vn -0.497544 0.637778 0.587953
vn -0.497544 0.637778 0.587953
vn -0.497544 0.637778 0.587953
vn -0.835736 0.540415 0.097457
vn -0.835736 0.540415 0.097457
vn -0.835736 0.540415 0.097457
vn -0.835736 0.540415 0.097457
vn -0.760319 0.540410 -0.360378
vn -0.760319 0.540410 -0.360378
vn -0.760319 0.540410 -0.360378
vn -0.760319 0.540410 -0.360378
vn -0.174171 0.880206 -0.441477
vn -0.174171 0.880206 -0.441477
vn -0.174171 0.880206 -0.441477
vn -0.174171 0.880206 -0.441477
vn 0.306571 0.880207 -0.362285
vn 0.306571 0.880207 -0.362285
vn 0.306571 0.880207 -0.362285
vn 0.306571 0.880207 -0.362285
vn 0.566932 0.821108 -0.066104
vn 0.566932 0.821108 -0.066104
vn 0.566932 0.821108 -0.066104
vn 0.566932 0.821108 -0.066104
vn 0.515770 0.821109 0.244464
vn 0.515770 0.821108 0.244464
vn 0.515770 0.821109 0.244464
vn 0.515770 0.821109 0.244464
vn 0.174172 0.880208 0.441472
vn 0.174172 0.880208 0.441472
vn 0.174172 0.880208 0.441472
vn 0.174172 0.880208 0.441472
vn -0.306575 0.880206 0.362283
vn -0.306575 0.880206 0.362283
vn -0.306575 0.880206 0.362283
vn -0.306575 0.880206 0.362283
vn -0.566930 0.821108 0.066115
vn -0.566930 0.821108 0.066115
vn -0.566930 0.821108 0.066115
vn -0.566930 0.821108 0.066115
vn -0.515760 0.821114 -0.244467
vn -0.515760 0.821114 -0.244467
vn -0.515760 0.821114 -0.244467
vn -0.515760 0.821114 -0.244467
vn -0.058161 0.987362 -0.147421
vn -0.058161 0.987362 -0.147421
vn -0.058161 0.987362 -0.147421
vn 0.102373 0.987363 -0.120973
vn 0.102373 0.987363 -0.120973
vn 0.102373 0.987363 -0.120973
vn 0.201278 0.979253 -0.023475
vn 0.201278 0.979253 -0.023475
vn 0.201278 0.979253 -0.023475
vn 0.183111 0.979254 0.086793
vn 0.183111 0.979254 0.086793
vn 0.183111 0.979254 0.086793
vn 0.058162 0.987362 0.147425
vn 0.058162 0.987362 0.147425
vn 0.058162 0.987362 0.147425
vn -0.102374 0.987362 0.120980
vn -0.102374 0.987362 0.120980
vn -0.102374 0.987362 0.120980
vn -0.201271 0.979255 0.023469
vn -0.201271 0.979255 0.023469
vn -0.201271 0.979254 0.023469
vn -0.183108 0.979254 -0.086795
vn -0.183108 0.979254 -0.086795
vn -0.183108 0.979254 -0.086795
vn 0.000000 -1.000000 -0.000001
vn 0.000000 -1.000000 -0.000001
vn 0.000000 -1.000000 -0.000001
vn 0.000000 -1.000000 -0.000001
vn 0.000000 -1.000000 -0.000001
vn 0.000000 -1.000000 -0.000001
vn 0.000000 -1.000000 -0.000001
vn 0.000000 -1.000000 -0.000001
s off
g ãÇæÓ_ßíÈæÑÏ pSphere7
usemtl initialShadingGroup
f 469/1017/995 470/1018/996 478/1019/997 477/1020/998
f 470/911/999 471/903/1000 479/906/1001 478/912/1002
f 471/903/1003 472/904/1004 480/905/1005 479/906/1006
f 472/904/1007 473/907/1008 481/908/1009 480/905/1010
f 473/1021/1011 474/1022/1012 482/1023/1013 481/1024/1014
f 474/925/1015 475/917/1016 483/920/1017 482/926/1018
f 475/917/1019 476/918/1020 484/919/1021 483/920/1022
f 476/918/1023 469/921/1024 477/922/1025 484/919/1026
f 477/963/1027 478/964/1028 486/960/1029 485/959/1030
f 478/964/1031 479/968/1032 487/965/1033 486/960/1034
f 479/906/1035 480/905/1036 488/909/1037 487/910/1038
f 480/905/1039 481/908/1040 489/913/1041 488/909/1042
f 481/979/1043 482/977/1044 490/974/1045 489/976/1046
f 482/977/1047 483/978/1048 491/975/1049 490/974/1050
f 483/920/1051 484/919/1052 492/923/1053 491/924/1054
f 484/919/1055 477/922/1056 485/927/1057 492/923/1058
f 485/959/1059 486/960/1060 494/961/1061 493/962/1062
f 486/960/1063 487/965/1064 495/966/1065 494/961/1066
f 487/910/1067 488/909/1068 496/914/1069 495/915/1070
f 488/909/1071 489/913/1072 497/916/1073 496/914/1074
f 489/976/1075 490/974/1076 498/973/1077 497/972/1078
f 490/974/1079 491/975/1080 499/971/1081 498/973/1082
f 491/924/1083 492/923/1084 500/928/1085 499/929/1086
f 492/923/1087 485/927/1088 493/930/1089 500/928/1090
f 493/962/1091 494/961/1092 501/967/1093
f 494/961/1094 495/966/1095 501/967/1096
f 495/966/1097 496/970/1098 501/967/1099
f 496/970/1100 497/972/1101 501/967/1102
f 497/972/1103 498/973/1104 501/967/1105
f 498/973/1106 499/971/1107 501/967/1108
f 499/971/1109 500/969/1110 501/967/1111
f 500/969/1112 493/962/1113 501/967/1114
f 470/980/1115 469/981/1116 476/982/1117 475/983/1118 474/984/1119 473/985/1120 472/986/1121 471/987/1122
f 502/1025/1123 510/1026/1124 511/1027/1125 503/1028/1126
f 503/935/1127 511/936/1128 512/932/1129 504/931/1130
f 504/931/1131 512/932/1132 513/933/1133 505/934/1134
f 505/934/1135 513/933/1136 514/939/1137 506/940/1138
f 506/1029/1139 514/1030/1140 515/1031/1141 507/1032/1142
f 507/949/1143 515/950/1144 516/946/1145 508/945/1146
f 508/945/1147 516/946/1148 517/947/1149 509/948/1150
f 509/948/1151 517/947/1152 510/953/1153 502/954/1154
f 510/995/1155 518/988/1156 519/991/1157 511/996/1158
f 511/996/1159 519/991/1160 520/994/1161 512/998/1162
f 512/932/1163 520/937/1164 521/938/1165 513/933/1166
f 513/933/1167 521/938/1168 522/943/1169 514/939/1170
f 514/1008/1171 522/1005/1172 523/1003/1173 515/1006/1174
f 515/1006/1175 523/1003/1176 524/1004/1177 516/1007/1178
f 516/946/1179 524/951/1180 525/952/1181 517/947/1182
f 517/947/1183 525/952/1184 518/957/1185 510/953/1186
f 518/988/1187 526/989/1188 527/990/1189 519/991/1190
f 519/991/1191 527/990/1192 528/993/1193 520/994/1194
f 520/937/1195 528/941/1196 529/942/1197 521/938/1198
f 521/938/1199 529/942/1200 530/944/1201 522/943/1202
f 522/1005/1203 530/1002/1204 531/1001/1205 523/1003/1206
f 523/1003/1207 531/1001/1208 532/999/1209 524/1004/1210
f 524/951/1211 532/955/1212 533/956/1213 525/952/1214
f 525/952/1215 533/956/1216 526/958/1217 518/957/1218
f 526/989/1219 534/992/1220 527/990/1221
f 527/990/1222 534/992/1223 528/993/1224
f 528/993/1225 534/992/1226 529/1000/1227
f 529/1000/1228 534/992/1229 530/1002/1230
f 530/1002/1231 534/992/1232 531/1001/1233
f 531/1001/1234 534/992/1235 532/999/1236
f 532/999/1237 534/992/1238 533/997/1239
f 533/997/1240 534/992/1241 526/989/1242
f 503/1009/1243 504/1010/1244 505/1011/1245 506/1012/1246 507/1013/1247 508/1014/1248 509/1015/1249 502/1016/1250
g default
v 41.362431 322.461761 -136.942505
v 31.952168 314.377167 -138.004364
v 19.627344 312.620209 -138.235123
v 8.301002 317.748718 -137.561523
v 1.569174 328.134430 -136.197418
v 1.569172 340.479980 -134.575912
v 8.300997 350.865692 -133.211807
v 19.627337 355.994202 -132.538208
v 31.952162 354.237244 -132.768967
v 41.362427 346.152649 -133.830841
v 44.870438 334.307190 -135.386673
v 41.362431 323.143005 -142.129211
v 31.952168 315.058411 -143.191071
v 19.627344 313.301453 -143.421844
v 8.301002 318.429962 -142.748245
v 1.569174 328.815674 -141.384140
v 1.569172 341.161224 -139.762634
v 8.300997 351.546936 -138.398529
v 19.627337 356.675446 -137.724930
v 31.952162 354.918518 -137.955688
v 41.362427 346.833893 -139.017548
v 44.870438 334.988464 -140.573380
v 22.772240 334.307190 -135.386673
v 22.772240 334.988464 -140.573380
vt 0.402638 0.829964
vt 0.402650 0.895289
vt 0.375204 0.895294
vt 0.375193 0.829969
vt 0.402661 0.960615
vt 0.375216 0.960620
vt 0.402626 0.764638
vt 0.375181 0.764643
vt 0.948097 0.656626
vt 0.948103 0.591300
vt 0.975548 0.591303
vt 0.975543 0.656628
vt 0.948108 0.525975
vt 0.975553 0.525977
vt 0.948092 0.721952
vt 0.975537 0.721954
vt 0.948113 0.460649
vt 0.975558 0.460651
vt 0.995817 0.136840
vt 0.995886 0.202166
vt 0.968440 0.202195
vt 0.968372 0.136869
vt 0.995954 0.267492
vt 0.968509 0.267520
vt 0.968372 0.398171
vt 0.968381 0.332846
vt 0.995826 0.332850
vt 0.995817 0.398175
vt 0.968389 0.267520
vt 0.995835 0.267524
vt 0.712024 0.525132
vt 0.761398 0.567906
vt 0.663874 0.630596
vt 0.779810 0.630584
vt 0.647362 0.515843
vt 0.761412 0.693265
vt 0.587943 0.542986
vt 0.712047 0.736050
vt 0.552631 0.597945
vt 0.647387 0.745353
vt 0.552638 0.663271
vt 0.587962 0.718223
vt 0.801960 0.259466
vt 0.752588 0.302243
vt 0.704432 0.196782
vt 0.687927 0.311536
vt 0.820368 0.196788
vt 0.628506 0.284396
vt 0.801967 0.134107
vt 0.593191 0.229439
vt 0.752599 0.091326
vt 0.593195 0.164113
vt 0.687939 0.082026
vt 0.628515 0.109160
vn 0.654860 -0.749315 -0.098418
vn 0.654860 -0.749315 -0.098418
vn 0.654860 -0.749315 -0.098418
vn 0.654860 -0.749315 -0.098418
vn 0.142315 -0.981393 -0.128900
vn 0.142315 -0.981392 -0.128900
vn 0.142315 -0.981392 -0.128900
vn 0.142315 -0.981393 -0.128900
vn -0.415415 -0.901886 -0.118462
vn -0.415415 -0.901886 -0.118462
vn -0.415415 -0.901886 -0.118462
vn -0.415415 -0.901886 -0.118462
vn -0.841253 -0.536038 -0.070404
vn -0.841253 -0.536038 -0.070404
vn -0.841253 -0.536038 -0.070404
vn -0.841253 -0.536038 -0.070404
vn -1.000000 -0.000000 -0.000000
vn -1.000000 -0.000000 -0.000000
vn -1.000000 -0.000000 -0.000000
vn -1.000000 -0.000000 -0.000000
vn -0.841253 0.536038 0.070404
vn -0.841253 0.536038 0.070404
vn -0.841253 0.536038 0.070404
vn -0.841253 0.536038 0.070404
vn -0.415415 0.901885 0.118465
vn -0.415415 0.901885 0.118466
vn -0.415415 0.901885 0.118465
vn -0.415415 0.901885 0.118466
vn 0.142314 0.981392 0.128904
vn 0.142314 0.981392 0.128904
vn 0.142314 0.981392 0.128904
vn 0.142314 0.981392 0.128904
vn 0.654862 0.749313 0.098421
vn 0.654862 0.749313 0.098421
vn 0.654862 0.749313 0.098421
vn 0.654862 0.749313 0.098421
vn 0.959493 0.279333 0.036690
vn 0.959493 0.279333 0.036690
vn 0.959493 0.279333 0.036690
vn 0.959493 0.279333 0.036690
vn 0.959493 -0.279334 -0.036690
vn 0.959493 -0.279334 -0.036690
vn 0.959493 -0.279334 -0.036690
vn 0.959493 -0.279334 -0.036690
vn -0.000000 -0.130225 0.991484
vn -0.000001 -0.130226 0.991484
vn 0.000000 -0.130226 0.991484
vn 0.000002 -0.130225 0.991484
vn 0.000000 -0.130225 0.991484
vn -0.000000 -0.130225 0.991485
vn 0.000000 -0.130226 0.991484
vn 0.000000 -0.130226 0.991484
vn 0.000001 -0.130226 0.991484
vn 0.000001 -0.130226 0.991484
vn 0.000000 -0.130226 0.991484
vn 0.000000 -0.130226 0.991484
vn 0.000001 0.130225 -0.991485
vn 0.000002 0.130225 -0.991484
vn 0.000000 0.130225 -0.991484
vn -0.000000 0.130226 -0.991484
vn -0.000001 0.130226 -0.991484
vn 0.000000 0.130225 -0.991484
vn 0.000000 0.130225 -0.991485
vn -0.000000 0.130225 -0.991484
vn 0.000000 0.130225 -0.991485
vn -0.000001 0.130225 -0.991484
vn -0.000001 0.130226 -0.991484
vn 0.000000 0.130226 -0.991484
s off
g ÔÇÔÇÊ pCylinder7
usemtl initialShadingGroup
f 535/1045/1251 536/1049/1252 547/1050/1253 546/1046/1254
f 536/1051/1255 537/1052/1256 548/1053/1257 547/1054/1258
f 537/1052/1259 538/1055/1260 549/1056/1261 548/1053/1262
f 538/1039/1263 539/1033/1264 550/1036/1265 549/1040/1266
f 539/1033/1267 540/1034/1268 551/1035/1269 550/1036/1270
f 540/1034/1271 541/1037/1272 552/1038/1273 551/1035/1274
f 541/1057/1275 542/1058/1276 553/1059/1277 552/1060/1278
f 542/1058/1279 543/1061/1280 554/1062/1281 553/1059/1282
f 543/1047/1283 544/1041/1284 555/1044/1285 554/1048/1286
f 544/1041/1287 545/1042/1288 556/1043/1289 555/1044/1290
f 545/1042/1291 535/1045/1292 546/1046/1293 556/1043/1294
s 1
f 536/1063/1295 535/1064/1296 557/1065/1297
f 537/1067/1298 536/1063/1295 557/1065/1297
f 538/1069/1299 537/1067/1298 557/1065/1297
f 539/1071/1300 538/1069/1299 557/1065/1297
f 540/1073/1301 539/1071/1300 557/1065/1297
f 541/1074/1302 540/1073/1301 557/1065/1297
f 542/1072/1303 541/1074/1302 557/1065/1297
f 543/1070/1304 542/1072/1303 557/1065/1297
f 544/1068/1305 543/1070/1304 557/1065/1297
f 545/1066/1306 544/1068/1305 557/1065/1297
f 535/1064/1296 545/1066/1306 557/1065/1297
s 2
f 546/1075/1307 547/1076/1308 558/1077/1309
f 547/1076/1308 548/1078/1310 558/1077/1309
f 548/1078/1310 549/1080/1311 558/1077/1309
f 549/1080/1311 550/1082/1312 558/1077/1309
f 550/1082/1312 551/1084/1313 558/1077/1309
f 551/1084/1313 552/1086/1314 558/1077/1309
f 552/1086/1314 553/1085/1315 558/1077/1309
f 553/1085/1315 554/1083/1316 558/1077/1309
f 554/1083/1316 555/1081/1317 558/1077/1309
f 555/1081/1317 556/1079/1318 558/1077/1309
f 556/1079/1318 546/1075/1307 558/1077/1309
g default
v 266.534821 253.242340 -100.381210
v 254.899002 242.244659 -100.381210
v 239.021149 240.186737 -100.381210
v 224.966064 247.854630 -100.381210
v 218.102310 262.319458 -100.381210
v 221.051666 278.056152 -100.381210
v 232.687531 289.053802 -100.381210
v 248.565384 291.111786 -100.381210
v 262.620453 283.443878 -100.381210
v 269.484222 268.979004 -100.381210
v 266.534821 253.242340 -108.967300
v 254.899002 242.244659 -108.967300
v 239.021149 240.186737 -108.967300
v 224.966064 247.854630 -108.967300
v 218.102310 262.319458 -108.967300
v 221.051666 278.056152 -108.967300
v 232.687531 289.053802 -108.967300
v 248.565384 291.111786 -108.967300
v 262.620453 283.443878 -108.967300
v 269.484222 268.979004 -108.967300
v 243.793289 265.649231 -100.381210
v 243.793289 265.649231 -108.967300
v -266.534882 253.242340 -100.381210
v -254.899048 242.244690 -100.381210
v -239.021179 240.186737 -100.381210
v -224.966095 247.854630 -100.381210
v -218.102356 262.319458 -100.381210
v -221.051697 278.056183 -100.381210
v -232.687531 289.053802 -100.381210
v -248.565399 291.111755 -100.381210
v -262.620514 283.443878 -100.381210
v -269.484253 268.979004 -100.381210
v -266.534882 253.242340 -108.967300
v -254.899048 242.244690 -108.967300
v -239.021179 240.186737 -108.967300
v -224.966095 247.854630 -108.967300
v -218.102356 262.319458 -108.967300
v -221.051697 278.056183 -108.967300
v -232.687531 289.053802 -108.967300
v -248.565399 291.111755 -108.967300
v -262.620514 283.443878 -108.967300
v -269.484253 268.979004 -108.967300
v -243.793335 265.649231 -100.381210
v -243.793335 265.649231 -108.967300
vt 0.045046 0.697209
vt 0.045052 0.781207
vt 0.000006 0.781210
vt 0.000000 0.697212
vt 0.045057 0.865205
vt 0.000011 0.865208
vt 0.045063 0.949203
vt 0.000017 0.949206
vt 0.902479 0.963263
vt 0.902473 0.879265
vt 0.947519 0.879261
vt 0.947525 0.963260
vt 0.902468 0.795267
vt 0.947514 0.795263
vt 0.902462 0.711268
vt 0.947508 0.711265
vt 0.882182 0.459311
vt 0.927228 0.459228
vt 0.927383 0.543226
vt 0.882337 0.543309
vt 0.927539 0.627224
vt 0.882493 0.627307
vt 0.927694 0.711222
vt 0.882648 0.711305
vt 0.866854 0.251997
vt 0.821808 0.252080
vt 0.821653 0.168082
vt 0.866698 0.167999
vt 0.821497 0.084084
vt 0.866543 0.084001
vt 0.821342 0.000086
vt 0.866388 0.000003
vt 0.841046 0.510808
vt 0.841042 0.594806
vt 0.795996 0.594803
vt 0.796000 0.510805
vt 0.841038 0.678804
vt 0.795992 0.678801
vt 0.040560 0.450074
vt 0.040564 0.366076
vt 0.085610 0.366078
vt 0.085606 0.450076
vt 0.040569 0.282078
vt 0.085615 0.282080
vt 0.090684 0.898355
vt 0.045639 0.898357
vt 0.045634 0.814359
vt 0.090680 0.814357
vt 0.045630 0.730361
vt 0.090676 0.730358
vt 0.126750 0.298611
vt 0.171796 0.298608
vt 0.171800 0.382606
vt 0.126755 0.382609
vt 0.171805 0.466605
vt 0.126759 0.466607
vt 0.025954 0.523116
vt 0.093908 0.473741
vt 0.135912 0.602999
vt 0.177906 0.473737
vt 0.000000 0.603004
vt 0.245864 0.523108
vt 0.025960 0.682890
vt 0.271824 0.602993
vt 0.093918 0.732260
vt 0.245870 0.682881
vt 0.177916 0.732257
vt 0.689531 0.448980
vt 0.640208 0.516971
vt 0.560241 0.407074
vt 0.560340 0.542986
vt 0.689471 0.364982
vt 0.480434 0.517087
vt 0.640048 0.297061
vt 0.431012 0.449167
vt 0.560142 0.271162
vt 0.430951 0.365169
vt 0.480274 0.297178
vt 0.221704 0.282584
vt 0.301670 0.392481
vt 0.172380 0.350576
vt 0.301572 0.256569
vt 0.172441 0.434574
vt 0.381478 0.282468
vt 0.221863 0.502494
vt 0.430900 0.350388
vt 0.301769 0.528393
vt 0.430961 0.434386
vt 0.381637 0.502378
vt 0.456767 0.764636
vt 0.414762 0.635378
vt 0.524721 0.715260
vt 0.372769 0.764639
vt 0.550674 0.635372
vt 0.304811 0.715269
vt 0.524714 0.555486
vt 0.278851 0.635383
vt 0.456756 0.506116
vt 0.304804 0.555495
vt 0.372758 0.506120
vn 0.686897 -0.726755 0.000000
vn 0.686897 -0.726755 0.000000
vn 0.686897 -0.726755 0.000000
vn 0.686897 -0.726755 0.000000
vn 0.128535 -0.991705 0.000000
vn 0.128535 -0.991705 0.000000
vn 0.128535 -0.991705 0.000000
vn 0.128535 -0.991705 0.000000
vn -0.478924 -0.877857 0.000000
vn -0.478924 -0.877857 0.000000
vn -0.478924 -0.877857 0.000000
vn -0.478924 -0.877857 0.000000
vn -0.903448 -0.428697 0.000000
vn -0.903448 -0.428697 0.000000
vn -0.903448 -0.428697 0.000000
vn -0.903448 -0.428697 0.000000
vn -0.982887 0.184211 0.000000
vn -0.982887 0.184211 0.000000
vn -0.982887 0.184211 0.000000
vn -0.982887 0.184211 0.000000
vn -0.686895 0.726757 0.000000
vn -0.686895 0.726757 0.000000
vn -0.686895 0.726757 0.000000
vn -0.686895 0.726757 0.000000
vn -0.128538 0.991705 0.000000
vn -0.128538 0.991705 0.000000
vn -0.128538 0.991705 0.000000
vn -0.128538 0.991705 0.000000
vn 0.478925 0.877856 0.000000
vn 0.478925 0.877856 0.000000
vn 0.478925 0.877856 0.000000
vn 0.478925 0.877856 0.000000
vn 0.903447 0.428699 0.000000
vn 0.903447 0.428699 0.000000
vn 0.903447 0.428699 0.000000
vn 0.903447 0.428699 0.000000
vn 0.982886 -0.184216 0.000000
vn 0.982886 -0.184216 0.000000
vn 0.982886 -0.184216 0.000000
vn 0.982886 -0.184216 0.000000
vn -0.000001 0.000000 1.000000
vn 0.000000 0.000000 1.000000
vn -0.000000 0.000000 1.000000
vn -0.000001 0.000000 1.000000
vn 0.000000 0.000000 1.000000
vn -0.000000 0.000000 1.000000
vn -0.000000 0.000000 1.000000
vn 0.000001 0.000000 1.000000
vn 0.000000 0.000000 1.000000
vn -0.000000 0.000000 1.000000
vn 0.000000 0.000000 1.000000
vn 0.000000 0.000000 -1.000000
vn -0.000001 0.000000 -1.000000
vn 0.000000 0.000000 -1.000000
vn -0.000001 0.000000 -1.000000
vn 0.000000 0.000000 -1.000000
vn 0.000000 0.000000 -1.000000
vn 0.000000 0.000000 -1.000000
vn 0.000000 0.000000 -1.000000
vn 0.000000 0.000000 -1.000000
vn 0.000000 0.000000 -1.000000
vn 0.000000 0.000000 -1.000000
vn -0.686896 -0.726755 0.000000
vn -0.686896 -0.726755 0.000000
vn -0.686896 -0.726755 0.000000
vn -0.686896 -0.726755 0.000000
vn -0.128536 -0.991705 0.000000
vn -0.128536 -0.991705 0.000000
vn -0.128536 -0.991705 0.000000
vn -0.128536 -0.991705 0.000000
vn 0.478924 -0.877857 0.000000
vn 0.478924 -0.877857 0.000000
vn 0.478924 -0.877857 0.000000
vn 0.478924 -0.877857 0.000000
vn 0.903449 -0.428697 0.000000
vn 0.903449 -0.428697 0.000000
vn 0.903449 -0.428697 0.000000
vn 0.903449 -0.428697 0.000000
vn 0.982887 0.184210 0.000000
vn 0.982887 0.184210 0.000000
vn 0.982887 0.184210 0.000000
vn 0.982887 0.184210 0.000000
vn 0.686895 0.726757 0.000000
vn 0.686895 0.726757 0.000000
vn 0.686895 0.726757 0.000000
vn 0.686895 0.726757 0.000000
vn 0.128536 0.991705 0.000000
vn 0.128536 0.991705 0.000000
vn 0.128536 0.991705 0.000000
vn 0.128536 0.991705 0.000000
vn -0.478922 0.877858 0.000000
vn -0.478922 0.877858 0.000000
vn -0.478922 0.877858 0.000000
vn -0.478922 0.877858 0.000000
vn -0.903448 0.428697 0.000000
vn -0.903448 0.428697 0.000000
vn -0.903448 0.428697 0.000000
vn -0.903448 0.428697 0.000000
vn -0.982886 -0.184214 0.000000
vn -0.982886 -0.184214 0.000000
vn -0.982886 -0.184214 0.000000
vn -0.982886 -0.184214 0.000000
vn 0.000000 0.000000 1.000000
vn -0.000000 0.000000 1.000000
vn -0.000000 0.000000 1.000000
vn -0.000000 0.000000 1.000000
vn -0.000000 0.000000 1.000000
vn 0.000000 0.000000 1.000000
vn 0.000000 0.000000 1.000000
vn -0.000000 0.000000 1.000000
vn -0.000000 0.000000 1.000000
vn -0.000000 0.000000 1.000000
vn -0.000001 0.000000 1.000000
vn 0.000000 0.000000 -1.000000
vn -0.000000 0.000000 -1.000000
vn 0.000000 0.000000 -1.000000
vn -0.000000 0.000000 -1.000000
vn -0.000000 0.000000 -1.000000
vn -0.000000 0.000000 -1.000000
vn -0.000000 0.000000 -1.000000
vn -0.000000 0.000000 -1.000000
vn -0.000000 0.000000 -1.000000
vn 0.000000 0.000000 -1.000000
vn 0.000000 0.000000 -1.000000
s off
g ÔÇÔÇÊ pCylinder4
usemtl initialShadingGroup
f 559/1099/1319 560/1101/1320 570/1102/1321 569/1100/1322
f 560/1119/1323 561/1120/1324 571/1121/1325 570/1122/1326
f 561/1120/1327 562/1123/1328 572/1124/1329 571/1121/1330
f 562/1087/1331 563/1088/1332 573/1089/1333 572/1090/1334
f 563/1088/1335 564/1091/1336 574/1092/1337 573/1089/1338
f 564/1091/1339 565/1093/1340 575/1094/1341 574/1092/1342
f 565/1125/1343 566/1126/1344 576/1127/1345 575/1128/1346
f 566/1126/1347 567/1129/1348 577/1130/1349 576/1127/1350
f 567/1095/1351 568/1096/1352 578/1097/1353 577/1098/1354
f 568/1096/1355 559/1099/1356 569/1100/1357 578/1097/1358
s 1
f 560/1143/1359 559/1144/1360 579/1145/1361
f 561/1147/1362 560/1143/1359 579/1145/1361
f 562/1149/1363 561/1147/1362 579/1145/1361
f 563/1151/1364 562/1149/1363 579/1145/1361
f 564/1153/1365 563/1151/1364 579/1145/1361
f 565/1152/1366 564/1153/1365 579/1145/1361
f 566/1150/1367 565/1152/1366 579/1145/1361
f 567/1148/1368 566/1150/1367 579/1145/1361
f 568/1146/1369 567/1148/1368 579/1145/1361
f 559/1144/1360 568/1146/1369 579/1145/1361
s 2
f 569/1154/1370 570/1155/1371 580/1156/1372
f 570/1155/1371 571/1157/1373 580/1156/1372
f 571/1157/1373 572/1159/1374 580/1156/1372
f 572/1159/1374 573/1161/1375 580/1156/1372
f 573/1161/1375 574/1163/1376 580/1156/1372
f 574/1163/1376 575/1164/1377 580/1156/1372
f 575/1164/1377 576/1162/1378 580/1156/1372
f 576/1162/1378 577/1160/1379 580/1156/1372
f 577/1160/1379 578/1158/1380 580/1156/1372
f 578/1158/1380 569/1154/1370 580/1156/1372
s off
f 581/1116/1381 591/1115/1382 592/1117/1383 582/1118/1384
f 582/1131/1385 592/1132/1386 593/1133/1387 583/1134/1388
f 583/1134/1389 593/1133/1390 594/1135/1391 584/1136/1392
f 584/1103/1393 594/1104/1394 595/1105/1395 585/1106/1396
f 585/1106/1397 595/1105/1398 596/1107/1399 586/1108/1400
f 586/1108/1401 596/1107/1402 597/1109/1403 587/1110/1404
f 587/1137/1405 597/1138/1406 598/1139/1407 588/1140/1408
f 588/1140/1409 598/1139/1410 599/1141/1411 589/1142/1412
f 589/1111/1413 599/1112/1414 600/1113/1415 590/1114/1416
f 590/1114/1417 600/1113/1418 591/1115/1419 581/1116/1420
s 3
f 582/1165/1421 601/1166/1422 581/1167/1423
f 583/1168/1424 601/1166/1422 582/1165/1421
f 584/1170/1425 601/1166/1422 583/1168/1424
f 585/1172/1426 601/1166/1422 584/1170/1425
f 586/1174/1427 601/1166/1422 585/1172/1426
f 587/1175/1428 601/1166/1422 586/1174/1427
f 588/1173/1429 601/1166/1422 587/1175/1428
f 589/1171/1430 601/1166/1422 588/1173/1429
f 590/1169/1431 601/1166/1422 589/1171/1430
f 581/1167/1423 601/1166/1422 590/1169/1431
s 4
f 591/1176/1432 602/1177/1433 592/1178/1434
f 592/1178/1434 602/1177/1433 593/1180/1435
f 593/1180/1435 602/1177/1433 594/1182/1436
f 594/1182/1436 602/1177/1433 595/1184/1437
f 595/1184/1437 602/1177/1433 596/1186/1438
f 596/1186/1438 602/1177/1433 597/1185/1439
f 597/1185/1439 602/1177/1433 598/1183/1440
f 598/1183/1440 602/1177/1433 599/1181/1441
f 599/1181/1441 602/1177/1433 600/1179/1442
f 600/1179/1442 602/1177/1433 591/1176/1432
g default
v 139.862396 224.093231 -98.495392
v 343.675812 224.093231 -72.079315
v 139.862396 324.093231 -98.495392
v 343.675812 324.093231 -72.079315
v 141.223007 324.093231 -108.993340
v 345.036438 324.093231 -82.577271
v 141.223007 224.093231 -108.993340
v 345.036438 224.093231 -82.577271
v 146.963165 224.093231 -97.575066
v 146.963165 324.093231 -97.575066
v 148.323792 324.093231 -108.073013
v 148.323792 224.093231 -108.073013
v 336.574829 224.093231 -72.999664
v 336.574829 324.093231 -72.999664
v 337.935455 324.093231 -83.497612
v 337.935455 224.093231 -83.497612
v 139.862396 229.603119 -98.495392
v 141.223007 229.603119 -108.993340
v 148.323792 229.603119 -108.073013
v 337.935455 229.603119 -83.497612
v 345.036438 229.603119 -82.577271
v 343.675812 229.603119 -72.079315
v 336.574829 229.603119 -72.999664
v 146.963165 229.603119 -97.575066
v 139.862396 318.583313 -98.495392
v 141.223007 318.583313 -108.993340
v 148.323792 318.583313 -108.073013
v 337.935455 318.583313 -83.497612
v 345.036438 318.583313 -82.577271
v 343.675812 318.583313 -72.079315
v 336.574829 318.583313 -72.999664
v 146.963165 318.583313 -97.575066
v 337.039581 318.583313 -76.585495
v 147.427917 318.583313 -101.160889
v 147.427917 229.603119 -101.160889
v 337.039581 229.603119 -76.585495
v 171.569397 233.212570 -113.741425
v 316.903015 233.212570 -94.904861
v 171.569397 301.414154 -113.741425
v 316.903015 301.414154 -94.904861
v -139.862396 224.093231 -98.495392
v -343.675873 224.093231 -72.079323
v -139.862396 324.093231 -98.495392
v -343.675873 324.093231 -72.079323
v -141.223022 324.093231 -108.993347
v -345.036469 324.093231 -82.577278
v -141.223022 224.093231 -108.993347
v -345.036469 224.093231 -82.577278
v -146.963165 224.093231 -97.575066
v -146.963165 324.093231 -97.575066
v -148.323792 324.093231 -108.073013
v -148.323792 224.093231 -108.073013
v -336.574799 224.093231 -72.999672
v -336.574799 324.093231 -72.999672
v -337.935394 324.093231 -83.497612
v -337.935394 224.093231 -83.497612
v -139.862396 229.603119 -98.495392
v -141.223022 229.603119 -108.993347
v -148.323792 229.603119 -108.073013
v -337.935394 229.603119 -83.497612
v -345.036469 229.603119 -82.577278
v -343.675873 229.603119 -72.079323
v -336.574799 229.603119 -72.999672
v -146.963165 229.603119 -97.575066
v -139.862396 318.583313 -98.495392
v -141.223022 318.583313 -108.993347
v -148.323792 318.583313 -108.073013
v -337.935394 318.583313 -83.497612
v -345.036469 318.583313 -82.577278
v -343.675873 318.583313 -72.079323
v -336.574799 318.583313 -72.999672
v -146.963165 318.583313 -97.575066
v -337.039581 318.583313 -76.585503
v -147.427948 318.583313 -101.160896
v -147.427948 229.603119 -101.160896
v -337.039581 229.603119 -76.585503
v -171.569427 233.212570 -113.741432
v -316.902985 233.212570 -94.904869
v -171.569427 301.414154 -113.741432
v -316.902985 301.414154 -94.904869
vt 0.540555 0.016883
vt 0.565416 0.016883
vt 0.565416 0.029931
vt 0.540555 0.029931
vt 0.565416 0.240658
vt 0.540555 0.240658
vt 0.565416 0.253707
vt 0.540555 0.253707
vt 0.598993 0.016883
vt 0.623855 0.016883
vt 0.623855 0.029931
vt 0.598993 0.029931
vt 0.623855 0.240659
vt 0.598993 0.240659
vt 0.623855 0.253707
vt 0.598993 0.253707
vt 0.657431 0.227610
vt 0.657431 0.016883
vt 0.665923 0.016883
vt 0.665923 0.227610
vt 0.656184 0.016883
vt 0.656184 0.227610
vt 0.647691 0.227610
vt 0.647691 0.016883
vt 0.594635 0.016883
vt 0.594635 0.029931
vt 0.569774 0.029931
vt 0.569774 0.016883
vt 0.594635 0.240659
vt 0.569774 0.240659
vt 0.594635 0.253707
vt 0.569774 0.253707
vt 0.536197 0.016883
vt 0.536197 0.029931
vt 0.511335 0.029931
vt 0.511335 0.016883
vt 0.536197 0.240659
vt 0.511335 0.240659
vt 0.536197 0.253707
vt 0.511335 0.253707
vt 0.646444 0.227610
vt 0.637952 0.227610
vt 0.637952 0.016883
vt 0.646444 0.016883
vt 0.628212 0.016883
vt 0.636704 0.016883
vt 0.636704 0.227610
vt 0.628212 0.227610
vt 0.949640 0.484762
vt 0.949640 0.467876
vt 0.974605 0.467875
vt 0.974606 0.484761
vt 0.949623 0.016954
vt 0.974589 0.016953
vt 0.949623 0.000067
vt 0.974588 0.000066
vt 0.000001 0.500764
vt 0.016887 0.500765
vt 0.016887 0.525730
vt 0.000000 0.525730
vt 0.467809 0.500781
vt 0.467808 0.525747
vt 0.484696 0.500782
vt 0.484695 0.525747
vt 0.450922 0.588911
vt 0.000000 0.588894
vt 0.000000 0.580367
vt 0.450923 0.580383
vt 0.978858 0.890965
vt 0.978842 0.440044
vt 0.987370 0.440043
vt 0.987386 0.890965
vt 0.469550 0.571856
vt 0.000000 0.571839
vt 0.054825 0.550698
vt 0.414726 0.550711
vt 0.484696 0.525748
vt 0.484695 0.550713
vt 0.467809 0.550712
vt 0.467810 0.525747
vt 0.016887 0.550696
vt 0.016888 0.525731
vt 0.000000 0.550695
vt 0.000001 0.525730
vt 0.949623 0.484763
vt 0.974588 0.484762
vt 0.974589 0.501648
vt 0.949623 0.501649
vt 0.974605 0.952570
vt 0.949640 0.952570
vt 0.974606 0.969457
vt 0.949640 0.969458
vt 0.997126 0.916217
vt 0.988598 0.916218
vt 0.988582 0.465297
vt 0.997109 0.465296
vt 0.450920 0.571855
vt 0.450920 0.580383
vt 0.000000 0.580366
vt 0.000000 0.571839
vt 1.000000 0.469550
vt 0.978855 0.414726
vt 0.978842 0.054825
vt 0.999983 0.000000
vt 0.496726 0.965428
vt 0.496726 0.948611
vt 0.509775 0.948611
vt 0.509775 0.965428
vt 0.509775 0.499564
vt 0.496726 0.499564
vt 0.720502 0.948611
vt 0.720502 0.965428
vt 0.509775 0.482747
vt 0.496726 0.482747
vt 0.733551 0.948611
vt 0.733551 0.965428
vt 0.720502 0.482747
vt 0.720502 0.499564
vt 0.733551 0.499564
vt 0.733551 0.482747
vt 0.480492 0.500764
vt 0.480492 0.483320
vt 0.494028 0.483320
vt 0.494028 0.500764
vt 0.261899 0.500764
vt 0.261899 0.483320
vt 0.480492 0.017511
vt 0.494028 0.017511
vt 0.248363 0.500764
vt 0.248363 0.483320
vt 0.304077 0.426214
vt 0.471625 0.426214
vt 0.480492 0.000066
vt 0.494028 0.000066
vt 0.261899 0.017511
vt 0.248363 0.017511
vt 0.304077 0.069180
vt 0.471625 0.069180
vt 0.261899 0.000066
vt 0.248363 0.000066
vt 0.946076 0.000066
vt 0.946076 0.449114
vt 0.735349 0.449114
vt 0.735349 0.000066
vt 0.496726 0.000066
vt 0.509775 0.000066
vt 0.509775 0.016883
vt 0.496726 0.016883
vt 0.720502 0.000066
vt 0.720502 0.016883
vt 0.509775 0.465930
vt 0.496726 0.465930
vt 0.733551 0.000066
vt 0.733551 0.016883
vt 0.509775 0.482747
vt 0.496726 0.482747
vt 0.733551 0.465930
vt 0.720502 0.465930
vt 0.720502 0.482747
vt 0.733551 0.482747
vt 0.232129 0.000066
vt 0.245665 0.000066
vt 0.245665 0.017510
vt 0.232129 0.017510
vt 0.245665 0.483319
vt 0.232129 0.483319
vt 0.013536 0.000066
vt 0.013536 0.017510
vt 0.245665 0.500764
vt 0.232129 0.500764
vt 0.223262 0.074617
vt 0.055715 0.074617
vt 0.000000 0.000066
vt 0.000000 0.017510
vt 0.013536 0.500764
vt 0.013536 0.483319
vt 0.223262 0.431650
vt 0.055715 0.431650
vt 0.000000 0.483319
vt 0.000000 0.500764
vt 0.946076 0.898161
vt 0.735349 0.898161
vt 0.735349 0.449114
vt 0.946076 0.449114
vn -0.128535 0.000000 0.991705
vn -0.128534 0.000000 0.991705
vn -0.128534 0.000000 0.991705
vn -0.128534 0.000000 0.991705
vn 0.000000 1.000000 -0.000000
vn 0.000000 1.000000 -0.000000
vn 0.000000 1.000000 -0.000000
vn 0.000000 1.000000 -0.000000
vn 0.128534 0.000000 -0.991705
vn 0.128534 0.000000 -0.991705
vn 0.128534 0.000000 -0.991705
vn 0.128535 0.000000 -0.991705
vn 0.000000 -1.000000 -0.000000
vn 0.000000 -1.000000 -0.000000
vn 0.000000 -1.000000 -0.000000
vn 0.000000 -1.000000 -0.000000
vn 0.991705 0.000000 0.128533
vn 0.991705 0.000000 0.128533
vn 0.991705 0.000000 0.128534
vn 0.991705 0.000000 0.128534
vn -0.991705 0.000000 -0.128532
vn -0.991705 0.000000 -0.128532
vn -0.991705 0.000000 -0.128532
vn -0.991705 0.000000 -0.128532
vn -0.128534 0.000000 0.991705
vn -0.128534 0.000000 0.991705
vn 0.000000 1.000000 0.000000
vn 0.000000 1.000000 0.000000
vn 0.128533 0.000000 -0.991705
vn 0.128534 0.000000 -0.991705
vn 0.000000 -1.000000 0.000000
vn 0.000000 -1.000000 0.000000
vn -0.128534 0.000000 0.991705
vn -0.128533 0.000000 0.991705
vn 0.000000 1.000000 0.000000
vn 0.000000 1.000000 0.000000
vn 0.128532 0.000000 -0.991705
vn 0.128533 0.000000 -0.991705
vn 0.000000 -1.000000 0.000000
vn 0.000000 -1.000000 0.000000
vn -0.991705 0.000000 -0.128532
vn -0.991705 0.000000 -0.128532
vn 0.128534 0.000000 -0.991705
vn 0.128534 0.000000 -0.991705
vn 0.128534 0.000000 -0.991705
vn 0.128534 0.000000 -0.991705
vn 0.128534 0.000000 -0.991705
vn 0.128534 0.000000 -0.991705
vn 0.128534 0.000000 -0.991705
vn 0.128532 0.000000 -0.991705
vn 0.991705 0.000000 0.128534
vn 0.991705 0.000000 0.128534
vn -0.128534 0.000000 0.991705
vn -0.128534 0.000000 0.991705
vn -0.128534 0.000000 0.991705
vn -0.128534 0.000000 0.991705
vn -0.128534 0.000000 0.991705
vn -0.128534 0.000000 0.991705
vn -0.128534 0.000000 0.991705
vn -0.128534 0.000000 0.991705
vn -0.991705 0.000000 -0.128532
vn -0.991705 0.000000 -0.128532
vn 0.128534 0.000000 -0.991705
vn 0.128534 0.000000 -0.991705
vn 0.128534 0.000000 -0.991705
vn 0.128532 0.000000 -0.991705
vn 0.991705 0.000000 0.128534
vn 0.991705 0.000000 0.128534
vn -0.128534 0.000000 0.991705
vn -0.128534 0.000000 0.991705
vn -0.128534 0.000000 0.991705
vn -0.128534 0.000000 0.991705
vn 0.000000 -1.000000 -0.000000
vn 0.000000 -1.000000 -0.000000
vn 0.000000 -1.000000 -0.000000
vn 0.000000 -1.000000 -0.000000
vn 0.991705 0.000000 0.128533
vn 0.991705 0.000000 0.128533
vn 0.991705 0.000000 0.128533
vn 0.991705 0.000000 0.128533
vn 0.000000 1.000000 0.000002
vn 0.000000 1.000000 0.000002
vn 0.000000 1.000000 0.000002
vn 0.000000 1.000000 0.000002
vn -0.991705 0.000000 -0.128533
vn -0.991705 0.000000 -0.128533
vn -0.991705 0.000000 -0.128533
vn -0.991705 0.000000 -0.128533
vn 0.049697 -0.922229 -0.383438
vn 0.049697 -0.922229 -0.383438
vn 0.049697 -0.922229 -0.383438
vn 0.049697 -0.922229 -0.383438
vn -0.236907 0.000000 -0.971532
vn -0.236907 0.000000 -0.971532
vn -0.236907 0.000000 -0.971532
vn -0.236907 0.000000 -0.971532
vn 0.114898 0.448240 -0.886498
vn 0.114898 0.448240 -0.886498
vn 0.114898 0.448240 -0.886498
vn 0.114898 0.448240 -0.886498
vn 0.476757 0.000000 -0.879035
vn 0.476757 0.000000 -0.879035
vn 0.476757 0.000000 -0.879035
vn 0.476757 0.000000 -0.879035
vn 0.128535 0.000000 0.991705
vn 0.128534 0.000000 0.991705
vn 0.128534 0.000000 0.991705
vn 0.128534 0.000000 0.991705
vn 0.000000 1.000000 0.000000
vn 0.000000 1.000000 0.000000
vn 0.000000 1.000000 -0.000001
vn 0.000000 1.000000 -0.000001
vn -0.128535 0.000000 -0.991705
vn -0.128535 0.000000 -0.991705
vn -0.128534 0.000000 -0.991705
vn -0.128535 0.000000 -0.991705
vn 0.000000 -1.000000 0.000000
vn 0.000000 -1.000000 0.000000
vn 0.000000 -1.000000 -0.000000
vn 0.000000 -1.000000 -0.000000
vn -0.991706 0.000000 0.128530
vn -0.991706 0.000000 0.128531
vn -0.991706 0.000000 0.128531
vn -0.991706 0.000000 0.128530
vn 0.991705 0.000000 -0.128533
vn 0.991705 0.000000 -0.128534
vn 0.991705 0.000000 -0.128534
vn 0.991705 0.000000 -0.128533
vn 0.128533 0.000000 0.991705
vn 0.128534 0.000000 0.991705
vn 0.000000 1.000000 -0.000001
vn 0.000000 1.000000 -0.000001
vn -0.128534 0.000000 -0.991705
vn -0.128533 0.000000 -0.991705
vn 0.000000 -1.000000 -0.000000
vn 0.000000 -1.000000 -0.000000
vn 0.128532 0.000000 0.991705
vn 0.128532 0.000000 0.991705
vn 0.000000 1.000000 0.000000
vn 0.000000 1.000000 0.000000
vn -0.128530 0.000000 -0.991706
vn -0.128530 0.000000 -0.991706
vn 0.000000 -1.000000 -0.000000
vn 0.000000 -1.000000 -0.000000
vn 0.991705 0.000000 -0.128534
vn 0.991705 0.000000 -0.128534
vn -0.128536 0.000000 -0.991705
vn -0.128535 0.000000 -0.991705
vn -0.128534 0.000000 -0.991705
vn -0.128534 0.000000 -0.991705
vn -0.128534 0.000000 -0.991705
vn -0.128534 0.000000 -0.991705
vn -0.128530 0.000000 -0.991706
vn -0.128533 0.000000 -0.991705
vn -0.991706 0.000000 0.128531
vn -0.991706 0.000000 0.128531
vn 0.128532 0.000000 0.991705
vn 0.128533 0.000000 0.991705
vn 0.128534 0.000000 0.991705
vn 0.128534 0.000000 0.991705
vn 0.128534 0.000000 0.991705
vn 0.128534 0.000000 0.991705
vn 0.128534 0.000000 0.991705
vn 0.128534 0.000000 0.991705
vn 0.991705 0.000000 -0.128534
vn 0.991705 0.000000 -0.128534
vn -0.128535 0.000000 -0.991705
vn -0.128534 0.000000 -0.991705
vn -0.128534 0.000000 -0.991705
vn -0.128529 0.000000 -0.991706
vn -0.991705 0.000000 0.128531
vn -0.991705 0.000000 0.128531
vn 0.128534 0.000000 0.991705
vn 0.128531 0.000000 0.991706
vn 0.128534 0.000000 0.991705
vn 0.128534 0.000000 0.991705
vn 0.000000 -1.000000 0.000000
vn 0.000000 -1.000000 0.000000
vn 0.000000 -1.000000 0.000000
vn 0.000000 -1.000000 0.000000
vn -0.991704 0.000000 0.128541
vn -0.991704 0.000000 0.128541
vn -0.991704 0.000000 0.128541
vn -0.991704 0.000000 0.128541
vn 0.000000 1.000000 0.000000
vn 0.000000 1.000000 0.000000
vn 0.000000 1.000000 0.000000
vn 0.000000 1.000000 0.000000
vn 0.991704 0.000000 -0.128541
vn 0.991704 0.000000 -0.128541
vn 0.991704 0.000000 -0.128541
vn 0.991704 0.000000 -0.128541
vn -0.049697 -0.922227 -0.383442
vn -0.049697 -0.922227 -0.383442
vn -0.049697 -0.922227 -0.383442
vn -0.049697 -0.922227 -0.383442
vn 0.236907 0.000000 -0.971532
vn 0.236907 0.000000 -0.971532
vn 0.236907 0.000000 -0.971532
vn 0.236907 0.000000 -0.971532
vn -0.114898 0.448241 -0.886498
vn -0.114898 0.448241 -0.886498
vn -0.114898 0.448241 -0.886498
vn -0.114898 0.448241 -0.886498
vn -0.476758 0.000000 -0.879034
vn -0.476758 0.000000 -0.879034
vn -0.476758 0.000000 -0.879034
vn -0.476758 0.000000 -0.879034
s 1
g ÔÇÔÇÊ pCube18
usemtl initialShadingGroup
f 603/1291/1443 611/1292/1444 626/1293/1445 619/1294/1446
s 2
f 605/1235/1447 612/1236/1448 613/1237/1449 607/1238/1450
s 3
f 620/1307/1451 621/1308/1452 614/1309/1453 609/1310/1454
s 4
f 609/1243/1455 614/1244/1456 611/1245/1457 603/1246/1458
s 5
f 604/1187/1459 610/1188/1460 623/1189/1461 624/1190/1462
s 6
f 609/1195/1463 603/1196/1464 619/1197/1465 620/1198/1466
s 1
f 625/1295/1467 626/1293/1445 611/1292/1444 615/1296/1468
s 2
f 613/1237/1449 612/1236/1448 616/1239/1469 617/1240/1470
s 3
f 614/1309/1453 621/1308/1452 622/1313/1471 618/1314/1472
s 4
f 611/1245/1457 614/1244/1456 618/1247/1473 615/1248/1474
s 1
f 624/1299/1475 625/1295/1467 615/1296/1468 604/1300/1476
s 2
f 617/1240/1470 616/1239/1469 606/1241/1477 608/1242/1478
s 3
f 618/1314/1472 622/1313/1471 623/1319/1479 610/1320/1480
s 4
f 615/1248/1474 618/1247/1473 610/1249/1481 604/1250/1482
s 6
f 620/1198/1466 619/1197/1465 627/1199/1483 628/1200/1484
s 3
f 628/1311/1485 629/1312/1486 621/1308/1452 620/1307/1451
s off
f 640/1324/1487 639/1318/1488 641/1317/1489 642/1323/1490
s 3
f 623/1319/1479 622/1313/1471 630/1321/1491 631/1325/1492
s 5
f 624/1190/1462 623/1189/1461 631/1191/1493 632/1192/1494
s 1
f 632/1303/1495 633/1304/1496 625/1295/1467 624/1299/1475
s off
f 635/1327/1497 636/1328/1498 637/1329/1499 638/1330/1500
s 1
f 619/1294/1446 626/1293/1445 634/1297/1501 627/1298/1502
s 6
f 628/1200/1484 627/1199/1483 605/1201/1503 607/1202/1504
s 3
f 607/1315/1505 613/1316/1506 629/1312/1486 628/1311/1485
f 630/1321/1491 629/1312/1486 613/1316/1506 617/1322/1507
f 631/1325/1492 630/1321/1491 617/1322/1507 608/1326/1508
s 5
f 632/1192/1494 631/1191/1493 608/1193/1509 606/1194/1510
s 1
f 616/1305/1511 633/1304/1496 632/1303/1495 606/1306/1512
f 612/1301/1513 634/1297/1501 633/1304/1496 616/1305/1511
f 627/1298/1502 634/1297/1501 612/1301/1513 605/1302/1514
s off
f 633/1251/1515 634/1252/1516 636/1253/1517 635/1254/1518
f 634/1203/1519 626/1204/1520 637/1205/1521 636/1206/1522
f 626/1255/1523 625/1256/1524 638/1257/1525 637/1258/1526
f 625/1207/1527 633/1208/1528 635/1209/1529 638/1210/1530
f 622/1259/1531 621/1260/1532 639/1261/1533 640/1262/1534
f 621/1308/1535 629/1312/1536 641/1317/1537 639/1318/1538
f 629/1312/1539 630/1321/1540 642/1323/1541 641/1317/1542
f 630/1321/1543 622/1313/1544 640/1324/1545 642/1323/1546
s 7
f 643/1331/1547 659/1332/1548 666/1333/1549 651/1334/1550
s 8
f 645/1263/1551 647/1264/1552 653/1265/1553 652/1266/1554
s 9
f 660/1347/1555 649/1348/1556 654/1349/1557 661/1350/1558
s 10
f 649/1271/1559 643/1272/1560 651/1273/1561 654/1274/1562
s 11
f 644/1211/1563 664/1212/1564 663/1213/1565 650/1214/1566
s 12
f 649/1219/1567 660/1220/1568 659/1221/1569 643/1222/1570
s 7
f 665/1337/1571 655/1338/1572 651/1334/1550 666/1333/1549
s 8
f 653/1265/1553 657/1267/1573 656/1268/1574 652/1266/1554
s 9
f 654/1349/1557 658/1351/1575 662/1352/1576 661/1350/1558
s 10
f 651/1273/1561 655/1275/1577 658/1276/1578 654/1274/1562
s 7
f 664/1341/1579 644/1342/1580 655/1338/1572 665/1337/1571
s 8
f 657/1267/1573 648/1269/1581 646/1270/1582 656/1268/1574
s 9
f 658/1351/1575 650/1355/1583 663/1356/1584 662/1352/1576
s 10
f 655/1275/1577 644/1277/1585 650/1278/1586 658/1276/1578
s 12
f 660/1220/1568 668/1223/1587 667/1224/1588 659/1221/1569
s 9
f 668/1353/1589 660/1347/1555 661/1350/1558 669/1354/1590
s off
f 680/1363/1591 682/1364/1592 681/1358/1593 679/1357/1594
s 9
f 663/1356/1584 671/1361/1595 670/1362/1596 662/1352/1576
s 11
f 664/1212/1564 672/1215/1597 671/1216/1598 663/1213/1565
s 7
f 672/1345/1599 664/1341/1579 665/1337/1571 673/1344/1600
s off
f 675/1367/1601 678/1368/1602 677/1369/1603 676/1370/1604
s 7
f 659/1332/1548 667/1335/1605 674/1336/1606 666/1333/1549
s 12
f 668/1223/1587 647/1225/1607 645/1226/1608 667/1224/1588
s 9
f 647/1359/1609 668/1353/1589 669/1354/1590 653/1360/1610
f 670/1362/1596 657/1365/1611 653/1360/1610 669/1354/1590
f 671/1361/1595 648/1366/1612 657/1365/1611 670/1362/1596
s 11
f 672/1215/1597 646/1217/1613 648/1218/1614 671/1216/1598
s 7
f 656/1343/1615 646/1346/1616 672/1345/1599 673/1344/1600
f 652/1340/1617 656/1343/1615 673/1344/1600 674/1336/1606
f 667/1335/1605 645/1339/1618 652/1340/1617 674/1336/1606
s off
f 673/1279/1619 675/1280/1620 676/1281/1621 674/1282/1622
f 674/1227/1623 676/1228/1624 677/1229/1625 666/1230/1626
f 666/1283/1627 677/1284/1628 678/1285/1629 665/1286/1630
f 665/1231/1631 678/1232/1632 675/1233/1633 673/1234/1634
f 662/1287/1635 680/1288/1636 679/1289/1637 661/1290/1638
f 661/1350/1639 679/1357/1640 681/1358/1641 669/1354/1642
f 669/1354/1643 681/1358/1644 682/1364/1645 670/1362/1646
f 670/1362/1647 682/1364/1648 680/1363/1649 662/1352/1650
g default
v 165.479538 185.804047 45.012051
v 272.802551 185.804047 62.954781
v 165.479538 188.645477 45.012051
v 272.802551 188.645477 62.954781
v 172.301422 191.243546 4.207493
v 279.624481 191.243546 22.150219
v 172.301422 185.804047 4.207493
v 279.624481 185.804047 22.150219
v 171.619232 190.983734 8.287952
v 171.619232 185.804047 8.287952
v 278.942261 185.804047 26.230663
v 278.942261 190.983734 26.230663
v 278.942261 193.061005 26.230663
v 171.619232 193.061005 8.287952
v 279.624481 193.320801 22.150219
v 172.301422 193.320801 4.207493
v -165.479614 185.804047 45.012043
v -272.802612 185.804047 62.954781
v -165.479614 188.645477 45.012043
v -272.802612 188.645477 62.954781
v -172.301483 191.243546 4.207493
v -279.624481 191.243546 22.150215
v -172.301483 185.804047 4.207493
v -279.624481 185.804047 22.150215
v -171.619232 190.983734 8.287952
v -171.619232 185.804047 8.287952
v -278.942322 185.804047 26.230659
v -278.942322 190.983734 26.230659
v -278.942322 193.061005 26.230659
v -171.619232 193.061005 8.287952
v -279.624481 193.320801 22.150215
v -172.301483 193.320801 4.207493
vt 0.305921 0.431767
vt 0.305876 0.237478
vt 0.332904 0.237472
vt 0.320747 0.431764
vt 0.305871 0.215890
vt 0.334255 0.215884
vt 0.345094 0.215881
vt 0.343743 0.237469
vt 0.978632 0.194296
vt 0.951604 0.194289
vt 0.951649 0.000000
vt 0.966476 0.000004
vt 0.951599 0.215877
vt 0.979982 0.215884
vt 0.989471 0.194298
vt 0.990822 0.215886
vt 0.909217 0.000000
vt 0.924044 0.000007
vt 0.936155 0.194302
vt 0.909127 0.194289
vt 0.937500 0.215890
vt 0.909117 0.215877
vt 0.946994 0.194307
vt 0.948340 0.215895
vt 0.290419 0.237471
vt 0.278235 0.431761
vt 0.263408 0.431762
vt 0.263391 0.237473
vt 0.263389 0.215885
vt 0.291773 0.215883
vt 0.302612 0.215882
vt 0.301258 0.237470
vt 0.569296 0.567806
vt 0.569260 0.000013
vt 0.763932 0.000000
vt 0.763968 0.567794
vt 0.000000 0.021598
vt 0.567794 0.021588
vt 0.567798 0.215877
vt 0.000004 0.215887
vt 0.000000 0.000010
vt 0.567794 0.000000
vt 0.849642 0.567794
vt 0.849673 0.000000
vt 0.871303 0.000001
vt 0.871272 0.567795
vt 0.567806 0.783689
vt 0.567794 0.978361
vt 0.000000 0.978325
vt 0.000013 0.783652
vt 0.369951 0.215881
vt 0.564240 0.215885
vt 0.564230 0.783679
vt 0.369941 0.783675
vt 0.348363 0.215881
vt 0.348353 0.783675
vt 0.975622 0.978339
vt 0.975623 0.999969
vt 0.407829 1.000000
vt 0.407828 0.978370
vt 0.875234 0.567796
vt 0.875131 0.000003
vt 0.889958 0.000000
vt 0.890061 0.567794
vt 0.775578 0.567797
vt 0.775517 0.000003
vt 0.803901 0.000000
vt 0.803961 0.567794
vt 0.764738 0.567798
vt 0.764678 0.000004
vt 0.951674 0.783676
vt 0.951599 0.215882
vt 0.962438 0.215880
vt 0.962513 0.783675
vt 0.892227 0.000000
vt 0.907053 0.000003
vt 0.906951 0.567796
vt 0.892124 0.567794
vt 0.817999 0.000002
vt 0.846383 0.000000
vt 0.846420 0.567794
vt 0.818036 0.567796
vt 0.807197 0.567796
vt 0.807160 0.000003
vt 0.909192 0.215882
vt 0.920031 0.215883
vt 0.919956 0.783678
vt 0.909117 0.783676
vn -0.164896 0.000000 0.986311
vn -0.164896 0.000000 0.986311
vn -0.164896 0.000000 0.986311
vn -0.164896 0.000000 0.986311
vn -0.010335 0.998034 0.061818
vn -0.010335 0.998034 0.061818
vn -0.010335 0.998034 0.061818
vn -0.010335 0.998034 0.061818
vn 0.164896 0.000000 -0.986311
vn 0.164896 0.000000 -0.986311
vn 0.164896 0.000000 -0.986311
vn 0.164896 0.000000 -0.986311
vn 0.000000 -1.000000 0.000000
vn 0.000000 -1.000000 0.000000
vn 0.000000 -1.000000 0.000000
vn 0.000000 -1.000000 0.000000
vn 0.986311 0.000000 0.164896
vn 0.986311 0.000000 0.164897
vn 0.986311 0.000000 0.164897
vn 0.986311 0.000000 0.164896
vn -0.986311 0.000000 -0.164896
vn -0.986311 0.000000 -0.164896
vn -0.986311 0.000000 -0.164896
vn -0.986311 0.000000 -0.164896
vn -0.986311 0.000000 -0.164896
vn -0.986311 0.000000 -0.164896
vn 0.000000 -1.000000 0.000001
vn 0.000000 -1.000000 0.000001
vn 0.986310 0.000000 0.164904
vn 0.986310 0.000000 0.164904
vn -0.010335 0.998034 0.061813
vn -0.010335 0.998034 0.061813
vn -0.010335 0.998034 0.061813
vn -0.010335 0.998034 0.061813
vn -0.164895 0.000000 0.986311
vn -0.164895 0.000000 0.986311
vn -0.164895 0.000000 0.986311
vn -0.164895 0.000000 0.986311
vn 0.986310 0.000000 0.164903
vn 0.986310 0.000000 0.164903
vn 0.986310 0.000000 0.164903
vn 0.986310 0.000000 0.164903
vn 0.164896 0.000000 -0.986311
vn 0.164896 0.000000 -0.986311
vn 0.164896 0.000000 -0.986311
vn 0.164896 0.000000 -0.986311
vn -0.986311 0.000000 -0.164896
vn -0.986311 0.000000 -0.164896
vn -0.986311 0.000000 -0.164896
vn -0.986311 0.000000 -0.164896
vn 0.164896 0.000000 0.986311
vn 0.164896 0.000000 0.986311
vn 0.164896 0.000000 0.986311
vn 0.164896 0.000000 0.986311
vn 0.010335 0.998034 0.061818
vn 0.010335 0.998034 0.061818
vn 0.010335 0.998034 0.061818
vn 0.010335 0.998034 0.061818
vn -0.164896 0.000000 -0.986311
vn -0.164896 0.000000 -0.986311
vn -0.164896 0.000000 -0.986311
vn -0.164896 0.000000 -0.986311
vn 0.000000 -1.000000 0.000000
vn 0.000000 -1.000000 0.000000
vn 0.000000 -1.000000 0.000000
vn 0.000000 -1.000000 0.000000
vn -0.986311 0.000000 0.164896
vn -0.986311 0.000000 0.164896
vn -0.986311 0.000000 0.164895
vn -0.986311 0.000000 0.164895
vn 0.986311 0.000000 -0.164896
vn 0.986311 0.000000 -0.164894
vn 0.986311 0.000000 -0.164894
vn 0.986311 0.000000 -0.164896
vn 0.986309 0.000000 -0.164910
vn 0.986309 0.000000 -0.164910
vn 0.000000 -1.000000 0.000000
vn 0.000000 -1.000000 0.000000
vn -0.986312 0.000000 0.164890
vn -0.986312 0.000000 0.164890
vn 0.010335 0.998034 0.061813
vn 0.010335 0.998034 0.061813
vn 0.010335 0.998034 0.061813
vn 0.010335 0.998034 0.061813
vn 0.164895 0.000000 0.986311
vn 0.164895 0.000000 0.986311
vn 0.164895 0.000000 0.986311
vn 0.164895 0.000000 0.986311
vn -0.986312 0.000000 0.164887
vn -0.986312 0.000000 0.164887
vn -0.986312 0.000000 0.164887
vn -0.986312 0.000000 0.164887
vn -0.164896 0.000000 -0.986311
vn -0.164896 0.000000 -0.986311
vn -0.164896 0.000000 -0.986311
vn -0.164896 0.000000 -0.986311
vn 0.986308 0.000000 -0.164911
vn 0.986309 0.000000 -0.164911
vn 0.986309 0.000000 -0.164911
vn 0.986309 0.000000 -0.164911
s off
g ãÇæÓ_ßíÈæÑÏ pCube20
usemtl initialShadingGroup
f 683/1431/1651 684/1432/1652 686/1433/1653 685/1434/1654
f 685/1403/1655 686/1404/1656 694/1405/1657 691/1406/1658
f 687/1435/1659 688/1436/1660 690/1437/1661 689/1438/1662
s 1
f 692/1407/1663 693/1408/1664 684/1409/1665 683/1410/1666
s 2
f 684/1371/1667 693/1372/1668 694/1373/1669 686/1374/1670
s 3
f 691/1379/1671 692/1380/1672 683/1381/1673 685/1382/1674
f 689/1383/1675 692/1380/1672 691/1379/1671 687/1384/1676
s 1
f 689/1411/1677 690/1412/1678 693/1408/1664 692/1407/1663
s 2
f 694/1373/1669 693/1372/1668 690/1375/1679 688/1376/1680
s off
f 696/1413/1681 695/1414/1682 697/1415/1683 698/1416/1684
f 691/1441/1685 694/1442/1686 695/1443/1687 696/1444/1688
f 694/1373/1689 688/1376/1690 697/1377/1691 695/1378/1692
f 688/1436/1693 687/1435/1694 698/1439/1695 697/1440/1696
f 687/1384/1697 691/1379/1698 696/1385/1699 698/1386/1700
f 699/1445/1701 701/1446/1702 702/1447/1703 700/1448/1704
f 701/1417/1705 707/1418/1706 710/1419/1707 702/1420/1708
f 703/1449/1709 705/1450/1710 706/1451/1711 704/1452/1712
s 4
f 708/1421/1713 699/1422/1714 700/1423/1715 709/1424/1716
s 5
f 700/1387/1717 702/1388/1718 710/1389/1719 709/1390/1720
s 6
f 707/1395/1721 701/1396/1722 699/1397/1723 708/1398/1724
f 705/1399/1725 703/1400/1726 707/1395/1721 708/1398/1724
s 4
f 705/1425/1727 708/1421/1713 709/1424/1716 706/1426/1728
s 5
f 710/1389/1719 704/1391/1729 706/1392/1730 709/1390/1720
s off
f 712/1427/1731 714/1428/1732 713/1429/1733 711/1430/1734
f 707/1455/1735 712/1456/1736 711/1457/1737 710/1458/1738
f 710/1389/1739 711/1393/1740 713/1394/1741 704/1391/1742
f 704/1452/1743 713/1453/1744 714/1454/1745 703/1449/1746
f 703/1400/1747 714/1401/1748 712/1402/1749 707/1395/1750
g default
v 0.955637 191.980133 -67.122360
v -0.196024 192.024399 -68.706863
v -1.892870 192.051773 -69.686470
v -3.841486 192.057480 -69.891083
v -5.704924 192.040573 -69.285789
v -7.160971 192.003967 -67.975372
v -7.957884 191.953964 -66.186020
v -7.957884 191.899246 -64.227356
v -7.160971 191.849243 -62.438148
v -5.704924 191.812637 -61.127655
v -3.841486 191.795715 -60.522438
v -1.892870 191.801437 -60.727158
v -0.196024 191.828796 -61.706467
v 0.955637 191.873077 -63.290970
v 1.363001 191.926605 -65.206749
v 0.344839 192.891998 -66.825005
v -0.643404 192.929993 -68.184494
v -2.099461 192.953461 -69.024940
v -3.771590 192.958374 -69.200699
v -5.370607 192.943863 -68.681175
v -6.620111 192.912445 -67.556572
v -7.303877 192.869553 -66.021378
v -7.303877 192.822586 -64.340668
v -6.620111 192.779694 -62.805359
v -5.370607 192.748260 -61.680779
v -3.771595 192.733765 -61.161423
v -2.099461 192.738663 -61.337090
v -0.643404 192.762146 -62.177429
v 0.344839 192.800140 -63.537079
v 0.694429 192.846069 -65.181061
v -0.427355 193.643494 -66.460007
v -1.208979 193.673538 -67.535301
v -2.360701 193.692108 -68.200172
v -3.683238 193.695984 -68.338974
v -4.947981 193.684509 -67.928238
v -5.936224 193.659653 -67.038628
v -6.477110 193.625732 -65.824348
v -6.477110 193.588593 -64.495239
v -5.936224 193.554657 -63.280754
v -4.947981 193.529800 -62.391190
v -3.683238 193.518326 -61.980446
v -2.360701 193.522217 -62.119461
v -1.208979 193.540787 -62.784088
v -0.427355 193.570831 -63.859573
v -0.150839 193.607162 -65.159790
v -1.327269 194.200958 -66.043732
v -1.868158 194.221741 -66.787865
v -2.665087 194.234589 -67.247658
v -3.580271 194.237274 -67.343880
v -4.455442 194.229340 -67.059517
v -5.139261 194.212143 -66.444122
v -5.513609 194.188660 -65.603867
v -5.513609 194.162964 -64.683945
v -5.139261 194.139481 -63.843712
v -4.455450 194.122284 -63.228127
v -3.580271 194.114334 -62.943901
v -2.665087 194.117020 -63.039986
v -1.868158 194.129883 -63.499924
v -1.327269 194.150665 -64.244087
v -1.135923 194.175812 -65.143906
v -2.315535 194.539810 -65.594032
v -2.592009 194.550446 -65.974495
v -2.999379 194.557007 -66.209534
v -3.467188 194.558380 -66.258644
v -3.914560 194.554321 -66.113365
v -4.264120 194.545532 -65.798653
v -4.455450 194.533524 -65.369225
v -4.455450 194.520386 -64.898972
v -4.264120 194.508392 -64.469543
v -3.914560 194.499603 -64.154808
v -3.467189 194.495544 -64.009506
v -2.999379 194.496918 -64.058640
v -2.592009 194.503479 -64.293701
v -2.315535 194.514114 -64.674133
v -2.217747 194.526962 -65.134094
v -3.348943 194.645782 -65.130775
v 2.251525 190.860580 -67.735550
v 0.750299 190.918304 -69.801208
v 0.382871 192.139771 -69.358521
v 1.749844 192.087219 -67.477776
v -1.461535 190.953964 -71.077507
v -1.631215 192.172256 -70.521271
v -4.001531 190.961426 -71.344475
v -3.944141 192.179047 -70.764137
v -6.430508 190.939377 -70.555717
v -6.155964 192.158981 -70.045685
v -8.328516 190.891647 -68.847290
v -7.884231 192.115509 -68.490280
v -9.367168 190.826477 -66.514977
v -8.830133 192.056168 -66.366379
v -9.367168 190.755142 -63.961960
v -8.830133 191.991211 -64.041534
v -8.328516 190.689987 -61.629738
v -7.884231 191.931870 -61.917824
v -6.430508 190.642258 -59.921394
v -6.155964 191.888412 -60.362320
v -4.001531 190.620209 -59.132477
v -3.944141 191.868347 -59.643951
v -1.461535 190.627670 -59.399361
v -1.631215 191.875137 -59.886948
v 0.750299 190.663330 -60.675850
v 0.382871 191.907608 -61.049339
v 2.251525 190.721039 -62.741211
v 1.749844 191.960159 -62.930077
v 2.782356 190.790817 -65.238480
v 2.233368 192.023697 -65.204033
vt 0.961438 0.543696
vt 0.957924 0.523118
vt 0.968920 0.522187
vt 0.972119 0.540926
vt 0.957928 0.502243
vt 0.968923 0.503177
vt 0.968369 0.563388
vt 0.978431 0.558855
vt 0.961449 0.481668
vt 0.972130 0.484441
vt 0.968387 0.461979
vt 0.978447 0.466513
vt 0.959685 0.186913
vt 0.957924 0.166112
vt 0.968959 0.166114
vt 0.970563 0.185055
vt 0.959692 0.145313
vt 0.970569 0.147175
vt 0.964927 0.207119
vt 0.975336 0.203455
vt 0.964942 0.125106
vt 0.975349 0.128777
vt 0.488825 0.623069
vt 0.480376 0.611393
vt 0.488416 0.607753
vt 0.494687 0.616473
vt 0.482845 0.629844
vt 0.472156 0.615150
vt 0.477409 0.597291
vt 0.486234 0.597237
vt 0.496341 0.604217
vt 0.500488 0.610017
vt 0.501291 0.630299
vt 0.503963 0.621887
vt 0.477907 0.635222
vt 0.465444 0.618088
vt 0.468373 0.597375
vt 0.498584 0.638921
vt 0.480437 0.583200
vt 0.488519 0.586744
vt 0.494912 0.597231
vt 0.504204 0.600763
vt 0.506265 0.603664
vt 0.506635 0.613630
vt 0.515618 0.631832
vt 0.514637 0.623061
vt 0.496260 0.645806
vt 0.461033 0.597359
vt 0.472150 0.579598
vt 0.516652 0.640811
vt 0.488935 0.571561
vt 0.494877 0.578086
vt 0.496450 0.590268
vt 0.503500 0.597275
vt 0.512058 0.597365
vt 0.509329 0.605476
vt 0.513720 0.614429
vt 0.529328 0.627405
vt 0.524866 0.619789
vt 0.517330 0.648011
vt 0.465435 0.576629
vt 0.482831 0.564899
vt 0.533925 0.635187
vt 0.501432 0.564385
vt 0.504205 0.572763
vt 0.500687 0.584533
vt 0.504277 0.593802
vt 0.512864 0.605885
vt 0.520517 0.612279
vt 0.540051 0.617787
vt 0.532878 0.612644
vt 0.537474 0.641451
vt 0.477890 0.559489
vt 0.498567 0.555816
vt 0.547414 0.623027
vt 0.515766 0.562913
vt 0.514891 0.571695
vt 0.506890 0.581016
vt 0.506399 0.590946
vt 0.516259 0.604821
vt 0.525851 0.607550
vt 0.545937 0.604640
vt 0.537293 0.602857
vt 0.553205 0.627270
vt 0.496236 0.548897
vt 0.516634 0.553918
vt 0.554794 0.606437
vt 0.529458 0.567397
vt 0.525086 0.575065
vt 0.513987 0.580327
vt 0.509499 0.589198
vt 0.518928 0.602467
vt 0.528801 0.601060
vt 0.545969 0.590235
vt 0.537346 0.592121
vt 0.561809 0.607923
vt 0.517303 0.546682
vt 0.533910 0.559532
vt 0.554791 0.588277
vt 0.540141 0.577062
vt 0.533029 0.582290
vt 0.520750 0.582583
vt 0.513042 0.588863
vt 0.520410 0.599231
vt 0.528857 0.593930
vt 0.561806 0.586748
vt 0.537450 0.553227
vt 0.547406 0.571687
vt 0.526009 0.587395
vt 0.516415 0.589998
vt 0.520447 0.595673
vt 0.553192 0.567400
vt 0.519034 0.592407
vt 0.405420 0.709825
vt 0.417690 0.726715
vt 0.422029 0.747133
vt 0.417690 0.767553
vt 0.405419 0.784441
vt 0.387340 0.794878
vt 0.366580 0.797060
vt 0.346726 0.790609
vt 0.331213 0.776641
vt 0.322723 0.757570
vt 0.322723 0.736695
vt 0.331213 0.717624
vt 0.346727 0.703655
vt 0.366580 0.697205
vt 0.387341 0.699389
vt 0.446102 0.546672
vt 0.449622 0.567248
vt 0.438627 0.568183
vt 0.435420 0.549445
vt 0.449626 0.588123
vt 0.438630 0.587192
vt 0.446112 0.608700
vt 0.435430 0.605930
vt 0.894852 0.714577
vt 0.891332 0.694001
vt 0.902328 0.693067
vt 0.905533 0.711804
vt 0.891331 0.673126
vt 0.902326 0.674058
vt 0.894847 0.652549
vt 0.905528 0.655320
vn 0.834557 0.416979 -0.360059
vn 0.611274 0.425583 -0.667251
vn 0.611305 0.425583 -0.667222
vn 0.834562 0.416978 -0.360049
vn 0.282325 0.430810 -0.857144
vn 0.282314 0.430810 -0.857147
vn -0.095490 0.431940 -0.896833
vn -0.095491 0.431940 -0.896833
vn -0.456750 0.428720 -0.779473
vn -0.456769 0.428720 -0.779462
vn -0.739088 0.421580 -0.525375
vn -0.739081 0.421580 -0.525385
vn -0.893605 0.411839 -0.178492
vn -0.893607 0.411839 -0.178482
vn -0.893610 0.401221 0.201204
vn -0.893607 0.401220 0.201217
vn -0.739097 0.391548 0.548111
vn -0.739086 0.391548 0.548126
vn -0.456773 0.384471 0.802210
vn -0.456775 0.384471 0.802208
vn -0.095487 0.381203 0.919547
vn -0.095488 0.381203 0.919547
vn 0.282305 0.382311 0.879854
vn 0.282305 0.382311 0.879854
vn 0.611275 0.387624 0.689993
vn 0.611277 0.387624 0.689992
vn 0.834573 0.396196 0.382776
vn 0.834576 0.396196 0.382769
vn 0.913560 0.406545 0.011360
vn 0.913560 0.406545 0.011359
vn 0.738969 0.596901 -0.312465
vn 0.541258 0.604527 -0.584454
vn 0.505729 0.670249 -0.543143
vn 0.690442 0.663138 -0.289028
vn 0.249974 0.609282 -0.752521
vn 0.233581 0.674672 -0.700184
vn -0.084577 0.610262 -0.787672
vn -0.079025 0.675590 -0.733030
vn -0.404429 0.607358 -0.683779
vn -0.377896 0.672879 -0.635947
vn -0.654357 0.601067 -0.458841
vn -0.611429 0.667000 -0.425754
vn -0.791205 0.592446 -0.151667
vn -0.739268 0.658956 -0.138780
vn -0.791208 0.583043 0.184527
vn -0.739270 0.650176 0.175359
vn -0.654390 0.574461 0.491699
vn -0.611441 0.642162 0.462350
vn -0.404433 0.568171 0.716669
vn -0.377890 0.636276 0.672572
vn -0.084552 0.565264 0.820565
vn -0.078997 0.633564 0.769647
vn 0.249963 0.566245 0.785420
vn 0.233555 0.634489 0.736801
vn 0.541261 0.570935 0.617308
vn 0.505720 0.638875 0.579729
vn 0.738964 0.578532 0.345301
vn 0.690446 0.645972 0.325584
vn 0.808896 0.587722 0.016423
vn 0.755791 0.654558 0.018287
vn 0.407412 0.805601 -0.430142
vn 0.556215 0.799886 -0.225403
vn 0.188157 0.809146 -0.556669
vn -0.063662 0.809892 -0.583115
vn -0.304444 0.807697 -0.504915
vn -0.492574 0.802965 -0.335586
vn -0.595558 0.796501 -0.104389
vn -0.595557 0.789433 0.148683
vn -0.492575 0.782982 0.379881
vn -0.304430 0.778243 0.549236
vn -0.063633 0.776056 0.627445
vn 0.188145 0.776800 0.600985
vn 0.407404 0.780334 0.474448
vn 0.556217 0.786058 0.269697
vn 0.608852 0.792974 0.022157
vn 0.294316 0.906837 -0.301702
vn 0.401827 0.902714 -0.153764
vn 0.135918 0.909402 -0.393083
vn -0.045990 0.909931 -0.412202
vn -0.219942 0.908353 -0.355697
vn -0.355854 0.904932 -0.233379
vn -0.430249 0.900268 -0.066351
vn -0.430247 0.895161 0.116510
vn -0.355854 0.890499 0.283514
vn -0.219935 0.887086 0.405842
vn -0.045974 0.885502 0.462356
vn 0.135915 0.886029 0.443260
vn 0.294322 0.888586 0.351838
vn 0.401829 0.892721 0.203918
vn 0.439848 0.897722 0.025091
vn 0.179044 0.968708 -0.171896
vn 0.244455 0.966199 -0.081863
vn 0.082672 0.970260 -0.227512
vn -0.027975 0.970588 -0.239117
vn -0.133805 0.969624 -0.204756
vn -0.216481 0.967551 -0.130314
vn -0.261741 0.964712 -0.028697
vn -0.261737 0.961604 0.082527
vn -0.216487 0.958763 0.184136
vn -0.133813 0.956684 0.258552
vn -0.027975 0.955724 0.292933
vn 0.082676 0.956048 0.281311
vn 0.179051 0.957600 0.225703
vn 0.244458 0.960118 0.135697
vn 0.267587 0.963158 0.026916
vn -0.000001 0.999610 0.027925
vn 0.000000 -0.999610 -0.027930
vn 0.000000 -0.999610 -0.027930
vn 0.000000 -0.999610 -0.027930
vn 0.000000 -0.999610 -0.027930
vn 0.000000 -0.999610 -0.027930
vn 0.000000 -0.999610 -0.027930
vn 0.000000 -0.999610 -0.027930
vn 0.000000 -0.999610 -0.027930
vn 0.000000 -0.999610 -0.027930
vn 0.000000 -0.999610 -0.027930
vn 0.000000 -0.999610 -0.027930
vn 0.000000 -0.999610 -0.027930
vn 0.000000 -0.999610 -0.027930
vn 0.000000 -0.999610 -0.027930
vn 0.000000 -0.999610 -0.027930
vn -0.091511 0.991336 0.094232
vn -0.091511 0.991336 0.094232
vn -0.091511 0.991336 0.094232
vn -0.091511 0.991336 0.094232
vn -0.056357 0.990519 0.125283
vn -0.056357 0.990519 0.125283
vn -0.056357 0.990519 0.125283
vn -0.056357 0.990519 0.125283
vn -0.011718 0.990187 0.139259
vn -0.011718 0.990187 0.139259
vn -0.011718 0.990187 0.139259
vn -0.011718 0.990187 0.139259
vn 0.034493 0.990403 0.133837
vn 0.034493 0.990403 0.133837
vn 0.034493 0.990403 0.133837
vn 0.034493 0.990403 0.133837
vn 0.074341 0.991116 0.110285
vn 0.074341 0.991116 0.110285
vn 0.074341 0.991116 0.110285
vn 0.074341 0.991116 0.110285
vn 0.101200 0.992199 0.072797
vn 0.101200 0.992199 0.072797
vn 0.101200 0.992199 0.072797
vn 0.101200 0.992199 0.072797
vn 0.110663 0.993470 0.027760
vn 0.110663 0.993470 0.027760
vn 0.110663 0.993470 0.027760
vn 0.110663 0.993470 0.027760
vn 0.101201 0.994716 -0.017295
vn 0.101201 0.994716 -0.017295
vn 0.101201 0.994716 -0.017295
vn 0.101201 0.994716 -0.017295
vn 0.074339 0.995727 -0.054794
vn 0.074339 0.995727 -0.054794
vn 0.074339 0.995727 -0.054794
vn 0.074339 0.995727 -0.054794
vn 0.034485 0.996329 -0.078355
vn 0.034485 0.996329 -0.078355
vn 0.034485 0.996329 -0.078355
vn 0.034485 0.996329 -0.078355
vn -0.011725 0.996419 -0.083740
vn -0.011725 0.996419 -0.083740
vn -0.011725 0.996419 -0.083740
vn -0.011725 0.996419 -0.083740
vn -0.056349 0.995969 -0.069794
vn -0.056349 0.995969 -0.069794
vn -0.056349 0.995969 -0.069794
vn -0.056349 0.995969 -0.069794
vn -0.091518 0.995051 -0.038702
vn -0.091518 0.995051 -0.038702
vn -0.091518 0.995051 -0.038702
vn -0.091518 0.995051 -0.038702
vn -0.110875 0.993825 0.004197
vn -0.110876 0.993825 0.004197
vn -0.110875 0.993825 0.004197
vn -0.110875 0.993825 0.004197
vn -0.110870 0.992510 0.051304
vn -0.110870 0.992510 0.051304
vn -0.110870 0.992510 0.051304
vn -0.110870 0.992510 0.051304
s 1
g ÇÒÑÇÑ ÇÒÑÇÑ pSphere5
usemtl initialShadingGroup
f 791/1475/1751 792/1479/1752 793/1480/1753 794/1476/1754
f 792/1587/1752 795/1588/1755 796/1589/1756 793/1590/1753
f 795/1588/1755 797/1591/1757 798/1592/1758 796/1589/1756
f 797/1591/1757 799/1593/1759 800/1594/1760 798/1592/1758
f 799/1465/1759 801/1459/1761 802/1462/1762 800/1466/1760
f 801/1459/1761 803/1460/1763 804/1461/1764 802/1462/1762
f 803/1460/1763 805/1463/1765 806/1464/1766 804/1461/1764
f 805/1463/1765 807/1467/1767 808/1468/1768 806/1464/1766
f 807/1467/1767 809/1469/1769 810/1470/1770 808/1468/1768
f 809/1595/1769 811/1596/1771 812/1597/1772 810/1598/1770
f 811/1596/1771 813/1599/1773 814/1600/1774 812/1597/1772
f 813/1599/1773 815/1601/1775 816/1602/1776 814/1600/1774
f 815/1477/1775 817/1471/1777 818/1474/1778 816/1478/1776
f 817/1471/1777 819/1472/1779 820/1473/1780 818/1474/1778
f 819/1472/1779 791/1475/1751 794/1476/1754 820/1473/1780
s 2
f 715/1533/1781 716/1521/1782 731/1516/1783 730/1528/1784
f 716/1521/1782 717/1508/1785 732/1503/1786 731/1516/1783
f 717/1508/1785 718/1496/1787 733/1491/1788 732/1503/1786
f 718/1496/1787 719/1485/1789 734/1481/1790 733/1491/1788
f 719/1485/1789 720/1486/1791 735/1482/1792 734/1481/1790
f 720/1486/1791 721/1495/1793 736/1487/1794 735/1482/1792
f 721/1495/1793 722/1507/1795 737/1497/1796 736/1487/1794
f 722/1507/1795 723/1520/1797 738/1509/1798 737/1497/1796
f 723/1520/1797 724/1532/1799 739/1522/1800 738/1509/1798
f 724/1532/1799 725/1544/1801 740/1534/1802 739/1522/1800
f 725/1544/1801 726/1556/1803 741/1546/1804 740/1534/1802
f 726/1556/1803 727/1566/1805 742/1558/1806 741/1546/1804
f 727/1566/1805 728/1557/1807 743/1552/1808 742/1558/1806
f 728/1557/1807 729/1545/1809 744/1540/1810 743/1552/1808
f 729/1545/1809 715/1533/1781 730/1528/1784 744/1540/1810
f 730/1528/1784 731/1516/1783 746/1517/1811 745/1529/1812
f 731/1516/1783 732/1503/1786 747/1504/1813 746/1517/1811
f 732/1503/1786 733/1491/1788 748/1492/1814 747/1504/1813
f 733/1491/1788 734/1481/1790 749/1484/1815 748/1492/1814
f 734/1481/1790 735/1482/1792 750/1483/1816 749/1484/1815
f 735/1482/1792 736/1487/1794 751/1488/1817 750/1483/1816
f 736/1487/1794 737/1497/1796 752/1498/1818 751/1488/1817
f 737/1497/1796 738/1509/1798 753/1510/1819 752/1498/1818
f 738/1509/1798 739/1522/1800 754/1523/1820 753/1510/1819
f 739/1522/1800 740/1534/1802 755/1535/1821 754/1523/1820
f 740/1534/1802 741/1546/1804 756/1547/1822 755/1535/1821
f 741/1546/1804 742/1558/1806 757/1559/1823 756/1547/1822
f 742/1558/1806 743/1552/1808 758/1553/1824 757/1559/1823
f 743/1552/1808 744/1540/1810 759/1541/1825 758/1553/1824
f 744/1540/1810 730/1528/1784 745/1529/1812 759/1541/1825
f 745/1529/1812 746/1517/1811 761/1527/1826 760/1539/1827
f 746/1517/1811 747/1504/1813 762/1515/1828 761/1527/1826
f 747/1504/1813 748/1492/1814 763/1502/1829 762/1515/1828
f 748/1492/1814 749/1484/1815 764/1490/1830 763/1502/1829
f 749/1484/1815 750/1483/1816 765/1489/1831 764/1490/1830
f 750/1483/1816 751/1488/1817 766/1499/1832 765/1489/1831
f 751/1488/1817 752/1498/1818 767/1511/1833 766/1499/1832
f 752/1498/1818 753/1510/1819 768/1524/1834 767/1511/1833
f 753/1510/1819 754/1523/1820 769/1536/1835 768/1524/1834
f 754/1523/1820 755/1535/1821 770/1548/1836 769/1536/1835
f 755/1535/1821 756/1547/1822 771/1560/1837 770/1548/1836
f 756/1547/1822 757/1559/1823 772/1567/1838 771/1560/1837
f 757/1559/1823 758/1553/1824 773/1563/1839 772/1567/1838
f 758/1553/1824 759/1541/1825 774/1551/1840 773/1563/1839
f 759/1541/1825 745/1529/1812 760/1539/1827 774/1551/1840
f 760/1539/1827 761/1527/1826 776/1538/1841 775/1550/1842
f 761/1527/1826 762/1515/1828 777/1526/1843 776/1538/1841
f 762/1515/1828 763/1502/1829 778/1514/1844 777/1526/1843
f 763/1502/1829 764/1490/1830 779/1501/1845 778/1514/1844
f 764/1490/1830 765/1489/1831 780/1500/1846 779/1501/1845
f 765/1489/1831 766/1499/1832 781/1512/1847 780/1500/1846
f 766/1499/1832 767/1511/1833 782/1525/1848 781/1512/1847
f 767/1511/1833 768/1524/1834 783/1537/1849 782/1525/1848
f 768/1524/1834 769/1536/1835 784/1549/1850 783/1537/1849
f 769/1536/1835 770/1548/1836 785/1561/1851 784/1549/1850
f 770/1548/1836 771/1560/1837 786/1568/1852 785/1561/1851
f 771/1560/1837 772/1567/1838 787/1571/1853 786/1568/1852
f 772/1567/1838 773/1563/1839 788/1569/1854 787/1571/1853
f 773/1563/1839 774/1551/1840 789/1562/1855 788/1569/1854
f 774/1551/1840 760/1539/1827 775/1550/1842 789/1562/1855
f 775/1550/1842 776/1538/1841 790/1513/1856
f 776/1538/1841 777/1526/1843 790/1513/1856
f 777/1526/1843 778/1514/1844 790/1513/1856
f 778/1514/1844 779/1501/1845 790/1513/1856
f 779/1501/1845 780/1500/1846 790/1513/1856
f 780/1500/1846 781/1512/1847 790/1513/1856
f 781/1512/1847 782/1525/1848 790/1513/1856
f 782/1525/1848 783/1537/1849 790/1513/1856
f 783/1537/1849 784/1549/1850 790/1513/1856
f 784/1549/1850 785/1561/1851 790/1513/1856
f 785/1561/1851 786/1568/1852 790/1513/1856
f 786/1568/1852 787/1571/1853 790/1513/1856
f 787/1571/1853 788/1569/1854 790/1513/1856
f 788/1569/1854 789/1562/1855 790/1513/1856
f 789/1562/1855 775/1550/1842 790/1513/1856
s off
f 792/1572/1857 791/1573/1858 819/1574/1859 817/1575/1860 815/1576/1861 813/1577/1862 811/1578/1863 809/1579/1864 807/1580/1865 805/1581/1866 803/1582/1867 801/1583/1868 799/1584/1869 797/1585/1870 795/1586/1871
f 716/1521/1872 715/1533/1873 794/1542/1874 793/1530/1875
f 717/1508/1876 716/1521/1877 793/1530/1878 796/1518/1879
f 718/1496/1880 717/1508/1881 796/1518/1882 798/1505/1883
f 719/1485/1884 718/1496/1885 798/1505/1886 800/1493/1887
f 720/1486/1888 719/1485/1889 800/1493/1890 802/1494/1891
f 721/1495/1892 720/1486/1893 802/1494/1894 804/1506/1895
f 722/1507/1896 721/1495/1897 804/1506/1898 806/1519/1899
f 723/1520/1900 722/1507/1901 806/1519/1902 808/1531/1903
f 724/1532/1904 723/1520/1905 808/1531/1906 810/1543/1907
f 725/1544/1908 724/1532/1909 810/1543/1910 812/1555/1911
f 726/1556/1912 725/1544/1913 812/1555/1914 814/1565/1915
f 727/1566/1916 726/1556/1917 814/1565/1918 816/1570/1919
f 728/1557/1920 727/1566/1921 816/1570/1922 818/1564/1923
f 729/1545/1924 728/1557/1925 818/1564/1926 820/1554/1927
f 715/1533/1928 729/1545/1929 820/1554/1930 794/1542/1931
g default
v -72.281754 190.561264 17.403076
v -49.987011 190.561264 17.403076
v -72.281754 194.020737 17.499737
v -49.987011 194.020737 17.499737
v -72.281754 194.448318 2.196852
v -49.987011 194.448318 2.196852
v -72.281754 190.988846 2.100191
v -49.987011 190.988846 2.100191
vt 0.957932 0.125130
vt 0.957924 0.000002
vt 0.986212 0.000000
vt 0.986219 0.125129
vt 0.916944 0.336874
vt 0.916951 0.211746
vt 0.945239 0.211748
vt 0.945231 0.336876
vt 0.512259 0.546686
vt 0.512276 0.364458
vt 0.637404 0.364469
vt 0.637388 0.546697
vt 0.384194 0.182228
vt 0.384211 0.000000
vt 0.509339 0.000011
vt 0.509323 0.182240
vt 0.594220 0.904084
vt 0.594226 0.721856
vt 0.622513 0.721856
vt 0.622508 0.904085
vt 0.204904 0.911152
vt 0.204909 0.728924
vt 0.233196 0.728925
vt 0.233191 0.911153
vn 0.000000 -0.027930 0.999610
vn 0.000000 -0.027930 0.999610
vn 0.000000 -0.027930 0.999610
vn 0.000000 -0.027930 0.999610
vn 0.000000 0.999610 0.027930
vn 0.000000 0.999610 0.027930
vn 0.000000 0.999610 0.027930
vn 0.000000 0.999610 0.027930
vn 0.000000 0.027930 -0.999610
vn 0.000000 0.027930 -0.999610
vn 0.000000 0.027930 -0.999610
vn 0.000000 0.027930 -0.999610
vn 0.000000 -0.999610 -0.027931
vn 0.000000 -0.999610 -0.027931
vn 0.000000 -0.999610 -0.027931
vn 0.000000 -0.999610 -0.027931
vn 1.000000 0.000000 0.000000
vn 1.000000 0.000000 0.000000
vn 1.000000 0.000000 0.000000
vn 1.000000 0.000000 0.000000
vn -1.000000 0.000000 0.000000
vn -1.000000 0.000000 0.000000
vn -1.000000 0.000000 0.000000
vn -1.000000 0.000000 0.000000
s off
g ÇÒÑÇÑ ÇÒÑÇÑ pCube7
usemtl initialShadingGroup
f 821/1619/1932 822/1620/1933 824/1621/1934 823/1622/1935
f 823/1611/1936 824/1612/1937 826/1613/1938 825/1614/1939
f 825/1623/1940 826/1624/1941 828/1625/1942 827/1626/1943
f 827/1615/1944 828/1616/1945 822/1617/1946 821/1618/1947
f 822/1603/1948 828/1604/1949 826/1605/1950 824/1606/1951
f 827/1607/1952 821/1608/1953 823/1609/1954 825/1610/1955
g default
v 234.625717 263.436554 -118.242462
v 237.881012 266.168762 -124.753380
v 233.984894 274.191528 -149.152313
v 214.495911 271.435242 -173.807281
v 183.878662 258.531219 -193.070114
v 149.147278 238.435776 -202.527969
v 118.258308 215.752411 -200.014160
v 98.287987 195.677689 -186.104507
v 93.811310 182.810425 -163.985641
v 105.853821 180.098419 -138.724655
v 232.905792 272.208740 -115.844292
v 236.205688 274.510895 -120.731339
v 232.146530 282.869324 -146.151184
v 211.842072 279.997711 -171.837753
v 179.943787 266.553802 -191.906601
v 143.759140 245.617477 -201.760162
v 111.577660 221.985001 -199.141159
v 90.771774 201.070282 -184.649536
v 86.107780 187.664642 -161.605133
v 98.654144 184.839172 -135.287201
v 237.386292 279.307922 -111.701912
v 241.533722 281.232422 -116.930016
v 237.080994 290.401306 -144.814514
v 214.807846 287.251221 -172.991608
v 179.816757 272.503845 -195.006317
v 140.123718 249.537567 -205.815308
v 104.822029 223.613739 -202.942352
v 81.998756 200.671173 -187.045654
v 76.882591 185.965759 -161.766907
v 90.645462 182.866287 -132.897202
v 245.442383 280.575409 -108.241798
v 250.744049 282.396027 -115.576157
v 245.897797 292.375336 -145.925339
v 221.655914 288.946838 -176.593002
v 183.572006 272.895905 -200.553513
v 140.370590 247.899719 -212.317886
v 101.948608 219.684509 -209.191025
v 77.108070 194.714111 -191.889221
v 71.539658 178.708878 -164.376129
v 86.519020 175.335449 -132.954681
v 252.355011 275.268738 -107.490852
v 258.441315 277.319977 -117.462936
v 253.432114 287.635040 -148.832932
v 228.374771 284.091187 -180.532211
v 189.009766 267.500366 -205.298737
v 144.355148 241.663315 -217.458862
v 104.640762 212.499023 -214.226791
v 78.964622 186.688644 -196.342987
v 73.208824 170.144974 -167.904388
v 88.692108 166.658127 -135.425995
v 254.074860 266.496521 -109.889046
v 260.116730 268.977936 -121.484940
v 255.270508 278.957245 -151.834122
v 231.028656 275.528748 -182.501740
v 192.944748 259.477844 -206.462296
v 149.743286 234.481628 -218.226654
v 111.321358 206.266449 -215.099777
v 86.480827 181.296021 -197.797974
v 80.912384 165.290771 -170.284897
v 95.891701 161.917358 -138.863449
v 249.594452 259.397339 -114.031509
v 254.788757 262.256378 -125.286270
v 250.336014 271.425232 -153.170776
v 228.062851 268.275208 -181.347885
v 193.071762 253.527802 -203.362579
v 153.378738 230.561523 -214.171570
v 118.077026 204.637726 -211.298599
v 95.253792 181.695099 -195.401871
v 90.137604 166.989716 -170.123154
v 103.900452 163.890228 -141.253464
v 241.538376 258.129913 -117.491592
v 245.578400 261.092804 -126.640060
v 241.519287 269.451263 -152.059921
v 221.214737 266.579590 -177.746521
v 189.316437 253.135666 -197.815308
v 153.131851 232.199402 -207.668945
v 120.950409 208.566940 -205.049927
v 100.144493 187.652206 -190.558289
v 95.480507 174.246582 -167.513916
v 108.026886 171.421082 -141.195938
v -234.625763 263.436523 -118.242439
v -237.881073 266.168762 -124.753365
v -233.984924 274.191528 -149.152283
v -214.495941 271.435242 -173.807251
v -183.878693 258.531189 -193.070129
v -149.147339 238.435745 -202.527954
v -118.258331 215.752441 -200.014160
v -98.288025 195.677658 -186.104523
v -93.811310 182.810425 -163.985626
v -105.853821 180.098358 -138.724655
v -232.905853 272.208740 -115.844322
v -236.205688 274.510864 -120.731346
v -232.146637 282.869293 -146.151154
v -211.842072 279.997681 -171.837723
v -179.943817 266.553802 -191.906601
v -143.759186 245.617447 -201.760162
v -111.577728 221.985016 -199.141159
v -90.771820 201.070282 -184.649521
v -86.107834 187.664642 -161.605133
v -98.654236 184.839172 -135.287201
v -237.386322 279.307861 -111.701904
v -241.533722 281.232422 -116.930008
v -237.081024 290.401306 -144.814514
v -214.807831 287.251221 -172.991623
v -179.816772 272.503845 -195.006317
v -140.123749 249.537552 -205.815292
v -104.822052 223.613739 -202.942291
v -81.998840 200.671173 -187.045624
v -76.882599 185.965759 -161.766907
v -90.645477 182.866272 -132.897171
v -245.442383 280.575409 -108.241791
v -250.744110 282.395996 -115.576187
v -245.897797 292.375336 -145.925308
v -221.655914 288.946808 -176.593002
v -183.572052 272.895935 -200.553528
v -140.370667 247.899750 -212.317871
v -101.948700 219.684509 -209.191010
v -77.108139 194.714111 -191.889221
v -71.539719 178.708862 -164.376114
v -86.519043 175.335419 -132.954681
v -252.355042 275.268738 -107.490860
v -258.441376 277.320007 -117.462906
v -253.432129 287.635040 -148.832947
v -228.374817 284.091125 -180.532181
v -189.009827 267.500366 -205.298752
v -144.355164 241.663315 -217.458878
v -104.640778 212.499023 -214.226791
v -78.964661 186.688629 -196.342987
v -73.208893 170.144989 -167.904388
v -88.692108 166.658127 -135.425995
v -254.074860 266.496490 -109.889076
v -260.116730 268.977936 -121.484962
v -255.270477 278.957214 -151.834106
v -231.028656 275.528748 -182.501755
v -192.944763 259.477844 -206.462265
v -149.743347 234.481613 -218.226654
v -111.321411 206.266418 -215.099747
v -86.480835 181.295990 -197.797943
v -80.912384 165.290771 -170.284897
v -95.891754 161.917358 -138.863449
v -249.594452 259.397308 -114.031494
v -254.788788 262.256348 -125.286247
v -250.336029 271.425232 -153.170746
v -228.062897 268.275208 -181.347870
v -193.071747 253.527802 -203.362579
v -153.378784 230.561523 -214.171524
v -118.077087 204.637665 -211.298599
v -95.253815 181.695129 -195.401886
v -90.137604 166.989716 -170.123138
v -103.900482 163.890259 -141.253448
v -241.538361 258.129883 -117.491577
v -245.578400 261.092773 -126.640099
v -241.519318 269.451294 -152.059906
v -221.214783 266.579590 -177.746521
v -189.316498 253.135712 -197.815338
v -153.131897 232.199402 -207.668945
v -120.950409 208.566925 -205.049911
v -100.144501 187.652206 -190.558289
v -95.480530 174.246582 -167.513916
v -108.026917 171.421082 -141.195923
vt 0.878898 0.070393
vt 0.878898 0.047749
vt 0.905044 0.047749
vt 0.905044 0.070393
vt 0.853536 0.070393
vt 0.853536 0.047749
vt 0.930059 0.047749
vt 0.930059 0.070393
vt 0.878898 0.149731
vt 0.905044 0.149731
vt 0.853536 0.149731
vt 0.930059 0.149731
vt 0.878898 0.244589
vt 0.905044 0.244589
vt 0.930059 0.244589
vt 0.841947 0.354017
vt 0.859805 0.354017
vt 0.596691 0.616235
vt 0.537691 0.541125
vt 0.537691 0.515649
vt 0.611274 0.595181
vt 0.446644 0.541125
vt 0.446644 0.515649
vt 0.537691 0.489205
vt 0.628884 0.573334
vt 0.329903 0.541125
vt 0.329903 0.515649
vt 0.446644 0.489205
vt 0.214054 0.616107
vt 0.214054 0.598465
vt 0.329903 0.489205
vt 0.446644 0.461841
vt 0.537691 0.461841
vt 0.865294 0.792441
vt 0.865294 0.811282
vt 0.837535 0.811282
vt 0.837535 0.765823
vt 0.889504 0.792441
vt 0.889504 0.811282
vt 0.813407 0.811282
vt 0.813407 0.765823
vt 0.865294 0.694218
vt 0.837535 0.694218
vt 0.889504 0.694218
vt 0.813407 0.694218
vt 0.865294 0.574764
vt 0.837535 0.574764
vt 0.813407 0.574764
vt 0.837535 0.447892
vt 0.813407 0.447892
vt 0.000000 0.741832
vt 0.083264 0.678018
vt 0.083264 0.702388
vt 0.012921 0.763064
vt 0.163612 0.678018
vt 0.163612 0.702388
vt 0.083264 0.729659
vt 0.028686 0.785347
vt 0.256565 0.678018
vt 0.256565 0.702388
vt 0.163612 0.729659
vt 0.366911 0.759993
vt 0.356935 0.777074
vt 0.256565 0.729659
vt 0.163612 0.754411
vt 0.083264 0.754411
vt 0.893100 0.637660
vt 0.919245 0.637660
vt 0.919245 0.660303
vt 0.893100 0.660303
vt 0.893100 0.558326
vt 0.919245 0.558326
vt 0.944259 0.637660
vt 0.944259 0.660303
vt 0.867738 0.637660
vt 0.867738 0.660303
vt 0.893100 0.463460
vt 0.919245 0.463460
vt 0.944259 0.558326
vt 0.867738 0.558326
vt 0.944259 0.463460
vt 0.856218 0.354017
vt 0.874079 0.354017
vt 0.228325 0.032193
vt 0.249382 0.017616
vt 0.328880 0.091218
vt 0.303403 0.091218
vt 0.271233 0.000012
vt 0.355325 0.091218
vt 0.328880 0.182268
vt 0.303403 0.182268
vt 0.355325 0.182268
vt 0.328880 0.299001
vt 0.303403 0.299001
vt 0.382690 0.091218
vt 0.382690 0.182268
vt 0.355325 0.299001
vt 0.245994 0.414821
vt 0.228355 0.414821
vt 0.816474 0.863200
vt 0.789561 0.835415
vt 0.835190 0.835415
vt 0.835190 0.863200
vt 0.718137 0.863200
vt 0.718137 0.835415
vt 0.789561 0.811282
vt 0.835190 0.811282
vt 0.816474 0.887091
vt 0.835190 0.887091
vt 0.598376 0.863200
vt 0.598376 0.835415
vt 0.718137 0.811282
vt 0.718137 0.887091
vt 0.598376 0.811282
vt 0.470920 0.835415
vt 0.470920 0.811282
vt 0.534685 0.000027
vt 0.556405 0.000027
vt 0.500308 0.078169
vt 0.475677 0.078169
vt 0.579255 0.021580
vt 0.527769 0.078169
vt 0.500308 0.159514
vt 0.475677 0.159514
vt 0.527769 0.159514
vt 0.500308 0.252963
vt 0.475677 0.252963
vt 0.550742 0.078169
vt 0.550742 0.159514
vt 0.527769 0.252963
vt 0.579283 0.352484
vt 0.562329 0.362970
vt 0.499912 0.039065
vt 0.433959 0.087779
vt 0.409705 0.062274
vt 0.482790 0.018105
vt 0.385298 0.062274
vt 0.465469 0.000018
vt 0.409705 0.142351
vt 0.385298 0.142351
vt 0.409705 0.237418
vt 0.385298 0.237418
vt 0.499869 0.325613
vt 0.484204 0.337341
vt 0.614529 0.023305
vt 0.599352 0.023305
vt 0.599352 0.000027
vt 0.632866 0.000027
vt 0.633543 0.098266
vt 0.652893 0.079044
vt 0.633543 0.204797
vt 0.652893 0.204797
vt 0.679222 0.079044
vt 0.679222 0.204797
vt 0.633543 0.345570
vt 0.652893 0.345570
vt 0.679222 0.345570
vt 0.633543 0.475576
vt 0.652893 0.495013
vt 0.679222 0.495013
vt 0.242595 0.433560
vt 0.300046 0.345896
vt 0.319936 0.351305
vt 0.264355 0.449389
vt 0.334342 0.375457
vt 0.283274 0.465576
vt 0.412710 0.351305
vt 0.412710 0.375457
vt 0.517790 0.351305
vt 0.517790 0.375457
vt 0.629940 0.449185
vt 0.619170 0.465389
vt 0.755708 0.707323
vt 0.755708 0.749038
vt 0.732018 0.749038
vt 0.732018 0.724671
vt 0.678348 0.678018
vt 0.657894 0.697383
vt 0.564400 0.678018
vt 0.564400 0.697383
vt 0.657894 0.723681
vt 0.564400 0.723681
vt 0.442462 0.678018
vt 0.442462 0.697383
vt 0.442462 0.723681
vt 0.304433 0.678018
vt 0.322756 0.697383
vt 0.322756 0.723681
vt 0.690446 0.533510
vt 0.711367 0.549677
vt 0.663618 0.625607
vt 0.644615 0.599206
vt 0.729489 0.566115
vt 0.677110 0.649406
vt 0.592714 0.649406
vt 0.592714 0.625607
vt 0.499012 0.649406
vt 0.499012 0.625607
vt 0.399568 0.556729
vt 0.410608 0.541121
vt 0.023278 0.613320
vt 0.000000 0.631656
vt 0.000000 0.598143
vt 0.023278 0.598143
vt 0.098237 0.632339
vt 0.079015 0.651689
vt 0.204768 0.632339
vt 0.204768 0.651689
vt 0.345540 0.632339
vt 0.345540 0.651689
vt 0.204768 0.678018
vt 0.079015 0.678018
vt 0.475547 0.632339
vt 0.494983 0.651689
vt 0.345540 0.678018
vt 0.494983 0.678018
vt 0.098631 0.461801
vt 0.082791 0.440049
vt 0.180779 0.384424
vt 0.186269 0.404306
vt 0.066595 0.421137
vt 0.156625 0.370030
vt 0.156625 0.291641
vt 0.180779 0.291641
vt 0.156625 0.186574
vt 0.180779 0.186574
vt 0.066617 0.085235
vt 0.082815 0.074457
vt 0.771278 0.739619
vt 0.788633 0.715931
vt 0.812996 0.715931
vt 0.812996 0.739619
vt 0.742055 0.662233
vt 0.761421 0.641787
vt 0.742055 0.548280
vt 0.761421 0.548280
vt 0.742055 0.426338
vt 0.761421 0.426338
vt 0.787720 0.548280
vt 0.787720 0.641787
vt 0.742055 0.288305
vt 0.761421 0.306637
vt 0.787720 0.426338
vt 0.787720 0.306637
vt 0.356460 0.816012
vt 0.466899 0.816012
vt 0.466899 0.842019
vt 0.356460 0.842019
vt 0.226573 0.816012
vt 0.226573 0.842019
vt 0.356460 0.869982
vt 0.226573 0.869982
vt 0.113280 0.816012
vt 0.113280 0.842019
vt 0.113280 0.802716
vt 0.226573 0.802716
vt 0.019027 0.816012
vt 0.019027 0.842019
vt 0.680217 0.431253
vt 0.680217 0.288340
vt 0.715891 0.288340
vt 0.715891 0.431253
vt 0.741547 0.288340
vt 0.741547 0.431253
vt 0.715891 0.143112
vt 0.741547 0.143112
vt 0.715891 0.545321
vt 0.741547 0.545321
vt 0.715891 0.000027
vt 0.741547 0.000027
vt 0.750896 0.143112
vt 0.750896 0.288340
vt 0.793412 0.337453
vt 0.819418 0.337453
vt 0.819418 0.447892
vt 0.793412 0.447892
vt 0.793412 0.207569
vt 0.819418 0.207569
vt 0.793412 0.094278
vt 0.819418 0.094278
vt 0.847378 0.207569
vt 0.847378 0.337453
vt 0.793412 0.000027
vt 0.819418 0.000027
vt 0.780110 0.094278
vt 0.780110 0.207569
vt 0.516882 0.741375
vt 0.516882 0.777059
vt 0.373960 0.777059
vt 0.373960 0.741375
vt 0.516882 0.802716
vt 0.373960 0.802716
vt 0.630957 0.777059
vt 0.630957 0.802716
vt 0.228719 0.802716
vt 0.228719 0.777059
vt 0.373960 0.812039
vt 0.228719 0.812040
vt 0.085622 0.802716
vt 0.085622 0.777059
vn -0.980821 -0.192747 -0.028956
vn -0.869250 0.012946 -0.494204
vn -0.869249 0.012946 -0.494204
vn -0.981639 -0.182470 -0.055592
vn -0.860873 -0.319364 0.396111
vn -0.878625 -0.311346 0.362053
vn -0.542224 -0.344348 0.766432
vn -0.568727 -0.347727 0.745410
vn -0.266844 -0.265256 0.926517
vn -0.276250 -0.269299 0.922586
vn -0.028339 -0.127260 0.991465
vn -0.019554 -0.120778 0.992487
vn 0.214027 0.093215 0.972370
vn 0.236047 0.117912 0.964561
vn 0.470334 0.450869 0.758619
vn 0.484361 0.477275 0.733214
vn 0.562218 0.809675 0.168339
vn 0.564114 0.804873 0.184268
vn 0.495284 0.856690 -0.144139
vn 0.495284 0.856690 -0.144139
vn -0.823926 0.532794 0.193070
vn -0.714256 0.652462 -0.253244
vn -0.714256 0.652462 -0.253244
vn -0.823895 0.533130 0.192276
vn -0.784434 0.435553 0.441539
vn -0.798027 0.452108 0.398436
vn -0.658676 0.373244 0.653326
vn -0.693825 0.380908 0.611159
vn -0.518928 0.386205 0.762600
vn -0.536617 0.380827 0.753003
vn -0.394291 0.458322 0.796540
vn -0.378743 0.472175 0.795993
vn -0.282778 0.590740 0.755687
vn -0.258027 0.633060 0.729833
vn -0.199328 0.774094 0.600872
vn -0.190560 0.803586 0.563859
vn -0.176750 0.928740 0.325884
vn -0.175918 0.922551 0.343441
vn -0.181038 0.964967 0.189904
vn -0.181038 0.964967 0.189904
vn -0.169564 0.940606 0.294123
vn -0.179826 0.971511 0.154364
vn -0.179826 0.971511 0.154364
vn -0.168721 0.937739 0.303609
vn -0.194020 0.965209 0.175297
vn -0.186298 0.957060 0.222101
vn -0.272520 0.959864 -0.066279
vn -0.248708 0.968430 -0.016967
vn -0.381919 0.903458 -0.194684
vn -0.366516 0.912108 -0.183646
vn -0.506557 0.831343 -0.228624
vn -0.524391 0.820762 -0.226637
vn -0.648418 0.742371 -0.168640
vn -0.684505 0.716279 -0.135639
vn -0.779122 0.626669 0.015966
vn -0.793761 0.605583 0.056681
vn -0.816470 0.493170 0.300266
vn -0.818101 0.500501 0.283213
vn -0.795023 0.432377 0.425427
vn -0.795023 0.432377 0.425427
vn 0.566464 0.781150 0.262533
vn 0.527032 0.686858 0.500463
vn 0.527032 0.686858 0.500463
vn 0.568826 0.789649 0.229982
vn 0.481769 0.862098 -0.157115
vn 0.495019 0.860525 -0.120218
vn 0.233300 0.786608 -0.571681
vn 0.254922 0.796975 -0.547581
vn -0.006552 0.656657 -0.754161
vn 0.002191 0.661645 -0.749814
vn -0.245057 0.518659 -0.819109
vn -0.254503 0.513123 -0.819715
vn -0.522951 0.349043 -0.777619
vn -0.549852 0.331335 -0.766733
vn -0.849443 0.091865 -0.519623
vn -0.867972 0.071906 -0.491380
vn -0.970142 -0.225687 0.088824
vn -0.972776 -0.219829 0.073361
vn -0.866798 -0.324826 0.378350
vn -0.866798 -0.324826 0.378350
vn 0.980897 0.161623 0.108258
vn 0.872507 -0.010159 0.488496
vn 0.872507 -0.010159 0.488497
vn 0.981504 0.185177 0.048565
vn 0.878623 0.311351 -0.362051
vn 0.860871 0.319370 -0.396111
vn 0.568724 0.347732 -0.745409
vn 0.542222 0.344353 -0.766431
vn 0.276246 0.269303 -0.922586
vn 0.266843 0.265261 -0.926516
vn 0.019554 0.120779 -0.992487
vn 0.028339 0.127261 -0.991464
vn -0.236048 -0.117912 -0.964561
vn -0.214028 -0.093215 -0.972370
vn -0.484363 -0.477273 -0.733214
vn -0.470336 -0.450868 -0.758619
vn -0.564115 -0.804872 -0.184268
vn -0.562219 -0.809674 -0.168340
vn -0.495285 -0.856689 0.144141
vn -0.495285 -0.856689 0.144141
vn 0.820301 -0.557376 -0.128210
vn 0.735651 -0.643549 0.211333
vn 0.735651 -0.643549 0.211333
vn 0.822671 -0.546292 -0.157408
vn 0.798028 -0.452106 -0.398436
vn 0.784434 -0.435553 -0.441539
vn 0.693825 -0.380908 -0.611159
vn 0.658676 -0.373244 -0.653326
vn 0.536617 -0.380825 -0.753004
vn 0.518927 -0.386203 -0.762602
vn 0.378741 -0.472171 -0.795996
vn 0.394289 -0.458318 -0.796543
vn 0.258026 -0.633059 -0.729835
vn 0.282776 -0.590738 -0.755690
vn 0.190561 -0.803585 -0.563860
vn 0.199328 -0.774093 -0.600873
vn 0.175919 -0.922552 -0.343440
vn 0.176751 -0.928740 -0.325885
vn 0.181039 -0.964967 -0.189905
vn 0.181039 -0.964967 -0.189905
vn 0.172661 -0.940312 -0.293260
vn 0.188533 -0.963586 -0.189624
vn 0.188533 -0.963586 -0.189624
vn 0.172995 -0.940879 -0.291240
vn 0.186294 -0.957061 -0.222100
vn 0.194016 -0.965209 -0.175297
vn 0.248706 -0.968430 0.016966
vn 0.272520 -0.959865 0.066279
vn 0.366516 -0.912107 0.183646
vn 0.381920 -0.903457 0.194686
vn 0.524389 -0.820762 0.226641
vn 0.506556 -0.831342 0.228629
vn 0.684504 -0.716279 0.135642
vn 0.648417 -0.742371 0.168644
vn 0.793761 -0.605583 -0.056680
vn 0.779122 -0.626669 -0.015964
vn 0.818102 -0.500500 -0.283212
vn 0.816472 -0.493169 -0.300265
vn 0.795025 -0.432375 -0.425426
vn 0.795025 -0.432375 -0.425426
vn -0.567931 -0.786202 -0.243600
vn -0.528127 -0.688842 -0.496566
vn -0.528127 -0.688842 -0.496566
vn -0.566491 -0.781164 -0.262433
vn -0.495013 -0.860529 0.120215
vn -0.481763 -0.862102 0.157113
vn -0.254920 -0.796976 0.547580
vn -0.233299 -0.786609 0.571679
vn -0.002191 -0.661645 0.749814
vn 0.006552 -0.656657 0.754161
vn 0.254503 -0.513125 0.819714
vn 0.245057 -0.518660 0.819108
vn 0.549856 -0.331337 0.766730
vn 0.522954 -0.349045 0.777616
vn 0.867973 -0.071907 0.491378
vn 0.849444 -0.091867 0.519621
vn 0.972776 0.219828 -0.073361
vn 0.970142 0.225686 -0.088825
vn 0.866798 0.324826 -0.378350
vn 0.866798 0.324826 -0.378350
vn 0.980821 -0.192750 -0.028958
vn 0.981638 -0.182473 -0.055594
vn 0.869250 0.012939 -0.494203
vn 0.869250 0.012939 -0.494203
vn 0.860873 -0.319364 0.396112
vn 0.878625 -0.311346 0.362053
vn 0.542223 -0.344348 0.766432
vn 0.568726 -0.347727 0.745411
vn 0.266844 -0.265256 0.926517
vn 0.276249 -0.269300 0.922586
vn 0.028340 -0.127259 0.991465
vn 0.019555 -0.120778 0.992487
vn -0.214029 0.093214 0.972370
vn -0.236049 0.117911 0.964561
vn -0.470337 0.450867 0.758618
vn -0.484364 0.477272 0.733214
vn -0.562222 0.809672 0.168337
vn -0.564119 0.804870 0.184266
vn -0.495290 0.856686 -0.144142
vn -0.495290 0.856686 -0.144142
vn 0.823928 0.532791 0.193071
vn 0.823896 0.533127 0.192277
vn 0.714259 0.652461 -0.253236
vn 0.714259 0.652461 -0.253236
vn 0.784435 0.435549 0.441541
vn 0.798028 0.452104 0.398439
vn 0.658676 0.373243 0.653326
vn 0.693825 0.380905 0.611161
vn 0.518928 0.386206 0.762600
vn 0.536617 0.380828 0.753002
vn 0.394290 0.458320 0.796541
vn 0.378742 0.472173 0.795994
vn 0.282777 0.590738 0.755689
vn 0.258025 0.633060 0.729835
vn 0.199327 0.774094 0.600873
vn 0.190560 0.803585 0.563860
vn 0.176750 0.928741 0.325883
vn 0.175918 0.922552 0.343440
vn 0.181037 0.964968 0.189903
vn 0.181037 0.964968 0.189903
vn 0.169562 0.940606 0.294123
vn 0.168719 0.937739 0.303610
vn 0.179827 0.971512 0.154362
vn 0.179827 0.971512 0.154362
vn 0.194018 0.965208 0.175299
vn 0.186296 0.957060 0.222104
vn 0.272520 0.959865 -0.066277
vn 0.248708 0.968430 -0.016965
vn 0.381920 0.903457 -0.194686
vn 0.366516 0.912107 -0.183646
vn 0.506558 0.831341 -0.228628
vn 0.524391 0.820761 -0.226640
vn 0.648418 0.742370 -0.168642
vn 0.684505 0.716279 -0.135641
vn 0.779122 0.626669 0.015966
vn 0.793761 0.605583 0.056680
vn 0.816472 0.493168 0.300264
vn 0.818102 0.500500 0.283213
vn 0.795025 0.432375 0.425427
vn 0.795025 0.432375 0.425427
vn -0.566461 0.781152 0.262534
vn -0.568823 0.789651 0.229982
vn -0.527028 0.686859 0.500466
vn -0.527028 0.686859 0.500466
vn -0.481767 0.862099 -0.157115
vn -0.495017 0.860527 -0.120219
vn -0.233302 0.786608 -0.571681
vn -0.254924 0.796975 -0.547580
vn 0.006551 0.656657 -0.754161
vn -0.002192 0.661645 -0.749814
vn 0.245058 0.518662 -0.819107
vn 0.254505 0.513125 -0.819713
vn 0.522953 0.349047 -0.777616
vn 0.549855 0.331338 -0.766730
vn 0.849443 0.091867 -0.519621
vn 0.867973 0.071908 -0.491378
vn 0.970142 -0.225686 0.088824
vn 0.972776 -0.219828 0.073360
vn 0.866798 -0.324827 0.378350
vn 0.866798 -0.324827 0.378350
vn -0.980898 0.161618 0.108256
vn -0.981506 0.185172 0.048562
vn -0.872507 -0.010166 0.488496
vn -0.872507 -0.010166 0.488496
vn -0.878624 0.311348 -0.362053
vn -0.860872 0.319367 -0.396111
vn -0.568725 0.347730 -0.745410
vn -0.542221 0.344352 -0.766432
vn -0.276248 0.269301 -0.922586
vn -0.266845 0.265258 -0.926516
vn -0.019556 0.120776 -0.992487
vn -0.028341 0.127258 -0.991465
vn 0.236047 -0.117914 -0.964561
vn 0.214027 -0.093217 -0.972370
vn 0.484362 -0.477272 -0.733215
vn 0.470335 -0.450868 -0.758619
vn 0.564117 -0.804872 -0.184267
vn 0.562220 -0.809673 -0.168338
vn 0.495286 -0.856688 0.144141
vn 0.495286 -0.856688 0.144141
vn -0.820303 -0.557373 -0.128212
vn -0.822673 -0.546290 -0.157407
vn -0.735654 -0.643546 0.211333
vn -0.735654 -0.643546 0.211333
vn -0.798029 -0.452103 -0.398438
vn -0.784436 -0.435549 -0.441540
vn -0.693825 -0.380906 -0.611161
vn -0.658676 -0.373242 -0.653327
vn -0.536616 -0.380826 -0.753004
vn -0.518926 -0.386204 -0.762602
vn -0.378742 -0.472172 -0.795995
vn -0.394289 -0.458320 -0.796542
vn -0.258025 -0.633059 -0.729835
vn -0.282777 -0.590738 -0.755690
vn -0.190561 -0.803586 -0.563859
vn -0.199328 -0.774093 -0.600873
vn -0.175921 -0.922551 -0.343441
vn -0.176753 -0.928740 -0.325885
vn -0.181041 -0.964966 -0.189906
vn -0.181041 -0.964966 -0.189906
vn -0.172661 -0.940312 -0.293260
vn -0.172994 -0.940878 -0.291240
vn -0.188533 -0.963586 -0.189623
vn -0.188533 -0.963586 -0.189623
vn -0.186293 -0.957061 -0.222101
vn -0.194015 -0.965209 -0.175297
vn -0.248705 -0.968431 0.016968
vn -0.272519 -0.959865 0.066282
vn -0.366516 -0.912107 0.183651
vn -0.381919 -0.903457 0.194690
vn -0.524390 -0.820760 0.226646
vn -0.506556 -0.831341 0.228633
vn -0.684505 -0.716278 0.135647
vn -0.648418 -0.742369 0.168648
vn -0.793761 -0.605583 -0.056678
vn -0.779123 -0.626669 -0.015963
vn -0.818101 -0.500501 -0.283212
vn -0.816471 -0.493170 -0.300265
vn -0.795024 -0.432377 -0.425427
vn -0.795024 -0.432377 -0.425427
vn 0.567935 -0.786199 -0.243601
vn 0.566495 -0.781161 -0.262434
vn 0.528134 -0.688837 -0.496566
vn 0.528134 -0.688837 -0.496566
vn 0.495013 -0.860529 0.120216
vn 0.481763 -0.862102 0.157113
vn 0.254919 -0.796978 0.547579
vn 0.233298 -0.786611 0.571677
vn 0.002189 -0.661649 0.749811
vn -0.006555 -0.656660 0.754159
vn -0.254505 -0.513126 0.819713
vn -0.245060 -0.518662 0.819107
vn -0.549855 -0.331337 0.766730
vn -0.522952 -0.349046 0.777617
vn -0.867973 -0.071907 0.491379
vn -0.849443 -0.091867 0.519622
vn -0.972776 0.219831 -0.073359
vn -0.970142 0.225689 -0.088824
vn -0.866797 0.324831 -0.378348
vn -0.866797 0.324831 -0.378348
s 1
g ÔÇÔÇÊ pTorus1
usemtl initialShadingGroup
f 830/1627/1956 829/1628/1957 839/1629/1958 840/1630/1959
f 831/1635/1960 830/1627/1956 840/1630/1959 841/1636/1961
f 832/1639/1962 831/1635/1960 841/1636/1961 842/1640/1963
f 833/1871/1964 832/1872/1962 842/1873/1963 843/1874/1965
f 834/1875/1966 833/1871/1964 843/1874/1965 844/1876/1967
f 835/1879/1968 834/1875/1966 844/1876/1967 845/1880/1969
f 836/1883/1970 835/1879/1968 845/1880/1969 846/1884/1971
f 837/1683/1972 836/1687/1970 846/1691/1971 847/1692/1973
f 838/1759/1974 837/1760/1972 847/1761/1973 848/1762/1975
s 2
f 840/1630/1976 839/1629/1977 849/1633/1978 850/1634/1979
f 841/1636/1980 840/1630/1976 850/1634/1979 851/1638/1981
f 842/1640/1982 841/1636/1980 851/1638/1981 852/1641/1983
f 843/1642/1984 842/1640/1982 852/1641/1983 853/1643/1985
f 844/1876/1986 843/1874/1984 853/1877/1985 854/1878/1987
f 845/1767/1988 844/1769/1986 854/1770/1987 855/1768/1989
f 846/1765/1990 845/1767/1988 855/1768/1989 856/1766/1991
f 847/1761/1992 846/1765/1990 856/1766/1991 857/1763/1993
f 848/1762/1994 847/1761/1992 857/1763/1993 858/1764/1995
s 3
f 850/1771/1996 849/1772/1997 859/1773/1998 860/1774/1999
f 851/1775/2000 850/1771/1996 860/1774/1999 861/1776/2001
f 852/1777/2002 851/1775/2000 861/1776/2001 862/1778/2003
f 853/1781/2004 852/1777/2002 862/1778/2003 863/1782/2005
f 854/1784/2006 853/1781/2004 863/1782/2005 864/1785/2007
f 855/1652/2008 854/1655/2006 864/1656/2007 865/1653/2009
f 856/1648/2010 855/1652/2008 865/1653/2009 866/1649/2011
f 857/1645/2012 856/1648/2010 866/1649/2011 867/1646/2013
f 858/1644/2014 857/1645/2012 867/1646/2013 868/1647/2015
s 4
f 860/1664/2016 859/1665/2017 869/1661/2018 870/1660/2019
f 861/1670/2020 860/1664/2016 870/1660/2019 871/1668/2021
f 862/1778/2022 861/1776/2020 871/1779/2021 872/1780/2023
f 863/1782/2024 862/1778/2022 872/1780/2023 873/1783/2025
f 864/1785/2026 863/1782/2024 873/1783/2025 874/1786/2027
f 865/1885/2028 864/1886/2026 874/1887/2027 875/1888/2029
f 866/1649/2030 865/1653/2028 875/1657/2029 876/1654/2031
f 867/1646/2032 866/1649/2030 876/1654/2031 877/1650/2033
f 868/1647/2034 867/1646/2032 877/1650/2033 878/1651/2035
s 5
f 870/1660/2036 869/1661/2037 879/1662/2038 880/1663/2039
f 871/1668/2040 870/1660/2036 880/1663/2039 881/1669/2041
f 872/1672/2042 871/1668/2040 881/1669/2041 882/1673/2043
f 873/1891/2044 872/1895/2042 882/1896/2043 883/1892/2045
f 874/1887/2046 873/1891/2044 883/1892/2045 884/1889/2047
f 875/1888/2048 874/1887/2046 884/1889/2047 885/1890/2049
f 876/1893/2050 875/1888/2048 885/1890/2049 886/1894/2051
f 877/1650/2052 876/1654/2050 886/1658/2051 887/1659/2053
f 878/1787/2054 877/1788/2052 887/1789/2053 888/1790/2055
s 6
f 880/1663/2056 879/1662/2057 889/1666/2058 890/1667/2059
f 881/1669/2060 880/1663/2056 890/1667/2059 891/1671/2061
f 882/1673/2062 881/1669/2060 891/1671/2061 892/1674/2063
f 883/1675/2064 882/1673/2062 892/1674/2063 893/1676/2065
f 884/1889/2066 883/1892/2064 893/1897/2065 894/1898/2067
f 885/1795/2068 884/1797/2066 894/1798/2067 895/1796/2069
f 886/1793/2070 885/1795/2068 895/1796/2069 896/1794/2071
f 887/1789/2072 886/1793/2070 896/1794/2071 897/1791/2073
f 888/1790/2074 887/1789/2072 897/1791/2073 898/1792/2075
s 7
f 890/1799/2076 889/1800/2077 899/1801/2078 900/1802/2079
f 891/1803/2080 890/1799/2076 900/1802/2079 901/1804/2081
f 892/1805/2082 891/1803/2080 901/1804/2081 902/1806/2083
f 893/1809/2084 892/1805/2082 902/1806/2083 903/1810/2085
f 894/1812/2086 893/1809/2084 903/1810/2085 904/1813/2087
f 895/1685/2088 894/1688/2086 904/1689/2087 905/1686/2089
f 896/1681/2090 895/1685/2088 905/1686/2089 906/1682/2091
f 897/1678/2092 896/1681/2090 906/1682/2091 907/1679/2093
f 898/1677/2094 897/1678/2092 907/1679/2093 908/1680/2095
s 8
f 900/1631/2096 899/1632/2097 829/1628/2098 830/1627/2099
f 901/1637/2100 900/1631/2096 830/1627/2099 831/1635/2101
f 902/1806/2102 901/1804/2100 831/1807/2101 832/1808/2103
f 903/1810/2104 902/1806/2102 832/1808/2103 833/1811/2105
f 904/1813/2106 903/1810/2104 833/1811/2105 834/1814/2107
f 905/1881/2108 904/1882/2106 834/1875/2107 835/1879/2109
f 906/1682/2110 905/1686/2108 835/1690/2109 836/1687/2111
f 907/1679/2112 906/1682/2110 836/1687/2111 837/1683/2113
f 908/1680/2114 907/1679/2112 837/1683/2113 838/1684/2115
s 9
f 910/1693/2116 920/1694/2117 919/1695/2118 909/1696/2119
f 911/1697/2120 921/1698/2121 920/1694/2117 910/1693/2116
f 912/1703/2122 922/1704/2123 921/1698/2121 911/1697/2120
f 913/1899/2124 923/1900/2125 922/1901/2123 912/1902/2122
f 914/1903/2126 924/1904/2127 923/1900/2125 913/1899/2124
f 915/1905/2128 925/1906/2129 924/1904/2127 914/1903/2126
f 916/1909/2130 926/1910/2131 925/1906/2129 915/1905/2128
f 917/1748/2132 927/1754/2133 926/1755/2131 916/1751/2130
f 918/1815/2134 928/1816/2135 927/1817/2133 917/1818/2132
s 10
f 920/1694/2136 930/1699/2137 929/1700/2138 919/1695/2139
f 921/1698/2140 931/1705/2141 930/1699/2137 920/1694/2136
f 922/1704/2142 932/1707/2143 931/1705/2141 921/1698/2140
f 923/1708/2144 933/1709/2145 932/1707/2143 922/1704/2142
f 924/1904/2146 934/1907/2147 933/1908/2145 923/1900/2144
f 925/1824/2148 935/1823/2149 934/1825/2147 924/1826/2146
f 926/1822/2150 936/1821/2151 935/1823/2149 925/1824/2148
f 927/1817/2152 937/1820/2153 936/1821/2151 926/1822/2150
f 928/1816/2154 938/1819/2155 937/1820/2153 927/1817/2152
s 11
f 930/1827/2156 940/1828/2157 939/1829/2158 929/1830/2159
f 931/1831/2160 941/1832/2161 940/1828/2157 930/1827/2156
f 932/1833/2162 942/1834/2163 941/1832/2161 931/1831/2160
f 933/1835/2164 943/1836/2165 942/1834/2163 932/1833/2162
f 934/1839/2166 944/1840/2167 943/1836/2165 933/1835/2164
f 935/1720/2168 945/1719/2169 944/1724/2167 934/1725/2166
f 936/1717/2170 946/1716/2171 945/1719/2169 935/1720/2168
f 937/1713/2172 947/1712/2173 946/1716/2171 936/1717/2170
f 938/1710/2174 948/1711/2175 947/1712/2173 937/1713/2172
s 12
f 940/1734/2176 950/1726/2177 949/1729/2178 939/1735/2179
f 941/1739/2180 951/1730/2181 950/1726/2177 940/1734/2176
f 942/1834/2182 952/1837/2183 951/1838/2181 941/1832/2180
f 943/1836/2184 953/1841/2185 952/1837/2183 942/1834/2182
f 944/1840/2186 954/1842/2187 953/1841/2185 943/1836/2184
f 945/1913/2188 955/1914/2189 954/1915/2187 944/1916/2186
f 946/1716/2190 956/1718/2191 955/1723/2189 945/1719/2188
f 947/1712/2192 957/1715/2193 956/1718/2191 946/1716/2190
f 948/1711/2194 958/1714/2195 957/1715/2193 947/1712/2192
s 13
f 950/1726/2196 960/1727/2197 959/1728/2198 949/1729/2199
f 951/1730/2200 961/1731/2201 960/1727/2197 950/1726/2196
f 952/1736/2202 962/1737/2203 961/1731/2201 951/1730/2200
f 953/1922/2204 963/1921/2205 962/1925/2203 952/1926/2202
f 954/1915/2206 964/1918/2207 963/1921/2205 953/1922/2204
f 955/1914/2208 965/1917/2209 964/1918/2207 954/1915/2206
f 956/1919/2210 966/1920/2211 965/1917/2209 955/1914/2208
f 957/1715/2212 967/1721/2213 966/1722/2211 956/1718/2210
f 958/1843/2214 968/1844/2215 967/1845/2213 957/1846/2212
s 14
f 960/1727/2216 970/1732/2217 969/1733/2218 959/1728/2219
f 961/1731/2220 971/1738/2221 970/1732/2217 960/1727/2216
f 962/1737/2222 972/1740/2223 971/1738/2221 961/1731/2220
f 963/1741/2224 973/1742/2225 972/1740/2223 962/1737/2222
f 964/1918/2226 974/1923/2227 973/1924/2225 963/1921/2224
f 965/1852/2228 975/1851/2229 974/1853/2227 964/1854/2226
f 966/1850/2230 976/1849/2231 975/1851/2229 965/1852/2228
f 967/1845/2232 977/1848/2233 976/1849/2231 966/1850/2230
f 968/1844/2234 978/1847/2235 977/1848/2233 967/1845/2232
s 15
f 970/1855/2236 980/1856/2237 979/1857/2238 969/1858/2239
f 971/1859/2240 981/1860/2241 980/1856/2237 970/1855/2236
f 972/1861/2242 982/1862/2243 981/1860/2241 971/1859/2240
f 973/1863/2244 983/1864/2245 982/1862/2243 972/1861/2242
f 974/1867/2246 984/1868/2247 983/1864/2245 973/1863/2244
f 975/1753/2248 985/1752/2249 984/1757/2247 974/1758/2246
f 976/1750/2250 986/1749/2251 985/1752/2249 975/1753/2248
f 977/1746/2252 987/1745/2253 986/1749/2251 976/1750/2250
f 978/1743/2254 988/1744/2255 987/1745/2253 977/1746/2252
s 16
f 980/1701/2256 910/1693/2257 909/1696/2258 979/1702/2259
f 981/1706/2260 911/1697/2261 910/1693/2257 980/1701/2256
f 982/1862/2262 912/1865/2263 911/1866/2261 981/1860/2260
f 983/1864/2264 913/1869/2265 912/1865/2263 982/1862/2262
f 984/1868/2266 914/1870/2267 913/1869/2265 983/1864/2264
f 985/1911/2268 915/1905/2269 914/1903/2267 984/1912/2266
f 986/1749/2270 916/1751/2271 915/1756/2269 985/1752/2268
f 987/1745/2272 917/1748/2273 916/1751/2271 986/1749/2270
f 988/1744/2274 918/1747/2275 917/1748/2273 987/1745/2272
g default
v -72.281754 190.561264 41.745667
v -49.987011 190.561264 41.745667
v -72.281754 194.020737 41.842327
v -49.987011 194.020737 41.842327
v -72.281754 194.448318 26.539444
v -49.987011 194.448318 26.539444
v -72.281754 190.988846 26.442783
v -49.987011 190.988846 26.442783
vt 0.543002 0.992897
vt 0.542995 0.867768
vt 0.571282 0.867766
vt 0.571290 0.992895
vt 0.947679 0.462005
vt 0.947687 0.336877
vt 0.975974 0.336878
vt 0.975967 0.462007
vt 0.384194 0.364457
vt 0.384211 0.182229
vt 0.509339 0.182240
vt 0.509323 0.364469
vt 0.256130 0.546686
vt 0.256146 0.364458
vt 0.381275 0.364469
vt 0.381258 0.546697
vt 0.425175 0.910147
vt 0.425180 0.727919
vt 0.453468 0.727920
vt 0.453462 0.910148
vt 0.143433 0.911147
vt 0.143438 0.728918
vt 0.171725 0.728919
vt 0.171720 0.911147
vn 0.000000 -0.027930 0.999610
vn 0.000000 -0.027930 0.999610
vn 0.000000 -0.027930 0.999610
vn 0.000000 -0.027930 0.999610
vn 0.000000 0.999610 0.027930
vn 0.000000 0.999610 0.027930
vn 0.000000 0.999610 0.027930
vn 0.000000 0.999610 0.027930
vn 0.000000 0.027930 -0.999610
vn 0.000000 0.027930 -0.999610
vn 0.000000 0.027930 -0.999610
vn 0.000000 0.027930 -0.999610
vn 0.000000 -0.999610 -0.027931
vn 0.000000 -0.999610 -0.027931
vn 0.000000 -0.999610 -0.027931
vn 0.000000 -0.999610 -0.027931
vn 1.000000 0.000000 0.000000
vn 1.000000 0.000000 0.000000
vn 1.000000 0.000000 0.000000
vn 1.000000 0.000000 0.000000
vn -1.000000 0.000000 0.000000
vn -1.000000 0.000000 0.000000
vn -1.000000 0.000000 0.000000
vn -1.000000 0.000000 0.000000
s off
g ÇÒÑÇÑ ÇÒÑÇÑ pCube8
usemtl initialShadingGroup
f 989/1943/2276 990/1944/2277 992/1945/2278 991/1946/2279
f 991/1935/2280 992/1936/2281 994/1937/2282 993/1938/2283
f 993/1947/2284 994/1948/2285 996/1949/2286 995/1950/2287
f 995/1939/2288 996/1940/2289 990/1941/2290 989/1942/2291
f 990/1927/2292 996/1928/2293 994/1929/2294 992/1930/2295
f 995/1931/2296 989/1932/2297 991/1933/2298 993/1934/2299
g default
v -61.224239 445.759644 -84.105064
v -61.224239 229.616821 -112.494133
v 104.514740 445.759644 -84.105064
v 104.514740 229.616821 -112.494133
v 104.514740 448.044434 -101.500381
v 104.514740 231.901611 -129.889450
v -61.224239 448.044434 -101.500381
v -61.224239 231.901611 -129.889450
v -61.224239 438.229309 -85.094131
v 104.514740 438.229309 -85.094131
v 104.514740 440.514069 -102.489449
v -61.224239 440.514069 -102.489449
v -61.224239 237.147369 -111.505043
v 104.514740 237.147369 -111.505043
v 104.514740 239.432129 -128.900360
v -61.224239 239.432129 -128.900360
v -52.092213 445.759644 -84.105064
v -52.092213 448.044434 -101.500381
v -52.092213 440.514069 -102.489449
v -52.092213 239.432129 -128.900360
v -52.092213 231.901611 -129.889450
v -52.092213 229.616821 -112.494133
v -52.092213 237.147369 -111.505043
v -52.092213 438.229309 -85.094131
v 95.382660 445.759644 -84.105064
v 95.382660 448.044434 -101.500381
v 95.382660 440.514069 -102.489449
v 95.382660 239.432129 -128.900360
v 95.382660 231.901611 -129.889450
v 95.382660 229.616821 -112.494133
v 95.382660 237.147369 -111.505043
v 95.382660 438.229309 -85.094131
v 95.382660 237.927780 -117.446831
v 95.382660 439.009705 -91.035912
v -52.092213 439.009705 -91.035912
v -52.092213 237.927780 -117.446831
v -35.167126 430.356964 -119.720543
v -35.167126 276.231598 -139.963989
v 77.869507 430.356964 -119.720543
v 77.869507 276.231598 -139.963989
vt 0.451797 0.946828
vt 0.468959 0.946825
vt 0.468965 0.986468
vt 0.451804 0.986471
vt 0.927215 0.946745
vt 0.927222 0.986388
vt 0.944377 0.946742
vt 0.944384 0.986385
vt 0.772003 0.492580
vt 0.772006 0.475418
vt 0.811649 0.475425
vt 0.811646 0.492587
vt 0.772086 0.017162
vt 0.811730 0.017169
vt 0.772089 0.000000
vt 0.811733 0.000007
vt 0.908443 0.000002
vt 0.908363 0.458259
vt 0.894822 0.458256
vt 0.894902 0.000000
vt 0.526366 0.986459
vt 0.984623 0.986379
vt 0.984625 0.999920
vt 0.526368 1.000000
vt 0.855341 0.376100
vt 0.815867 0.376100
vt 0.815867 0.355377
vt 0.855341 0.355377
vt 0.815867 0.020723
vt 0.855341 0.020723
vt 0.815867 0.000000
vt 0.855341 0.000000
vt 0.894818 0.376100
vt 0.855344 0.376100
vt 0.855344 0.355377
vt 0.894818 0.355377
vt 0.855344 0.020723
vt 0.894818 0.020723
vt 0.855344 0.000000
vt 0.894818 0.000000
vt 0.943396 0.000000
vt 0.943396 0.334654
vt 0.929913 0.334654
vt 0.929913 0.000000
vt 0.912367 0.334654
vt 0.912367 0.000000
vt 0.925851 0.000000
vt 0.925851 0.334654
vt 0.394774 0.490478
vt 0.394774 0.473390
vt 0.415497 0.473390
vt 0.415497 0.490478
vt 0.415497 0.017089
vt 0.394774 0.017089
vt 0.750151 0.473390
vt 0.750151 0.490478
vt 0.415497 0.000000
vt 0.394774 0.000000
vt 0.770874 0.473390
vt 0.770874 0.490478
vt 0.750151 0.000000
vt 0.750151 0.017089
vt 0.770874 0.017089
vt 0.770874 0.000000
vt 0.021740 0.000000
vt 0.021740 0.017927
vt 0.000000 0.017927
vt 0.000000 0.000000
vt 0.372831 0.000000
vt 0.372831 0.017927
vt 0.021740 0.496639
vt 0.000000 0.496639
vt 0.394572 0.000000
vt 0.394572 0.017927
vt 0.331138 0.042108
vt 0.062034 0.042108
vt 0.062034 0.409032
vt 0.021740 0.514567
vt 0.000000 0.514567
vt 0.372831 0.496639
vt 0.394572 0.496639
vt 0.331138 0.409032
vt 0.372831 0.514567
vt 0.394572 0.514567
vt 0.729429 0.490478
vt 0.729429 0.946779
vt 0.394774 0.946779
vt 0.394774 0.490478
vn 0.000000 -0.130226 0.991484
vn 0.000000 -0.130225 0.991484
vn 0.000000 -0.130226 0.991484
vn 0.000000 -0.130226 0.991484
vn 1.000000 0.000000 0.000000
vn 1.000000 0.000000 0.000000
vn 1.000000 0.000000 0.000000
vn 1.000000 0.000000 0.000000
vn 0.000000 0.130225 -0.991484
vn 0.000000 0.130225 -0.991484
vn 0.000000 0.130225 -0.991484
vn 0.000000 0.130225 -0.991484
vn -1.000000 0.000000 0.000000
vn -1.000000 0.000000 0.000000
vn -1.000000 0.000000 0.000000
vn -1.000000 0.000000 0.000000
vn 0.000000 -0.991484 -0.130227
vn 0.000000 -0.991484 -0.130227
vn 0.000000 -0.991484 -0.130227
vn 0.000000 -0.991484 -0.130227
vn 0.000000 0.991484 0.130227
vn 0.000000 0.991484 0.130227
vn 0.000000 0.991484 0.130228
vn 0.000000 0.991484 0.130228
vn 0.000000 -0.130225 0.991484
vn 0.000000 -0.130225 0.991484
vn 1.000000 0.000000 0.000000
vn 1.000000 0.000000 0.000000
vn 0.000000 0.130226 -0.991484
vn 0.000000 0.130226 -0.991484
vn -1.000000 0.000000 0.000000
vn -1.000000 0.000000 0.000000
vn 0.000000 -0.130225 0.991485
vn 0.000000 -0.130225 0.991484
vn 1.000000 0.000000 0.000000
vn 1.000000 0.000000 0.000000
vn 0.000000 0.130226 -0.991484
vn 0.000000 0.130226 -0.991484
vn -1.000000 0.000000 0.000000
vn -1.000000 0.000000 0.000000
vn 0.000000 0.991484 0.130228
vn 0.000000 0.991484 0.130228
vn 0.000000 0.130225 -0.991484
vn 0.000000 0.130225 -0.991484
vn 0.000000 0.130226 -0.991484
vn 0.000000 0.130226 -0.991484
vn 0.000000 0.130226 -0.991484
vn 0.000000 0.130226 -0.991484
vn 0.000000 0.130226 -0.991484
vn 0.000000 0.130226 -0.991484
vn 0.000000 -0.991484 -0.130227
vn 0.000000 -0.991484 -0.130227
vn 0.000000 -0.130225 0.991484
vn 0.000000 -0.130225 0.991484
vn 0.000000 -0.130226 0.991484
vn 0.000000 -0.130226 0.991484
vn 0.000000 -0.130226 0.991484
vn 0.000000 -0.130226 0.991484
vn 0.000000 -0.130226 0.991484
vn 0.000000 -0.130226 0.991484
vn 0.000000 0.991484 0.130227
vn 0.000000 0.991484 0.130227
vn 0.000000 0.130225 -0.991484
vn 0.000000 0.130226 -0.991484
vn 0.000000 0.130226 -0.991484
vn 0.000000 0.130226 -0.991484
vn 0.000000 -0.991484 -0.130227
vn 0.000000 -0.991484 -0.130227
vn 0.000000 -0.130226 0.991484
vn 0.000000 -0.130225 0.991484
vn 0.000000 -0.130226 0.991484
vn 0.000000 -0.130226 0.991484
vn -1.000000 0.000000 0.000000
vn -1.000000 0.000000 0.000000
vn -1.000000 0.000000 0.000000
vn -1.000000 0.000000 0.000000
vn 0.000000 -0.991485 -0.130223
vn 0.000000 -0.991485 -0.130223
vn 0.000000 -0.991485 -0.130223
vn 0.000000 -0.991485 -0.130223
vn 1.000000 -0.000000 0.000000
vn 1.000000 -0.000000 0.000000
vn 1.000000 -0.000000 0.000000
vn 1.000000 -0.000000 0.000000
vn 0.000000 0.991485 0.130223
vn 0.000000 0.991485 0.130223
vn 0.000000 0.991485 0.130223
vn 0.000000 0.991485 0.130223
vn -0.681507 0.095301 -0.725580
vn -0.681507 0.095301 -0.725580
vn -0.681507 0.095301 -0.725580
vn -0.681507 0.095301 -0.725580
vn 0.000000 0.861472 -0.507805
vn 0.000000 0.861472 -0.507805
vn 0.000000 0.861472 -0.507805
vn 0.000000 0.861472 -0.507805
vn 0.668961 0.096796 -0.736968
vn 0.668961 0.096796 -0.736968
vn 0.668961 0.096796 -0.736968
vn 0.668961 0.096796 -0.736968
vn 0.000000 -0.287916 -0.957656
vn 0.000000 -0.287916 -0.957656
vn 0.000000 -0.287916 -0.957656
vn 0.000000 -0.287916 -0.957656
s 1
g ÔÇÔÇÊ pCube19
usemtl initialShadingGroup
f 997/1999/2300 1005/2000/2301 1020/2001/2302 1013/2002/2303
s 2
f 999/1951/2304 1006/1952/2305 1007/1953/2306 1001/1954/2307
s 3
f 1014/2015/2308 1015/2016/2309 1008/2017/2310 1003/2018/2311
s 4
f 1003/1959/2312 1008/1960/2313 1005/1961/2314 997/1962/2315
s 5
f 998/1975/2316 1004/1976/2317 1017/1977/2318 1018/1978/2319
s 6
f 1003/1983/2320 997/1984/2321 1013/1985/2322 1014/1986/2323
s 1
f 1019/2003/2324 1020/2001/2302 1005/2000/2301 1009/2004/2325
s 2
f 1007/1953/2306 1006/1952/2305 1010/1955/2326 1011/1956/2327
s 3
f 1008/2017/2310 1015/2016/2309 1016/2021/2328 1012/2022/2329
s 4
f 1005/1961/2314 1008/1960/2313 1012/1963/2330 1009/1964/2331
s 1
f 1018/2007/2332 1019/2003/2324 1009/2004/2325 998/2008/2333
s 2
f 1011/1956/2327 1010/1955/2326 1000/1957/2334 1002/1958/2335
s 3
f 1012/2022/2329 1016/2021/2328 1017/2028/2336 1004/2029/2337
s 4
f 1009/1964/2331 1012/1963/2330 1004/1965/2338 998/1966/2339
s 6
f 1014/1986/2323 1013/1985/2322 1021/1987/2340 1022/1988/2341
s 3
f 1022/2019/2342 1023/2020/2343 1015/2016/2309 1014/2015/2308
s off
f 1034/2027/2344 1033/2026/2345 1035/2025/2346 1036/2032/2347
s 3
f 1017/2028/2336 1016/2021/2328 1024/2030/2348 1025/2033/2349
s 5
f 1018/1978/2319 1017/1977/2318 1025/1979/2350 1026/1980/2351
s 1
f 1026/2011/2352 1027/2012/2353 1019/2003/2324 1018/2007/2332
s off
f 1029/2035/2354 1030/2036/2355 1031/2037/2356 1032/2038/2357
s 1
f 1013/2002/2303 1020/2001/2302 1028/2005/2358 1021/2006/2359
s 6
f 1022/1988/2341 1021/1987/2340 999/1989/2360 1001/1990/2361
s 3
f 1001/2023/2362 1007/2024/2363 1023/2020/2343 1022/2019/2342
f 1024/2030/2348 1023/2020/2343 1007/2024/2363 1011/2031/2364
f 1025/2033/2349 1024/2030/2348 1011/2031/2364 1002/2034/2365
s 5
f 1026/1980/2351 1025/1979/2350 1002/1981/2366 1000/1982/2367
s 1
f 1010/2013/2368 1027/2012/2353 1026/2011/2352 1000/2014/2369
f 1006/2009/2370 1028/2005/2358 1027/2012/2353 1010/2013/2368
f 1021/2006/2359 1028/2005/2358 1006/2009/2370 999/2010/2371
s off
f 1027/1967/2372 1028/1968/2373 1030/1969/2374 1029/1970/2375
f 1028/1991/2376 1020/1992/2377 1031/1993/2378 1030/1994/2379
f 1020/1971/2380 1019/1972/2381 1032/1973/2382 1031/1974/2383
f 1019/1995/2384 1027/1996/2385 1029/1997/2386 1032/1998/2387
f 1016/2021/2388 1015/2016/2389 1033/2026/2390 1034/2027/2391
f 1015/2016/2392 1023/2020/2393 1035/2025/2394 1033/2026/2395
f 1023/2020/2396 1024/2030/2397 1036/2032/2398 1035/2025/2399
f 1024/2030/2400 1016/2021/2401 1034/2027/2402 1036/2032/2403
g default
v 46.997917 318.767639 -132.195038
v 34.735001 308.232239 -133.578796
v 18.673990 305.942688 -133.879532
v 3.914145 312.625854 -133.001724
v -4.858391 326.159943 -131.224106
v -4.858393 342.247955 -129.111038
v 3.914137 355.782013 -127.333420
v 18.673981 362.465210 -126.455620
v 34.734993 360.175659 -126.756340
v 46.997917 349.640259 -128.140106
v 51.569359 334.203949 -130.167572
v 46.997917 319.655396 -138.954071
v 34.735001 309.119995 -140.337830
v 18.673990 306.830444 -140.638550
v 3.914145 313.513611 -139.760757
v -4.858391 327.047699 -137.983139
v -4.858393 343.135712 -135.870071
v 3.914137 356.669800 -134.092453
v 18.673981 363.352966 -133.214645
v 34.734993 361.063416 -133.515366
v 46.997917 350.528015 -134.899139
v 51.569359 335.091705 -136.926605
v 22.772240 334.203949 -130.167572
v 22.772240 335.091705 -136.926605
vt 0.958522 0.085132
vt 0.958538 0.170261
vt 0.922773 0.170267
vt 0.922757 0.085138
vt 0.958553 0.255389
vt 0.922788 0.255396
vt 0.958507 0.000003
vt 0.922742 0.000010
vt 0.882189 0.255389
vt 0.882196 0.170260
vt 0.917961 0.170263
vt 0.917954 0.255392
vt 0.882202 0.085132
vt 0.917967 0.085135
vt 0.882182 0.340518
vt 0.917947 0.340521
vt 0.882209 0.000003
vt 0.917974 0.000006
vt 0.121955 0.299078
vt 0.122044 0.384207
vt 0.086279 0.384244
vt 0.086190 0.299116
vt 0.122133 0.469335
vt 0.086368 0.469373
vt 0.405601 0.934895
vt 0.405612 0.849767
vt 0.441377 0.849771
vt 0.441366 0.934900
vt 0.405623 0.764638
vt 0.441388 0.764643
vt 0.207712 0.012107
vt 0.272054 0.067847
vt 0.144965 0.149541
vt 0.296046 0.149525
vt 0.123448 0.000001
vt 0.272071 0.231208
vt 0.046016 0.035373
vt 0.207741 0.286962
vt 0.000000 0.106993
vt 0.123480 0.299087
vt 0.000009 0.192122
vt 0.046041 0.263731
vt 0.571187 0.231231
vt 0.506848 0.286975
vt 0.444094 0.149544
vt 0.422585 0.299085
vt 0.595174 0.149552
vt 0.345151 0.263718
vt 0.571195 0.067870
vt 0.299131 0.192101
vt 0.506862 0.012119
vt 0.299135 0.106972
vt 0.422600 0.000000
vt 0.345163 0.035360
vn 0.654861 -0.749314 -0.098418
vn 0.654861 -0.749314 -0.098418
vn 0.654861 -0.749314 -0.098418
vn 0.654861 -0.749314 -0.098418
vn 0.142314 -0.981393 -0.128900
vn 0.142314 -0.981393 -0.128900
vn 0.142314 -0.981393 -0.128900
vn 0.142314 -0.981393 -0.128900
vn -0.415414 -0.901887 -0.118456
vn -0.415414 -0.901887 -0.118456
vn -0.415414 -0.901887 -0.118456
vn -0.415414 -0.901887 -0.118456
vn -0.841253 -0.536037 -0.070407
vn -0.841253 -0.536037 -0.070407
vn -0.841253 -0.536037 -0.070407
vn -0.841253 -0.536037 -0.070407
vn -1.000000 -0.000000 -0.000000
vn -1.000000 -0.000000 -0.000000
vn -1.000000 -0.000000 -0.000000
vn -1.000000 -0.000000 -0.000000
vn -0.841253 0.536038 0.070407
vn -0.841253 0.536038 0.070407
vn -0.841253 0.536038 0.070407
vn -0.841253 0.536038 0.070407
vn -0.415415 0.901886 0.118460
vn -0.415415 0.901886 0.118460
vn -0.415415 0.901886 0.118460
vn -0.415415 0.901886 0.118460
vn 0.142314 0.981393 0.128900
vn 0.142314 0.981393 0.128900
vn 0.142314 0.981393 0.128900
vn 0.142314 0.981393 0.128900
vn 0.654860 0.749315 0.098416
vn 0.654860 0.749315 0.098416
vn 0.654860 0.749315 0.098416
vn 0.654860 0.749315 0.098416
vn 0.959493 0.279334 0.036689
vn 0.959493 0.279334 0.036689
vn 0.959493 0.279334 0.036689
vn 0.959493 0.279334 0.036689
vn 0.959493 -0.279334 -0.036688
vn 0.959493 -0.279334 -0.036688
vn 0.959493 -0.279334 -0.036688
vn 0.959493 -0.279334 -0.036688
vn -0.000001 -0.130226 0.991484
vn 0.000000 -0.130225 0.991484
vn 0.000000 -0.130226 0.991484
vn -0.000001 -0.130226 0.991484
vn 0.000001 -0.130226 0.991484
vn 0.000001 -0.130226 0.991484
vn -0.000000 -0.130226 0.991484
vn -0.000000 -0.130226 0.991484
vn 0.000001 -0.130226 0.991484
vn 0.000000 -0.130226 0.991484
vn 0.000000 -0.130226 0.991484
vn 0.000000 -0.130225 0.991484
vn 0.000001 0.130225 -0.991484
vn 0.000001 0.130225 -0.991484
vn 0.000000 0.130226 -0.991484
vn 0.000000 0.130225 -0.991484
vn -0.000001 0.130225 -0.991484
vn -0.000001 0.130226 -0.991484
vn 0.000000 0.130226 -0.991484
vn 0.000001 0.130226 -0.991484
vn 0.000001 0.130226 -0.991484
vn -0.000001 0.130226 -0.991484
vn 0.000000 0.130226 -0.991484
vn 0.000000 0.130225 -0.991485
s off
g ÔÇÔÇÊ pCylinder6
usemtl initialShadingGroup
f 1037/2051/2404 1038/2055/2405 1049/2056/2406 1048/2052/2407
f 1038/2057/2408 1039/2058/2409 1050/2059/2410 1049/2060/2411
f 1039/2058/2412 1040/2061/2413 1051/2062/2414 1050/2059/2415
f 1040/2045/2416 1041/2039/2417 1052/2042/2418 1051/2046/2419
f 1041/2039/2420 1042/2040/2421 1053/2041/2422 1052/2042/2423
f 1042/2040/2424 1043/2043/2425 1054/2044/2426 1053/2041/2427
f 1043/2063/2428 1044/2064/2429 1055/2065/2430 1054/2066/2431
f 1044/2064/2432 1045/2067/2433 1056/2068/2434 1055/2065/2435
f 1045/2053/2436 1046/2047/2437 1057/2050/2438 1056/2054/2439
f 1046/2047/2440 1047/2048/2441 1058/2049/2442 1057/2050/2443
f 1047/2048/2444 1037/2051/2445 1048/2052/2446 1058/2049/2447
s 1
f 1038/2069/2448 1037/2070/2449 1059/2071/2450
f 1039/2073/2451 1038/2069/2448 1059/2071/2450
f 1040/2075/2452 1039/2073/2451 1059/2071/2450
f 1041/2077/2453 1040/2075/2452 1059/2071/2450
f 1042/2079/2454 1041/2077/2453 1059/2071/2450
f 1043/2080/2455 1042/2079/2454 1059/2071/2450
f 1044/2078/2456 1043/2080/2455 1059/2071/2450
f 1045/2076/2457 1044/2078/2456 1059/2071/2450
f 1046/2074/2458 1045/2076/2457 1059/2071/2450
f 1047/2072/2459 1046/2074/2458 1059/2071/2450
f 1037/2070/2449 1047/2072/2459 1059/2071/2450
s 2
f 1048/2081/2460 1049/2082/2461 1060/2083/2462
f 1049/2082/2461 1050/2084/2463 1060/2083/2462
f 1050/2084/2463 1051/2086/2464 1060/2083/2462
f 1051/2086/2464 1052/2088/2465 1060/2083/2462
f 1052/2088/2465 1053/2090/2466 1060/2083/2462
f 1053/2090/2466 1054/2092/2467 1060/2083/2462
f 1054/2092/2467 1055/2091/2468 1060/2083/2462
f 1055/2091/2468 1056/2089/2469 1060/2083/2462
f 1056/2089/2469 1057/2087/2470 1060/2083/2462
f 1057/2087/2470 1058/2085/2471 1060/2083/2462
f 1058/2085/2471 1048/2081/2460 1060/2083/2462
g default
v 0.955637 191.980133 -90.427780
v -0.196024 192.024399 -92.012283
v -1.892870 192.051773 -92.991890
v -3.841486 192.057480 -93.196503
v -5.704924 192.040573 -92.591209
v -7.160971 192.003967 -91.280792
v -7.957884 191.953964 -89.491440
v -7.957884 191.899246 -87.532776
v -7.160971 191.849243 -85.743568
v -5.704924 191.812637 -84.433075
v -3.841486 191.795715 -83.827858
v -1.892870 191.801437 -84.032578
v -0.196024 191.828796 -85.011887
v 0.955637 191.873077 -86.596390
v 1.363001 191.926605 -88.512169
v 0.344839 192.891998 -90.130424
v -0.643404 192.929993 -91.489914
v -2.099461 192.953461 -92.330360
v -3.771590 192.958374 -92.506119
v -5.370607 192.943863 -91.986595
v -6.620111 192.912445 -90.861992
v -7.303877 192.869553 -89.326797
v -7.303877 192.822586 -87.646088
v -6.620111 192.779694 -86.110779
v -5.370607 192.748260 -84.986198
v -3.771595 192.733765 -84.466843
v -2.099461 192.738663 -84.642509
v -0.643404 192.762146 -85.482849
v 0.344839 192.800140 -86.842499
v 0.694429 192.846069 -88.486481
v -0.427355 193.643494 -89.765427
v -1.208979 193.673538 -90.840721
v -2.360701 193.692108 -91.505592
v -3.683238 193.695984 -91.644394
v -4.947981 193.684509 -91.233658
v -5.936224 193.659653 -90.344048
v -6.477110 193.625732 -89.129768
v -6.477110 193.588593 -87.800659
v -5.936224 193.554657 -86.586174
v -4.947981 193.529800 -85.696609
v -3.683238 193.518326 -85.285866
v -2.360701 193.522217 -85.424881
v -1.208979 193.540787 -86.089508
v -0.427355 193.570831 -87.164993
v -0.150839 193.607162 -88.465210
v -1.327269 194.200958 -89.349152
v -1.868158 194.221741 -90.093285
v -2.665087 194.234589 -90.553078
v -3.580271 194.237274 -90.649300
v -4.455442 194.229340 -90.364937
v -5.139261 194.212143 -89.749542
v -5.513609 194.188660 -88.909286
v -5.513609 194.162964 -87.989365
v -5.139261 194.139481 -87.149132
v -4.455450 194.122284 -86.533546
v -3.580271 194.114334 -86.249321
v -2.665087 194.117020 -86.345406
v -1.868158 194.129883 -86.805344
v -1.327269 194.150665 -87.549507
v -1.135923 194.175812 -88.449326
v -2.315535 194.539810 -88.899452
v -2.592009 194.550446 -89.279915
v -2.999379 194.557007 -89.514954
v -3.467188 194.558380 -89.564064
v -3.914560 194.554321 -89.418785
v -4.264120 194.545532 -89.104073
v -4.455450 194.533524 -88.674644
v -4.455450 194.520386 -88.204391
v -4.264120 194.508392 -87.774963
v -3.914560 194.499603 -87.460228
v -3.467189 194.495544 -87.314926
v -2.999379 194.496918 -87.364059
v -2.592009 194.503479 -87.599121
v -2.315535 194.514114 -87.979553
v -2.217747 194.526962 -88.439514
v -3.348943 194.645782 -88.436195
v 2.251525 190.860580 -91.040970
v 0.750299 190.918304 -93.106628
v 0.382871 192.139771 -92.663940
v 1.749844 192.087219 -90.783195
v -1.461535 190.953964 -94.382927
v -1.631215 192.172256 -93.826691
v -4.001531 190.961426 -94.649895
v -3.944141 192.179047 -94.069557
v -6.430508 190.939377 -93.861137
v -6.155964 192.158981 -93.351105
v -8.328516 190.891647 -92.152710
v -7.884231 192.115509 -91.795700
v -9.367168 190.826477 -89.820396
v -8.830133 192.056168 -89.671799
v -9.367168 190.755142 -87.267380
v -8.830133 191.991211 -87.346954
v -8.328516 190.689987 -84.935158
v -7.884231 191.931870 -85.223244
v -6.430508 190.642258 -83.226814
v -6.155964 191.888412 -83.667740
v -4.001531 190.620209 -82.437897
v -3.944141 191.868347 -82.949371
v -1.461535 190.627670 -82.704781
v -1.631215 191.875137 -83.192368
v 0.750299 190.663330 -83.981270
v 0.382871 191.907608 -84.354759
v 2.251525 190.721039 -86.046631
v 1.749844 191.960159 -86.235497
v 2.782356 190.790817 -88.543900
v 2.233368 192.023697 -88.509453
vt 0.981928 0.510483
vt 0.978415 0.489906
vt 0.989410 0.488974
vt 0.992610 0.507713
vt 0.978419 0.469030
vt 0.989414 0.469965
vt 0.988859 0.530175
vt 0.998921 0.525643
vt 0.981939 0.448455
vt 0.992620 0.451228
vt 0.988878 0.428766
vt 0.998938 0.433301
vt 0.001761 0.696183
vt 0.000000 0.675381
vt 0.011035 0.675383
vt 0.012638 0.694325
vt 0.001768 0.654583
vt 0.012645 0.656444
vt 0.007003 0.716389
vt 0.017411 0.712724
vt 0.007017 0.634376
vt 0.017425 0.638046
vt 0.591276 0.660773
vt 0.582827 0.649097
vt 0.590868 0.645457
vt 0.597139 0.654177
vt 0.585297 0.667548
vt 0.574608 0.652853
vt 0.579861 0.634994
vt 0.588686 0.634941
vt 0.598793 0.641920
vt 0.602939 0.647720
vt 0.603743 0.668003
vt 0.606415 0.659590
vt 0.580359 0.672925
vt 0.567896 0.655791
vt 0.570824 0.635078
vt 0.601036 0.676625
vt 0.582889 0.620903
vt 0.590971 0.624447
vt 0.597364 0.634935
vt 0.606656 0.638466
vt 0.608717 0.641368
vt 0.609087 0.651334
vt 0.618070 0.669536
vt 0.617089 0.660764
vt 0.598712 0.683510
vt 0.563485 0.635063
vt 0.574601 0.617302
vt 0.619104 0.678515
vt 0.591387 0.609264
vt 0.597329 0.615790
vt 0.598902 0.627971
vt 0.605952 0.634979
vt 0.614509 0.635068
vt 0.611781 0.643179
vt 0.616172 0.652133
vt 0.631780 0.665108
vt 0.627317 0.657493
vt 0.619782 0.685714
vt 0.567887 0.614332
vt 0.585283 0.602602
vt 0.636376 0.672890
vt 0.603884 0.602089
vt 0.606657 0.610467
vt 0.603139 0.622236
vt 0.606729 0.631505
vt 0.615316 0.643588
vt 0.622969 0.649983
vt 0.642503 0.655491
vt 0.635330 0.650347
vt 0.639925 0.679155
vt 0.580342 0.597192
vt 0.601018 0.593519
vt 0.649866 0.660731
vt 0.618218 0.600616
vt 0.617343 0.609399
vt 0.609342 0.618720
vt 0.608851 0.628649
vt 0.618711 0.642524
vt 0.628303 0.645253
vt 0.648389 0.642343
vt 0.639744 0.640560
vt 0.655657 0.664973
vt 0.598688 0.586601
vt 0.619086 0.591621
vt 0.657246 0.644140
vt 0.631910 0.605101
vt 0.627538 0.612769
vt 0.616438 0.618031
vt 0.611951 0.626901
vt 0.621380 0.640170
vt 0.631253 0.638763
vt 0.648420 0.627939
vt 0.639798 0.629825
vt 0.664261 0.645627
vt 0.619755 0.584386
vt 0.636362 0.597236
vt 0.657243 0.625980
vt 0.642593 0.614766
vt 0.635481 0.619994
vt 0.623201 0.620287
vt 0.615494 0.626567
vt 0.622861 0.636934
vt 0.631309 0.631634
vt 0.664258 0.624451
vt 0.639901 0.590930
vt 0.649858 0.609390
vt 0.628461 0.625099
vt 0.618867 0.627702
vt 0.622899 0.633376
vt 0.655643 0.605103
vt 0.621486 0.630110
vt 0.108309 0.658019
vt 0.120580 0.674910
vt 0.124918 0.695328
vt 0.120579 0.715747
vt 0.108309 0.732635
vt 0.090230 0.743073
vt 0.069469 0.745255
vt 0.049616 0.738804
vt 0.034102 0.724835
vt 0.025613 0.705765
vt 0.025613 0.684889
vt 0.034103 0.665819
vt 0.049616 0.651849
vt 0.069470 0.645400
vt 0.090231 0.647583
vt 0.691986 0.591327
vt 0.695506 0.611902
vt 0.684512 0.612838
vt 0.681305 0.594100
vt 0.695510 0.632778
vt 0.684515 0.631847
vt 0.691997 0.653355
vt 0.681314 0.650584
vt 0.100850 0.800968
vt 0.097331 0.780392
vt 0.108326 0.779458
vt 0.111531 0.798195
vt 0.097329 0.759516
vt 0.108325 0.760449
vt 0.100845 0.738939
vt 0.111527 0.741711
vn 0.834557 0.416979 -0.360059
vn 0.611272 0.425584 -0.667252
vn 0.611303 0.425583 -0.667223
vn 0.834562 0.416978 -0.360049
vn 0.282324 0.430810 -0.857144
vn 0.282313 0.430810 -0.857148
vn -0.095489 0.431940 -0.896833
vn -0.095490 0.431940 -0.896833
vn -0.456749 0.428721 -0.779473
vn -0.456768 0.428720 -0.779463
vn -0.739089 0.421580 -0.525375
vn -0.739081 0.421580 -0.525385
vn -0.893605 0.411839 -0.178491
vn -0.893607 0.411839 -0.178481
vn -0.893610 0.401221 0.201204
vn -0.893607 0.401220 0.201217
vn -0.739096 0.391549 0.548111
vn -0.739086 0.391548 0.548126
vn -0.456772 0.384471 0.802210
vn -0.456774 0.384471 0.802209
vn -0.095487 0.381203 0.919547
vn -0.095488 0.381203 0.919547
vn 0.282303 0.382311 0.879854
vn 0.282303 0.382311 0.879854
vn 0.611274 0.387624 0.689994
vn 0.611276 0.387624 0.689992
vn 0.834572 0.396196 0.382776
vn 0.834575 0.396196 0.382769
vn 0.913560 0.406546 0.011360
vn 0.913560 0.406546 0.011359
vn 0.738969 0.596901 -0.312465
vn 0.541258 0.604528 -0.584454
vn 0.505729 0.670249 -0.543143
vn 0.690442 0.663138 -0.289028
vn 0.249973 0.609283 -0.752521
vn 0.233581 0.674672 -0.700184
vn -0.084577 0.610262 -0.787672
vn -0.079026 0.675590 -0.733030
vn -0.404427 0.607359 -0.683779
vn -0.377895 0.672879 -0.635947
vn -0.654357 0.601068 -0.458841
vn -0.611428 0.667000 -0.425754
vn -0.791205 0.592446 -0.151667
vn -0.739268 0.658955 -0.138780
vn -0.791208 0.583043 0.184527
vn -0.739270 0.650176 0.175359
vn -0.654389 0.574461 0.491700
vn -0.611441 0.642162 0.462350
vn -0.404433 0.568171 0.716670
vn -0.377889 0.636276 0.672572
vn -0.084552 0.565264 0.820565
vn -0.078997 0.633564 0.769646
vn 0.249964 0.566245 0.785420
vn 0.233556 0.634488 0.736801
vn 0.541261 0.570935 0.617308
vn 0.505720 0.638875 0.579729
vn 0.738964 0.578532 0.345301
vn 0.690446 0.645972 0.325584
vn 0.808897 0.587721 0.016423
vn 0.755792 0.654557 0.018287
vn 0.407415 0.805600 -0.430142
vn 0.556216 0.799886 -0.225403
vn 0.188159 0.809145 -0.556669
vn -0.063665 0.809892 -0.583115
vn -0.304444 0.807697 -0.504915
vn -0.492574 0.802965 -0.335586
vn -0.595558 0.796501 -0.104389
vn -0.595557 0.789434 0.148683
vn -0.492574 0.782982 0.379881
vn -0.304429 0.778243 0.549236
vn -0.063633 0.776056 0.627445
vn 0.188144 0.776800 0.600985
vn 0.407404 0.780334 0.474448
vn 0.556217 0.786058 0.269697
vn 0.608853 0.792974 0.022157
vn 0.294317 0.906837 -0.301702
vn 0.401826 0.902714 -0.153764
vn 0.135919 0.909402 -0.393083
vn -0.045991 0.909931 -0.412202
vn -0.219942 0.908353 -0.355697
vn -0.355855 0.904932 -0.233379
vn -0.430249 0.900268 -0.066351
vn -0.430246 0.895161 0.116510
vn -0.355853 0.890499 0.283514
vn -0.219935 0.887086 0.405842
vn -0.045975 0.885502 0.462356
vn 0.135914 0.886029 0.443260
vn 0.294321 0.888586 0.351838
vn 0.401828 0.892721 0.203918
vn 0.439848 0.897722 0.025091
vn 0.179044 0.968708 -0.171896
vn 0.244454 0.966199 -0.081863
vn 0.082673 0.970260 -0.227512
vn -0.027974 0.970588 -0.239117
vn -0.133805 0.969624 -0.204756
vn -0.216482 0.967550 -0.130314
vn -0.261742 0.964711 -0.028697
vn -0.261737 0.961604 0.082527
vn -0.216488 0.958763 0.184136
vn -0.133815 0.956684 0.258552
vn -0.027977 0.955724 0.292933
vn 0.082677 0.956048 0.281311
vn 0.179051 0.957600 0.225703
vn 0.244457 0.960118 0.135697
vn 0.267587 0.963158 0.026916
vn -0.000001 0.999610 0.027925
vn 0.000000 -0.999610 -0.027930
vn 0.000000 -0.999610 -0.027930
vn 0.000000 -0.999610 -0.027930
vn 0.000000 -0.999610 -0.027930
vn 0.000000 -0.999610 -0.027930
vn 0.000000 -0.999610 -0.027930
vn 0.000000 -0.999610 -0.027930
vn 0.000000 -0.999610 -0.027930
vn 0.000000 -0.999610 -0.027930
vn 0.000000 -0.999610 -0.027930
vn 0.000000 -0.999610 -0.027930
vn 0.000000 -0.999610 -0.027930
vn 0.000000 -0.999610 -0.027930
vn 0.000000 -0.999610 -0.027930
vn 0.000000 -0.999610 -0.027930
vn -0.091511 0.991336 0.094232
vn -0.091511 0.991336 0.094232
vn -0.091511 0.991336 0.094232
vn -0.091511 0.991336 0.094232
vn -0.056357 0.990519 0.125283
vn -0.056357 0.990519 0.125283
vn -0.056357 0.990519 0.125283
vn -0.056357 0.990519 0.125283
vn -0.011717 0.990187 0.139259
vn -0.011717 0.990187 0.139259
vn -0.011717 0.990187 0.139259
vn -0.011717 0.990187 0.139259
vn 0.034493 0.990403 0.133837
vn 0.034493 0.990403 0.133837
vn 0.034493 0.990403 0.133837
vn 0.034493 0.990403 0.133837
vn 0.074341 0.991116 0.110285
vn 0.074341 0.991116 0.110285
vn 0.074341 0.991116 0.110285
vn 0.074341 0.991116 0.110285
vn 0.101200 0.992199 0.072797
vn 0.101200 0.992199 0.072797
vn 0.101200 0.992199 0.072797
vn 0.101200 0.992199 0.072797
vn 0.110664 0.993470 0.027760
vn 0.110664 0.993470 0.027760
vn 0.110664 0.993470 0.027760
vn 0.110664 0.993470 0.027760
vn 0.101201 0.994716 -0.017295
vn 0.101201 0.994716 -0.017295
vn 0.101201 0.994716 -0.017295
vn 0.101201 0.994716 -0.017295
vn 0.074339 0.995727 -0.054794
vn 0.074339 0.995727 -0.054794
vn 0.074339 0.995727 -0.054794
vn 0.074339 0.995727 -0.054794
vn 0.034485 0.996329 -0.078355
vn 0.034485 0.996329 -0.078355
vn 0.034485 0.996329 -0.078355
vn 0.034485 0.996329 -0.078355
vn -0.011725 0.996419 -0.083740
vn -0.011725 0.996419 -0.083740
vn -0.011725 0.996419 -0.083740
vn -0.011725 0.996419 -0.083740
vn -0.056348 0.995969 -0.069794
vn -0.056348 0.995969 -0.069794
vn -0.056348 0.995969 -0.069794
vn -0.056348 0.995969 -0.069794
vn -0.091518 0.995051 -0.038702
vn -0.091518 0.995051 -0.038702
vn -0.091518 0.995051 -0.038702
vn -0.091518 0.995051 -0.038702
vn -0.110876 0.993825 0.004197
vn -0.110876 0.993825 0.004197
vn -0.110876 0.993825 0.004197
vn -0.110876 0.993825 0.004197
vn -0.110870 0.992510 0.051304
vn -0.110870 0.992510 0.051304
vn -0.110870 0.992510 0.051304
vn -0.110870 0.992510 0.051304
s 1
g ÇÒÑÇÑ ÇÒÑÇÑ pSphere4
usemtl initialShadingGroup
f 1137/2109/2472 1138/2113/2473 1139/2114/2474 1140/2110/2475
f 1138/2221/2473 1141/2222/2476 1142/2223/2477 1139/2224/2474
f 1141/2222/2476 1143/2225/2478 1144/2226/2479 1142/2223/2477
f 1143/2225/2478 1145/2227/2480 1146/2228/2481 1144/2226/2479
f 1145/2099/2480 1147/2093/2482 1148/2096/2483 1146/2100/2481
f 1147/2093/2482 1149/2094/2484 1150/2095/2485 1148/2096/2483
f 1149/2094/2484 1151/2097/2486 1152/2098/2487 1150/2095/2485
f 1151/2097/2486 1153/2101/2488 1154/2102/2489 1152/2098/2487
f 1153/2101/2488 1155/2103/2490 1156/2104/2491 1154/2102/2489
f 1155/2229/2490 1157/2230/2492 1158/2231/2493 1156/2232/2491
f 1157/2230/2492 1159/2233/2494 1160/2234/2495 1158/2231/2493
f 1159/2233/2494 1161/2235/2496 1162/2236/2497 1160/2234/2495
f 1161/2111/2496 1163/2105/2498 1164/2108/2499 1162/2112/2497
f 1163/2105/2498 1165/2106/2500 1166/2107/2501 1164/2108/2499
f 1165/2106/2500 1137/2109/2472 1140/2110/2475 1166/2107/2501
s 2
f 1061/2167/2502 1062/2155/2503 1077/2150/2504 1076/2162/2505
f 1062/2155/2503 1063/2142/2506 1078/2137/2507 1077/2150/2504
f 1063/2142/2506 1064/2130/2508 1079/2125/2509 1078/2137/2507
f 1064/2130/2508 1065/2119/2510 1080/2115/2511 1079/2125/2509
f 1065/2119/2510 1066/2120/2512 1081/2116/2513 1080/2115/2511
f 1066/2120/2512 1067/2129/2514 1082/2121/2515 1081/2116/2513
f 1067/2129/2514 1068/2141/2516 1083/2131/2517 1082/2121/2515
f 1068/2141/2516 1069/2154/2518 1084/2143/2519 1083/2131/2517
f 1069/2154/2518 1070/2166/2520 1085/2156/2521 1084/2143/2519
f 1070/2166/2520 1071/2178/2522 1086/2168/2523 1085/2156/2521
f 1071/2178/2522 1072/2190/2524 1087/2180/2525 1086/2168/2523
f 1072/2190/2524 1073/2200/2526 1088/2192/2527 1087/2180/2525
f 1073/2200/2526 1074/2191/2528 1089/2186/2529 1088/2192/2527
f 1074/2191/2528 1075/2179/2530 1090/2174/2531 1089/2186/2529
f 1075/2179/2530 1061/2167/2502 1076/2162/2505 1090/2174/2531
f 1076/2162/2505 1077/2150/2504 1092/2151/2532 1091/2163/2533
f 1077/2150/2504 1078/2137/2507 1093/2138/2534 1092/2151/2532
f 1078/2137/2507 1079/2125/2509 1094/2126/2535 1093/2138/2534
f 1079/2125/2509 1080/2115/2511 1095/2118/2536 1094/2126/2535
f 1080/2115/2511 1081/2116/2513 1096/2117/2537 1095/2118/2536
f 1081/2116/2513 1082/2121/2515 1097/2122/2538 1096/2117/2537
f 1082/2121/2515 1083/2131/2517 1098/2132/2539 1097/2122/2538
f 1083/2131/2517 1084/2143/2519 1099/2144/2540 1098/2132/2539
f 1084/2143/2519 1085/2156/2521 1100/2157/2541 1099/2144/2540
f 1085/2156/2521 1086/2168/2523 1101/2169/2542 1100/2157/2541
f 1086/2168/2523 1087/2180/2525 1102/2181/2543 1101/2169/2542
f 1087/2180/2525 1088/2192/2527 1103/2193/2544 1102/2181/2543
f 1088/2192/2527 1089/2186/2529 1104/2187/2545 1103/2193/2544
f 1089/2186/2529 1090/2174/2531 1105/2175/2546 1104/2187/2545
f 1090/2174/2531 1076/2162/2505 1091/2163/2533 1105/2175/2546
f 1091/2163/2533 1092/2151/2532 1107/2161/2547 1106/2173/2548
f 1092/2151/2532 1093/2138/2534 1108/2149/2549 1107/2161/2547
f 1093/2138/2534 1094/2126/2535 1109/2136/2550 1108/2149/2549
f 1094/2126/2535 1095/2118/2536 1110/2124/2551 1109/2136/2550
f 1095/2118/2536 1096/2117/2537 1111/2123/2552 1110/2124/2551
f 1096/2117/2537 1097/2122/2538 1112/2133/2553 1111/2123/2552
f 1097/2122/2538 1098/2132/2539 1113/2145/2554 1112/2133/2553
f 1098/2132/2539 1099/2144/2540 1114/2158/2555 1113/2145/2554
f 1099/2144/2540 1100/2157/2541 1115/2170/2556 1114/2158/2555
f 1100/2157/2541 1101/2169/2542 1116/2182/2557 1115/2170/2556
f 1101/2169/2542 1102/2181/2543 1117/2194/2558 1116/2182/2557
f 1102/2181/2543 1103/2193/2544 1118/2201/2559 1117/2194/2558
f 1103/2193/2544 1104/2187/2545 1119/2197/2560 1118/2201/2559
f 1104/2187/2545 1105/2175/2546 1120/2185/2561 1119/2197/2560
f 1105/2175/2546 1091/2163/2533 1106/2173/2548 1120/2185/2561
f 1106/2173/2548 1107/2161/2547 1122/2172/2562 1121/2184/2563
f 1107/2161/2547 1108/2149/2549 1123/2160/2564 1122/2172/2562
f 1108/2149/2549 1109/2136/2550 1124/2148/2565 1123/2160/2564
f 1109/2136/2550 1110/2124/2551 1125/2135/2566 1124/2148/2565
f 1110/2124/2551 1111/2123/2552 1126/2134/2567 1125/2135/2566
f 1111/2123/2552 1112/2133/2553 1127/2146/2568 1126/2134/2567
f 1112/2133/2553 1113/2145/2554 1128/2159/2569 1127/2146/2568
f 1113/2145/2554 1114/2158/2555 1129/2171/2570 1128/2159/2569
f 1114/2158/2555 1115/2170/2556 1130/2183/2571 1129/2171/2570
f 1115/2170/2556 1116/2182/2557 1131/2195/2572 1130/2183/2571
f 1116/2182/2557 1117/2194/2558 1132/2202/2573 1131/2195/2572
f 1117/2194/2558 1118/2201/2559 1133/2205/2574 1132/2202/2573
f 1118/2201/2559 1119/2197/2560 1134/2203/2575 1133/2205/2574
f 1119/2197/2560 1120/2185/2561 1135/2196/2576 1134/2203/2575
f 1120/2185/2561 1106/2173/2548 1121/2184/2563 1135/2196/2576
f 1121/2184/2563 1122/2172/2562 1136/2147/2577
f 1122/2172/2562 1123/2160/2564 1136/2147/2577
f 1123/2160/2564 1124/2148/2565 1136/2147/2577
f 1124/2148/2565 1125/2135/2566 1136/2147/2577
f 1125/2135/2566 1126/2134/2567 1136/2147/2577
f 1126/2134/2567 1127/2146/2568 1136/2147/2577
f 1127/2146/2568 1128/2159/2569 1136/2147/2577
f 1128/2159/2569 1129/2171/2570 1136/2147/2577
f 1129/2171/2570 1130/2183/2571 1136/2147/2577
f 1130/2183/2571 1131/2195/2572 1136/2147/2577
f 1131/2195/2572 1132/2202/2573 1136/2147/2577
f 1132/2202/2573 1133/2205/2574 1136/2147/2577
f 1133/2205/2574 1134/2203/2575 1136/2147/2577
f 1134/2203/2575 1135/2196/2576 1136/2147/2577
f 1135/2196/2576 1121/2184/2563 1136/2147/2577
s off
f 1138/2206/2578 1137/2207/2579 1165/2208/2580 1163/2209/2581 1161/2210/2582 1159/2211/2583 1157/2212/2584 1155/2213/2585 1153/2214/2586 1151/2215/2587 1149/2216/2588 1147/2217/2589 1145/2218/2590 1143/2219/2591 1141/2220/2592
f 1062/2155/2593 1061/2167/2594 1140/2176/2595 1139/2164/2596
f 1063/2142/2597 1062/2155/2598 1139/2164/2599 1142/2152/2600
f 1064/2130/2601 1063/2142/2602 1142/2152/2603 1144/2139/2604
f 1065/2119/2605 1064/2130/2606 1144/2139/2607 1146/2127/2608
f 1066/2120/2609 1065/2119/2610 1146/2127/2611 1148/2128/2612
f 1067/2129/2613 1066/2120/2614 1148/2128/2615 1150/2140/2616
f 1068/2141/2617 1067/2129/2618 1150/2140/2619 1152/2153/2620
f 1069/2154/2621 1068/2141/2622 1152/2153/2623 1154/2165/2624
f 1070/2166/2625 1069/2154/2626 1154/2165/2627 1156/2177/2628
f 1071/2178/2629 1070/2166/2630 1156/2177/2631 1158/2189/2632
f 1072/2190/2633 1071/2178/2634 1158/2189/2635 1160/2199/2636
f 1073/2200/2637 1072/2190/2638 1160/2199/2639 1162/2204/2640
f 1074/2191/2641 1073/2200/2642 1162/2204/2643 1164/2198/2644
f 1075/2179/2645 1074/2191/2646 1164/2198/2647 1166/2188/2648
f 1061/2167/2649 1075/2179/2650 1166/2188/2651 1140/2176/2652
g default
v 71.067924 185.142441 68.669556
v 74.990303 185.142441 68.669556
v 71.067924 188.026321 68.750137
v 74.990303 188.026321 68.750137
v 71.067924 190.047012 -3.569950
v 74.990303 190.047012 -3.569950
v 71.067924 187.163132 -3.650532
v 74.990303 187.163132 -3.650532
vt 0.809406 0.591348
vt 0.809369 0.000001
vt 0.832950 0.000000
vt 0.832987 0.591346
vt 0.860595 0.591346
vt 0.860632 0.000000
vt 0.884212 0.000001
vt 0.884176 0.591348
vt 0.712046 0.000000
vt 0.744106 0.000000
vt 0.744100 0.591347
vt 0.712040 0.591346
vt 0.747904 0.000000
vt 0.779964 0.000000
vt 0.779958 0.591347
vt 0.747898 0.591346
vt 0.256130 0.624662
vt 0.256132 0.592602
vt 0.279713 0.592604
vt 0.279710 0.624664
vt 0.583975 0.578753
vt 0.583978 0.546693
vt 0.607559 0.546695
vt 0.607556 0.578755
vn 0.000000 -0.027931 0.999610
vn 0.000000 -0.027931 0.999610
vn 0.000000 -0.027931 0.999610
vn 0.000000 -0.027931 0.999610
vn 0.000000 0.999610 0.027930
vn 0.000000 0.999610 0.027930
vn 0.000000 0.999610 0.027930
vn 0.000000 0.999610 0.027930
vn 0.000000 0.027931 -0.999610
vn 0.000000 0.027931 -0.999610
vn 0.000000 0.027931 -0.999610
vn 0.000000 0.027931 -0.999610
vn 0.000000 -0.999610 -0.027930
vn 0.000000 -0.999610 -0.027930
vn 0.000000 -0.999610 -0.027930
vn 0.000000 -0.999610 -0.027930
vn 1.000000 -0.000001 0.000000
vn 1.000000 -0.000001 0.000000
vn 1.000000 -0.000001 0.000000
vn 1.000000 -0.000001 0.000000
vn -1.000000 0.000001 0.000000
vn -1.000000 0.000001 0.000000
vn -1.000000 0.000001 0.000000
vn -1.000000 0.000001 0.000000
s off
g ÇÒÑÇÑ ÇÒÑÇÑ pCube17
usemtl initialShadingGroup
f 1167/2253/2653 1168/2254/2654 1170/2255/2655 1169/2256/2656
f 1169/2245/2657 1170/2246/2658 1172/2247/2659 1171/2248/2660
f 1171/2257/2661 1172/2258/2662 1174/2259/2663 1173/2260/2664
f 1173/2249/2665 1174/2250/2666 1168/2251/2667 1167/2252/2668
f 1168/2237/2669 1174/2238/2670 1172/2239/2671 1170/2240/2672
f 1173/2241/2673 1167/2242/2674 1169/2243/2675 1171/2244/2676
g default
v 23.420725 315.275818 -156.293045
v 23.420725 294.610596 -172.040405
v 23.420725 264.748444 -180.779526
v 23.420725 231.603943 -180.779526
v 23.420725 201.741791 -172.040405
v 23.420725 181.076538 -156.293060
v 23.420725 173.701202 -136.656448
v 23.420725 322.651184 -136.656433
v 11.906507 318.551331 -157.251617
v 11.906507 296.877319 -173.767685
v 11.906507 265.557434 -182.933411
v 11.906507 230.794968 -182.933411
v 11.906507 199.475082 -173.767700
v 11.906507 177.801025 -157.251633
v 11.906507 170.065659 -136.656448
v 11.906507 326.286713 -136.656433
v 7.137163 326.459106 -159.565811
v 7.137163 302.349640 -177.937729
v 7.137163 267.510468 -188.133362
v 7.137163 228.841919 -188.133362
v 7.137163 194.002731 -177.937744
v 7.137163 169.893280 -159.565826
v 7.137163 161.288696 -136.656448
v 7.137163 335.063660 -136.656433
v 11.906508 334.366882 -161.880005
v 11.906508 307.821991 -182.107773
v 11.906508 269.463531 -193.333328
v 11.906508 226.888855 -193.333328
v 11.906508 188.530396 -182.107788
v 11.906508 161.985504 -161.880035
v 11.906508 152.511734 -136.656448
v 11.906508 343.840637 -136.656433
v 23.420725 337.642395 -162.838577
v 23.420725 310.088715 -183.835052
v 23.420725 270.272522 -195.487213
v 23.420725 226.079865 -195.487213
v 23.420725 186.263672 -183.835068
v 23.420725 158.709991 -162.838608
v 23.420725 148.876205 -136.656448
v 23.420725 347.476166 -136.656433
v 34.934940 334.366882 -161.880005
v 34.934940 307.821991 -182.107773
v 34.934940 269.463531 -193.333328
v 34.934940 226.888855 -193.333328
v 34.934940 188.530396 -182.107788
v 34.934940 161.985504 -161.880035
v 34.934940 152.511734 -136.656448
v 34.934940 343.840637 -136.656433
v 39.704285 326.459106 -159.565811
v 39.704285 302.349640 -177.937729
v 39.704285 267.510468 -188.133362
v 39.704285 228.841919 -188.133362
v 39.704285 194.002731 -177.937744
v 39.704285 169.893280 -159.565826
v 39.704285 161.288696 -136.656448
v 39.704285 335.063660 -136.656433
v 34.934940 318.551331 -157.251617
v 34.934940 296.877319 -173.767685
v 34.934940 265.557434 -182.933411
v 34.934940 230.794968 -182.933411
v 34.934940 199.475082 -173.767700
v 34.934940 177.801025 -157.251633
v 34.934940 170.065659 -136.656448
v 34.934940 326.286713 -136.656433
vt 0.035827 0.465046
vt 0.035827 0.537176
vt 0.017913 0.562009
vt 0.017913 0.481775
vt 0.112907 0.574336
vt 0.112907 0.603345
vt 0.000000 0.586843
vt 0.000000 0.498504
vt 0.035827 0.374599
vt 0.017913 0.374599
vt 0.112907 0.632355
vt 0.000000 0.374599
vt 0.035827 0.257777
vt 0.017913 0.257777
vt 0.000000 0.257777
vt 0.035827 0.167323
vt 0.017913 0.150597
vt 0.000000 0.133872
vt 0.035827 0.095186
vt 0.017913 0.070355
vt 0.000000 0.045524
vt 0.112855 0.058015
vt 0.112855 0.029008
vt 0.112855 0.000000
vt 0.227068 0.498503
vt 0.227068 0.586842
vt 0.209154 0.562008
vt 0.209154 0.481774
vt 0.114162 0.632354
vt 0.114162 0.603345
vt 0.191241 0.537175
vt 0.191241 0.465046
vt 0.227068 0.374598
vt 0.209154 0.374598
vt 0.114162 0.574336
vt 0.191241 0.374598
vt 0.227068 0.257777
vt 0.209154 0.257777
vt 0.191241 0.257777
vt 0.227068 0.133872
vt 0.209154 0.150597
vt 0.191241 0.167323
vt 0.227068 0.045525
vt 0.209154 0.070356
vt 0.191241 0.095187
vt 0.114209 0.000001
vt 0.114209 0.029009
vt 0.114209 0.058017
vt 0.072333 0.133452
vt 0.072333 0.195658
vt 0.038054 0.195658
vt 0.038054 0.133452
vt 0.106606 0.133452
vt 0.106606 0.195658
vt 0.072333 0.272422
vt 0.038054 0.272422
vt 0.106606 0.272422
vt 0.505197 0.912179
vt 0.505197 0.974385
vt 0.470920 0.974385
vt 0.470920 0.912179
vt 0.539471 0.912179
vt 0.539471 0.974385
vt 0.505197 0.835415
vt 0.470920 0.835415
vt 0.539471 0.835415
vt 0.551785 0.233800
vt 0.551785 0.154866
vt 0.586284 0.154866
vt 0.586284 0.233800
vt 0.551785 0.057384
vt 0.586284 0.057384
vt 0.620784 0.154866
vt 0.620784 0.233800
vt 0.620784 0.057384
vt 0.228325 0.167252
vt 0.228325 0.088317
vt 0.262829 0.088317
vt 0.262829 0.167252
vt 0.297324 0.088317
vt 0.297324 0.167252
vt 0.228325 0.264734
vt 0.262829 0.264734
vt 0.297324 0.264734
vt 0.923342 0.850028
vt 0.923342 0.941949
vt 0.889515 0.941949
vt 0.889515 0.850028
vt 0.957168 0.850028
vt 0.957168 0.941949
vt 0.923342 0.752224
vt 0.889515 0.752224
vt 0.957168 0.752224
vt 0.923342 0.660303
vt 0.889515 0.660303
vt 0.957168 0.660303
vt 0.932326 0.117437
vt 0.932326 0.000027
vt 0.966163 0.000027
vt 0.966163 0.117437
vt 1.000000 0.000027
vt 1.000000 0.117437
vt 0.932326 0.242374
vt 0.966163 0.242374
vt 1.000000 0.242374
vt 0.932326 0.359783
vt 0.966163 0.359783
vt 1.000000 0.359783
vn -0.214418 -0.415627 0.883900
vn -0.263184 -0.746213 0.611474
vn -0.266631 -0.766151 0.584739
vn -0.216935 -0.436654 0.873082
vn -0.191183 -0.131215 0.972744
vn -0.191499 -0.138613 0.971655
vn -0.191183 0.131215 0.972744
vn -0.191499 0.138613 0.971656
vn -0.214418 0.415626 0.883900
vn -0.216935 0.436654 0.873083
vn -0.263185 0.746212 0.611475
vn -0.266631 0.766151 0.584740
vn -0.283459 0.897750 0.337187
vn -0.283459 0.897750 0.337187
vn -0.283459 -0.897750 0.337188
vn -0.283459 -0.897750 0.337188
vn -0.783612 -0.249344 0.569016
vn -0.843271 -0.405275 0.353053
vn -0.853819 -0.428412 0.295729
vn -0.796432 -0.289570 0.530891
vn -0.749610 -0.081817 0.656804
vn -0.751806 -0.101045 0.651596
vn -0.749610 0.081816 0.656804
vn -0.751806 0.101045 0.651596
vn -0.783612 0.249344 0.569016
vn -0.796432 0.289570 0.530891
vn -0.843271 0.405275 0.353053
vn -0.853819 0.428413 0.295729
vn -0.864859 0.469960 0.176512
vn -0.864859 0.469960 0.176512
vn -0.864859 -0.469960 0.176512
vn -0.864859 -0.469960 0.176512
vn -0.783612 0.249344 -0.569016
vn -0.843272 0.405274 -0.353052
vn -0.853820 0.428412 -0.295728
vn -0.796433 0.289570 -0.530890
vn -0.749609 0.081817 -0.656805
vn -0.751805 0.101045 -0.651597
vn -0.749609 -0.081817 -0.656805
vn -0.751805 -0.101045 -0.651597
vn -0.783612 -0.249344 -0.569017
vn -0.796432 -0.289570 -0.530891
vn -0.843271 -0.405275 -0.353053
vn -0.853819 -0.428412 -0.295729
vn -0.864860 -0.469959 -0.176513
vn -0.864860 -0.469959 -0.176513
vn -0.864860 0.469959 -0.176512
vn -0.864860 0.469959 -0.176512
vn -0.214418 0.415627 -0.883900
vn -0.263185 0.746213 -0.611474
vn -0.266631 0.766151 -0.584739
vn -0.216935 0.436654 -0.873082
vn -0.191184 0.131215 -0.972744
vn -0.191500 0.138613 -0.971655
vn -0.191184 -0.131215 -0.972744
vn -0.191500 -0.138613 -0.971655
vn -0.214418 -0.415626 -0.883900
vn -0.216935 -0.436654 -0.873082
vn -0.263185 -0.746212 -0.611475
vn -0.266631 -0.766151 -0.584740
vn -0.283459 -0.897750 -0.337188
vn -0.283459 -0.897750 -0.337188
vn -0.283458 0.897751 -0.337186
vn -0.283458 0.897751 -0.337186
vn 0.216935 0.436654 -0.873082
vn 0.266631 0.766151 -0.584740
vn 0.263185 0.746212 -0.611475
vn 0.214418 0.415627 -0.883900
vn 0.191500 0.138613 -0.971655
vn 0.191184 0.131215 -0.972744
vn 0.191500 -0.138613 -0.971655
vn 0.191184 -0.131215 -0.972744
vn 0.216935 -0.436654 -0.873082
vn 0.214418 -0.415626 -0.883900
vn 0.266631 -0.766151 -0.584740
vn 0.263185 -0.746212 -0.611475
vn 0.283459 -0.897750 -0.337188
vn 0.283459 -0.897750 -0.337187
vn 0.283458 0.897751 -0.337186
vn 0.283458 0.897751 -0.337186
vn 0.796433 0.289570 -0.530890
vn 0.853820 0.428412 -0.295728
vn 0.843272 0.405274 -0.353052
vn 0.783612 0.249344 -0.569016
vn 0.751805 0.101045 -0.651597
vn 0.749609 0.081817 -0.656805
vn 0.751805 -0.101045 -0.651597
vn 0.749609 -0.081816 -0.656805
vn 0.796432 -0.289570 -0.530891
vn 0.783612 -0.249344 -0.569016
vn 0.853819 -0.428412 -0.295729
vn 0.843271 -0.405275 -0.353052
vn 0.864860 -0.469958 -0.176513
vn 0.864860 -0.469959 -0.176513
vn 0.864860 0.469959 -0.176512
vn 0.864860 0.469959 -0.176512
vn 0.796432 -0.289570 0.530891
vn 0.853819 -0.428412 0.295729
vn 0.843271 -0.405275 0.353053
vn 0.783612 -0.249344 0.569016
vn 0.751806 -0.101045 0.651596
vn 0.749610 -0.081817 0.656804
vn 0.751806 0.101045 0.651596
vn 0.749610 0.081816 0.656804
vn 0.796432 0.289570 0.530891
vn 0.783612 0.249344 0.569016
vn 0.853819 0.428413 0.295729
vn 0.843271 0.405275 0.353053
vn 0.864859 0.469960 0.176512
vn 0.864859 0.469960 0.176512
vn 0.864859 -0.469959 0.176512
vn 0.864859 -0.469959 0.176512
vn 0.216935 -0.436654 0.873082
vn 0.266631 -0.766151 0.584739
vn 0.263185 -0.746213 0.611474
vn 0.214418 -0.415627 0.883900
vn 0.191499 -0.138613 0.971655
vn 0.191183 -0.131215 0.972744
vn 0.191499 0.138613 0.971656
vn 0.191183 0.131215 0.972744
vn 0.216935 0.436654 0.873083
vn 0.214418 0.415626 0.883900
vn 0.266631 0.766151 0.584740
vn 0.263185 0.746212 0.611475
vn 0.283459 0.897751 0.337187
vn 0.283459 0.897751 0.337187
vn 0.283459 -0.897751 0.337187
vn 0.283459 -0.897751 0.337187
s 1
g ÔÇÔÇÊ pTorus2
usemtl initialShadingGroup
f 1176/2324/2677 1175/2318/2678 1183/2321/2679 1184/2325/2680
f 1177/2345/2681 1176/2346/2677 1184/2347/2680 1185/2348/2682
f 1178/2351/2683 1177/2345/2681 1185/2348/2682 1186/2352/2684
f 1179/2354/2685 1178/2351/2683 1186/2352/2684 1187/2355/2686
f 1180/2310/2687 1179/2315/2685 1187/2316/2686 1188/2311/2688
f 1181/2309/2689 1180/2310/2687 1188/2311/2688 1189/2312/2690
f 1175/2318/2678 1182/2319/2691 1190/2320/2692 1183/2321/2679
s 2
f 1184/2261/2693 1183/2262/2694 1191/2263/2695 1192/2264/2696
f 1185/2269/2697 1184/2261/2693 1192/2264/2696 1193/2270/2698
f 1186/2273/2699 1185/2269/2697 1193/2270/2698 1194/2274/2700
f 1187/2276/2701 1186/2273/2699 1194/2274/2700 1195/2277/2702
f 1188/2279/2703 1187/2276/2701 1195/2277/2702 1196/2280/2704
f 1189/2282/2705 1188/2279/2703 1196/2280/2704 1197/2283/2706
f 1183/2262/2694 1190/2265/2707 1198/2266/2708 1191/2263/2695
s 3
f 1192/2264/2709 1191/2263/2710 1199/2267/2711 1200/2268/2712
f 1193/2270/2713 1192/2264/2709 1200/2268/2712 1201/2272/2714
f 1194/2274/2715 1193/2270/2713 1201/2272/2714 1202/2275/2716
f 1195/2277/2717 1194/2274/2715 1202/2275/2716 1203/2278/2718
f 1196/2280/2719 1195/2277/2717 1203/2278/2718 1204/2281/2720
f 1197/2283/2721 1196/2280/2719 1204/2281/2720 1205/2284/2722
f 1191/2263/2710 1198/2266/2723 1206/2271/2724 1199/2267/2711
s 4
f 1200/2342/2725 1199/2336/2726 1207/2339/2727 1208/2343/2728
f 1201/2357/2729 1200/2358/2725 1208/2359/2728 1209/2360/2730
f 1202/2363/2731 1201/2357/2729 1209/2360/2730 1210/2364/2732
f 1203/2366/2733 1202/2363/2731 1210/2364/2732 1211/2367/2734
f 1204/2328/2735 1203/2331/2733 1211/2332/2734 1212/2329/2736
f 1205/2327/2737 1204/2328/2735 1212/2329/2736 1213/2330/2738
f 1199/2336/2726 1206/2337/2739 1214/2338/2740 1207/2339/2727
s 5
f 1208/2343/2741 1207/2339/2742 1215/2341/2743 1216/2344/2744
f 1209/2360/2745 1208/2359/2741 1216/2361/2744 1217/2362/2746
f 1210/2364/2747 1209/2360/2745 1217/2362/2746 1218/2365/2748
f 1211/2367/2749 1210/2364/2747 1218/2365/2748 1219/2368/2750
f 1212/2329/2751 1211/2332/2749 1219/2335/2750 1220/2333/2752
f 1213/2330/2753 1212/2329/2751 1220/2333/2752 1221/2334/2754
f 1207/2339/2742 1214/2338/2755 1222/2340/2756 1215/2341/2743
s 6
f 1216/2285/2757 1215/2286/2758 1223/2287/2759 1224/2288/2760
f 1217/2293/2761 1216/2285/2757 1224/2288/2760 1225/2294/2762
f 1218/2297/2763 1217/2293/2761 1225/2294/2762 1226/2298/2764
f 1219/2300/2765 1218/2297/2763 1226/2298/2764 1227/2301/2766
f 1220/2303/2767 1219/2300/2765 1227/2301/2766 1228/2304/2768
f 1221/2306/2769 1220/2303/2767 1228/2304/2768 1229/2307/2770
f 1215/2286/2758 1222/2289/2771 1230/2290/2772 1223/2287/2759
s 7
f 1224/2288/2773 1223/2287/2774 1231/2291/2775 1232/2292/2776
f 1225/2294/2777 1224/2288/2773 1232/2292/2776 1233/2296/2778
f 1226/2298/2779 1225/2294/2777 1233/2296/2778 1234/2299/2780
f 1227/2301/2781 1226/2298/2779 1234/2299/2780 1235/2302/2782
f 1228/2304/2783 1227/2301/2781 1235/2302/2782 1236/2305/2784
f 1229/2307/2785 1228/2304/2783 1236/2305/2784 1237/2308/2786
f 1223/2287/2774 1230/2290/2787 1238/2295/2788 1231/2291/2775
s 8
f 1232/2326/2789 1231/2322/2790 1175/2318/2791 1176/2324/2792
f 1233/2349/2793 1232/2350/2789 1176/2346/2792 1177/2345/2794
f 1234/2353/2795 1233/2349/2793 1177/2345/2794 1178/2351/2796
f 1235/2356/2797 1234/2353/2795 1178/2351/2796 1179/2354/2798
f 1236/2314/2799 1235/2317/2797 1179/2315/2798 1180/2310/2800
f 1237/2313/2801 1236/2314/2799 1180/2310/2800 1181/2309/2802
f 1231/2322/2790 1238/2323/2803 1182/2319/2804 1175/2318/2791
g default
v 18.979050 191.830109 11.041597
v 18.978315 194.022812 9.856010
v 18.978569 196.464600 10.357244
v 18.979696 198.012939 12.310763
v 18.981165 197.943329 14.802496
v 18.982292 196.288361 16.666533
v 18.982546 193.822388 17.030670
v 18.981812 191.699280 15.724523
v 18.980431 190.912476 13.359253
v 52.739822 191.830658 11.021700
v 52.739090 194.023361 9.836113
v 52.739342 196.465164 10.337346
v 52.740471 198.013489 12.290866
v 52.741936 197.943878 14.782598
v 52.743065 196.288910 16.646635
v 52.743317 193.822937 17.010773
v 52.742584 191.699844 15.704625
v 52.741203 190.913025 13.339355
v 18.980431 194.555145 13.461010
v 52.741203 194.555695 13.441113
vt 0.795602 0.366313
vt 0.742765 0.321975
vt 0.830092 0.271560
vt 0.730789 0.254048
vt 0.864578 0.366315
vt 0.765278 0.194314
vt 0.917417 0.321979
vt 0.830095 0.170725
vt 0.929396 0.254052
vt 0.894910 0.194317
vt 0.781932 0.011976
vt 0.826270 0.064813
vt 0.731516 0.099303
vt 0.826272 0.133788
vt 0.714004 0.000000
vt 0.781936 0.186627
vt 0.654271 0.034489
vt 0.714009 0.198606
vt 0.630681 0.099305
vt 0.654274 0.164120
vt 0.137950 0.934207
vt 0.068975 0.934199
vt 0.069076 0.000009
vt 0.138051 0.000016
vt 0.000000 0.934192
vt 0.000100 0.000002
vt 0.206926 0.934214
vt 0.207026 0.000024
vt 0.348178 0.934204
vt 0.279202 0.934198
vt 0.279289 0.000008
vt 0.348264 0.000014
vt 0.210227 0.934192
vt 0.210313 0.000002
vt 0.417153 0.934211
vt 0.417239 0.000021
vt 0.558405 0.934192
vt 0.489429 0.934192
vt 0.489433 0.000002
vt 0.558408 0.000002
vt 0.420454 0.934192
vt 0.420458 0.000002
vt 0.629581 0.934195
vt 0.560606 0.934192
vt 0.560655 0.000002
vt 0.629631 0.000005
vn -0.000511 -0.475626 -0.879648
vn -0.000511 -0.475626 -0.879648
vn -0.000511 -0.475626 -0.879648
vn -0.000511 -0.475626 -0.879648
vn -0.000581 0.201079 -0.979575
vn -0.000581 0.201079 -0.979575
vn -0.000581 0.201079 -0.979575
vn -0.000581 0.201079 -0.979575
vn -0.000379 0.783698 -0.621142
vn -0.000379 0.783698 -0.621142
vn -0.000379 0.783698 -0.621142
vn -0.000379 0.783698 -0.621142
vn 0.000000 0.999610 0.027920
vn 0.000000 0.999610 0.027920
vn 0.000000 0.999610 0.027920
vn 0.000000 0.999610 0.027920
vn 0.000379 0.747795 0.663929
vn 0.000379 0.747795 0.663929
vn 0.000379 0.747795 0.663929
vn 0.000379 0.747795 0.663929
vn 0.000581 0.146081 0.989272
vn 0.000581 0.146081 0.989272
vn 0.000581 0.146081 0.989272
vn 0.000581 0.146081 0.989272
vn 0.000511 -0.523984 0.851728
vn 0.000511 -0.523984 0.851728
vn 0.000511 -0.523984 0.851728
vn 0.000511 -0.523984 0.851728
vn 0.000202 -0.948877 0.315647
vn 0.000202 -0.948877 0.315647
vn 0.000202 -0.948877 0.315647
vn 0.000202 -0.948877 0.315647
vn -0.000202 -0.929776 -0.368127
vn -0.000202 -0.929775 -0.368127
vn -0.000202 -0.929776 -0.368127
vn -0.000202 -0.929775 -0.368127
vn -1.000000 -0.000017 0.000589
vn -1.000000 -0.000016 0.000589
vn -1.000000 -0.000016 0.000589
vn -1.000000 -0.000016 0.000590
vn -1.000000 -0.000016 0.000589
vn -1.000000 -0.000017 0.000589
vn -1.000000 -0.000017 0.000590
vn -1.000000 -0.000017 0.000589
vn -1.000000 -0.000017 0.000589
vn -1.000000 -0.000016 0.000589
vn 1.000000 0.000016 -0.000589
vn 1.000000 0.000016 -0.000589
vn 1.000000 0.000016 -0.000589
vn 1.000000 0.000016 -0.000590
vn 1.000000 0.000015 -0.000589
vn 1.000000 0.000017 -0.000589
vn 1.000000 0.000016 -0.000590
vn 1.000000 0.000016 -0.000589
vn 1.000000 0.000017 -0.000589
vn 1.000000 0.000017 -0.000589
s off
g ÇÒÑÇÑ ÇÒÑÇÑ pCylinder3
usemtl initialShadingGroup
f 1239/2405/2805 1240/2406/2806 1249/2407/2807 1248/2408/2808
f 1240/2406/2809 1241/2409/2810 1250/2410/2811 1249/2407/2812
f 1241/2395/2813 1242/2389/2814 1251/2392/2815 1250/2396/2816
f 1242/2389/2817 1243/2390/2818 1252/2391/2819 1251/2392/2820
f 1243/2390/2821 1244/2393/2822 1253/2394/2823 1252/2391/2824
f 1244/2411/2825 1245/2412/2826 1254/2413/2827 1253/2414/2828
f 1245/2403/2829 1246/2397/2830 1255/2400/2831 1254/2404/2832
f 1246/2397/2833 1247/2398/2834 1256/2399/2835 1255/2400/2836
f 1247/2398/2837 1239/2401/2838 1248/2402/2839 1256/2399/2840
s 1
f 1240/2369/2841 1239/2370/2842 1257/2371/2843
f 1241/2373/2844 1240/2369/2841 1257/2371/2843
f 1242/2375/2845 1241/2373/2844 1257/2371/2843
f 1243/2377/2846 1242/2375/2845 1257/2371/2843
f 1244/2378/2847 1243/2377/2846 1257/2371/2843
f 1245/2376/2848 1244/2378/2847 1257/2371/2843
f 1246/2374/2849 1245/2376/2848 1257/2371/2843
f 1247/2372/2850 1246/2374/2849 1257/2371/2843
f 1239/2370/2842 1247/2372/2850 1257/2371/2843
s 2
f 1248/2379/2851 1249/2380/2852 1258/2381/2853
f 1249/2380/2852 1250/2382/2854 1258/2381/2853
f 1250/2382/2854 1251/2384/2855 1258/2381/2853
f 1251/2384/2855 1252/2386/2856 1258/2381/2853
f 1252/2386/2856 1253/2388/2857 1258/2381/2853
f 1253/2388/2857 1254/2387/2858 1258/2381/2853
f 1254/2387/2858 1255/2385/2859 1258/2381/2853
f 1255/2385/2859 1256/2383/2860 1258/2381/2853
f 1256/2383/2860 1248/2379/2851 1258/2381/2853
g default
v -72.281754 190.561264 -55.624702
v -49.987011 190.561264 -55.624702
v -72.281754 194.020737 -55.528042
v -49.987011 194.020737 -55.528042
v -72.281754 194.448318 -70.830925
v -49.987011 194.448318 -70.830925
v -72.281754 190.988846 -70.927589
v -49.987011 190.988846 -70.927589
vt 0.753028 1.000000
vt 0.753021 0.874871
vt 0.781308 0.874870
vt 0.781316 0.999998
vt 0.947679 0.712263
vt 0.947687 0.587134
vt 0.975974 0.587136
vt 0.975967 0.712265
vt 0.128065 0.728915
vt 0.128081 0.546686
vt 0.253210 0.546698
vt 0.253193 0.728926
vt 0.000000 0.182228
vt 0.000017 0.000000
vt 0.125145 0.000011
vt 0.125129 0.182240
vt 0.286865 0.900573
vt 0.286870 0.718345
vt 0.315158 0.718346
vt 0.315152 0.900574
vt 0.886208 0.364457
vt 0.886214 0.182228
vt 0.914501 0.182229
vt 0.914496 0.364458
vn 0.000000 -0.027930 0.999610
vn 0.000000 -0.027930 0.999610
vn 0.000000 -0.027930 0.999610
vn 0.000000 -0.027930 0.999610
vn 0.000000 0.999610 0.027930
vn 0.000000 0.999610 0.027930
vn 0.000000 0.999610 0.027930
vn 0.000000 0.999610 0.027930
vn 0.000000 0.027931 -0.999610
vn 0.000000 0.027931 -0.999610
vn 0.000000 0.027931 -0.999610
vn 0.000000 0.027931 -0.999610
vn 0.000000 -0.999610 -0.027931
vn 0.000000 -0.999610 -0.027931
vn 0.000000 -0.999610 -0.027931
vn 0.000000 -0.999610 -0.027931
vn 1.000000 0.000000 0.000000
vn 1.000000 0.000000 0.000000
vn 1.000000 0.000000 0.000000
vn 1.000000 0.000000 0.000000
vn -1.000000 -0.000000 0.000000
vn -1.000000 -0.000000 0.000000
vn -1.000000 -0.000000 0.000000
vn -1.000000 -0.000000 0.000000
s off
g ÇÒÑÇÑ ÇÒÑÇÑ pCube4
usemtl initialShadingGroup
f 1259/2431/2861 1260/2432/2862 1262/2433/2863 1261/2434/2864
f 1261/2423/2865 1262/2424/2866 1264/2425/2867 1263/2426/2868
f 1263/2435/2869 1264/2436/2870 1266/2437/2871 1265/2438/2872
f 1265/2427/2873 1266/2428/2874 1260/2429/2875 1259/2430/2876
f 1260/2415/2877 1266/2416/2878 1264/2417/2879 1262/2418/2880
f 1265/2419/2881 1259/2420/2882 1261/2421/2883 1263/2422/2884
g default
v -20.085537 191.980133 -43.816925
v -21.237198 192.024399 -45.401428
v -22.934044 192.051773 -46.381035
v -24.882660 192.057480 -46.585648
v -26.746098 192.040573 -45.980354
v -28.202145 192.003967 -44.669937
v -28.999058 191.953964 -42.880585
v -28.999058 191.899246 -40.921921
v -28.202145 191.849243 -39.132713
v -26.746098 191.812637 -37.822220
v -24.882660 191.795715 -37.217003
v -22.934044 191.801437 -37.421722
v -21.237198 191.828796 -38.401031
v -20.085537 191.873077 -39.985535
v -19.678173 191.926605 -41.901314
v -20.696335 192.891998 -43.519569
v -21.684578 192.929993 -44.879059
v -23.140635 192.953461 -45.719505
v -24.812763 192.958374 -45.895264
v -26.411781 192.943863 -45.375740
v -27.661285 192.912445 -44.251137
v -28.345051 192.869553 -42.715942
v -28.345051 192.822586 -41.035233
v -27.661285 192.779694 -39.499924
v -26.411781 192.748260 -38.375343
v -24.812769 192.733765 -37.855988
v -23.140635 192.738663 -38.031654
v -21.684578 192.762146 -38.871994
v -20.696335 192.800140 -40.231644
v -20.346745 192.846069 -41.875626
v -21.468529 193.643494 -43.154572
v -22.250153 193.673538 -44.229866
v -23.401875 193.692108 -44.894737
v -24.724411 193.695984 -45.033539
v -25.989155 193.684509 -44.622803
v -26.977398 193.659653 -43.733192
v -27.518284 193.625732 -42.518913
v -27.518284 193.588593 -41.189804
v -26.977398 193.554657 -39.975319
v -25.989155 193.529800 -39.085754
v -24.724411 193.518326 -38.675011
v -23.401875 193.522217 -38.814026
v -22.250153 193.540787 -39.478653
v -21.468529 193.570831 -40.554138
v -21.192013 193.607162 -41.854355
v -22.368443 194.200958 -42.738297
v -22.909332 194.221741 -43.482430
v -23.706261 194.234589 -43.942223
v -24.621445 194.237274 -44.038445
v -25.496616 194.229340 -43.754082
v -26.180435 194.212143 -43.138687
v -26.554783 194.188660 -42.298431
v -26.554783 194.162964 -41.378510
v -26.180435 194.139481 -40.538277
v -25.496624 194.122284 -39.922691
v -24.621445 194.114334 -39.638466
v -23.706261 194.117020 -39.734550
v -22.909332 194.129883 -40.194489
v -22.368443 194.150665 -40.938652
v -22.177097 194.175812 -41.838470
v -23.356709 194.539810 -42.288597
v -23.633183 194.550446 -42.669060
v -24.040554 194.557007 -42.904099
v -24.508362 194.558380 -42.953209
v -24.955734 194.554321 -42.807930
v -25.305294 194.545532 -42.493217
v -25.496624 194.533524 -42.063789
v -25.496624 194.520386 -41.593536
v -25.305294 194.508392 -41.164108
v -24.955734 194.499603 -40.849373
v -24.508364 194.495544 -40.704071
v -24.040554 194.496918 -40.753204
v -23.633183 194.503479 -40.988266
v -23.356709 194.514114 -41.368698
v -23.258921 194.526962 -41.828659
v -24.390118 194.645782 -41.825340
v -18.789650 190.860580 -44.430115
v -20.290874 190.918304 -46.495773
v -20.658302 192.139771 -46.053085
v -19.291330 192.087219 -44.172340
v -22.502708 190.953964 -47.772072
v -22.672390 192.172256 -47.215836
v -25.042706 190.961426 -48.039040
v -24.985315 192.179047 -47.458702
v -27.471682 190.939377 -47.250282
v -27.197138 192.158981 -46.740250
v -29.369690 190.891647 -45.541855
v -28.925406 192.115509 -45.184845
v -30.408342 190.826477 -43.209541
v -29.871307 192.056168 -43.060944
v -30.408342 190.755142 -40.656525
v -29.871307 191.991211 -40.736099
v -29.369690 190.689987 -38.324303
v -28.925406 191.931870 -38.612389
v -27.471682 190.642258 -36.615959
v -27.197138 191.888412 -37.056885
v -25.042706 190.620209 -35.827042
v -24.985315 191.868347 -36.338516
v -22.502708 190.627670 -36.093925
v -22.672390 191.875137 -36.581512
v -20.290874 190.663330 -37.370415
v -20.658302 191.907608 -37.743904
v -18.789650 190.721039 -39.435776
v -19.291330 191.960159 -39.624641
v -18.258818 190.790817 -41.933044
v -18.807806 192.023697 -41.898598
vt 0.981928 0.307722
vt 0.978415 0.287144
vt 0.989410 0.286213
vt 0.992610 0.304952
vt 0.978419 0.266269
vt 0.989414 0.267203
vt 0.988859 0.327414
vt 0.998921 0.322881
vt 0.981939 0.245694
vt 0.992620 0.248467
vt 0.988878 0.226005
vt 0.998938 0.230539
vt 0.980175 0.774875
vt 0.978415 0.754074
vt 0.989449 0.754076
vt 0.991053 0.773017
vt 0.980183 0.733275
vt 0.991060 0.735137
vt 0.985417 0.795081
vt 0.995826 0.791417
vt 0.985432 0.713069
vt 0.995839 0.716739
vt 0.283921 0.693408
vt 0.275472 0.681732
vt 0.283512 0.678092
vt 0.289784 0.686812
vt 0.277941 0.700183
vt 0.267253 0.685489
vt 0.272505 0.667630
vt 0.281330 0.667576
vt 0.291437 0.674556
vt 0.295584 0.680356
vt 0.296387 0.700638
vt 0.299059 0.692226
vt 0.273004 0.705561
vt 0.260540 0.688426
vt 0.263469 0.667714
vt 0.293681 0.709260
vt 0.275533 0.653539
vt 0.283616 0.657083
vt 0.290009 0.667570
vt 0.299300 0.671102
vt 0.301362 0.674003
vt 0.301731 0.683969
vt 0.310714 0.702171
vt 0.309733 0.693400
vt 0.291357 0.716145
vt 0.256130 0.667698
vt 0.267246 0.649937
vt 0.311748 0.711150
vt 0.284031 0.641900
vt 0.289973 0.648425
vt 0.291546 0.660607
vt 0.298597 0.667614
vt 0.307154 0.667703
vt 0.304425 0.675814
vt 0.308816 0.684768
vt 0.324425 0.697744
vt 0.319962 0.690128
vt 0.312426 0.718350
vt 0.260532 0.646968
vt 0.277928 0.635237
vt 0.329021 0.705526
vt 0.296529 0.634724
vt 0.299302 0.643102
vt 0.295783 0.654872
vt 0.299373 0.664141
vt 0.307960 0.676223
vt 0.315613 0.682618
vt 0.335147 0.688126
vt 0.327974 0.682983
vt 0.332570 0.711790
vt 0.272986 0.629828
vt 0.293663 0.626154
vt 0.342510 0.693366
vt 0.310863 0.633252
vt 0.309987 0.642034
vt 0.301986 0.651355
vt 0.301495 0.661285
vt 0.311356 0.675159
vt 0.320947 0.677889
vt 0.341034 0.674979
vt 0.332389 0.673196
vt 0.348302 0.697608
vt 0.291332 0.619236
vt 0.311730 0.624257
vt 0.349891 0.676776
vt 0.324555 0.637736
vt 0.320183 0.645404
vt 0.309083 0.650666
vt 0.304596 0.659537
vt 0.314025 0.672805
vt 0.323898 0.671398
vt 0.341065 0.660574
vt 0.332442 0.662460
vt 0.356906 0.678262
vt 0.312399 0.617021
vt 0.329006 0.629871
vt 0.349888 0.658616
vt 0.335237 0.647401
vt 0.328125 0.652629
vt 0.315846 0.652922
vt 0.308139 0.659202
vt 0.315506 0.669570
vt 0.323954 0.664269
vt 0.356902 0.657087
vt 0.332546 0.623565
vt 0.342503 0.642025
vt 0.321106 0.657734
vt 0.311511 0.660337
vt 0.315543 0.666011
vt 0.348288 0.637739
vt 0.314131 0.662746
vt 0.579588 0.675435
vt 0.591858 0.692326
vt 0.596197 0.712744
vt 0.591858 0.733163
vt 0.579587 0.750051
vt 0.561508 0.760489
vt 0.540748 0.762671
vt 0.520894 0.756220
vt 0.505381 0.742251
vt 0.496891 0.723181
vt 0.496891 0.702305
vt 0.505381 0.683234
vt 0.520895 0.669265
vt 0.540748 0.662816
vt 0.561509 0.664999
vt 0.323160 0.546673
vt 0.326680 0.567248
vt 0.315685 0.568184
vt 0.312478 0.549446
vt 0.326684 0.588124
vt 0.315688 0.587193
vt 0.323170 0.608701
vt 0.312488 0.605930
vt 0.085483 0.805955
vt 0.081963 0.785378
vt 0.092958 0.784444
vt 0.096163 0.803181
vt 0.081961 0.764503
vt 0.092957 0.765435
vt 0.085478 0.743926
vt 0.096159 0.746698
vn 0.834557 0.416978 -0.360062
vn 0.611271 0.425584 -0.667252
vn 0.611303 0.425583 -0.667224
vn 0.834561 0.416977 -0.360052
vn 0.282325 0.430811 -0.857143
vn 0.282314 0.430811 -0.857147
vn -0.095489 0.431941 -0.896833
vn -0.095490 0.431941 -0.896833
vn -0.456750 0.428720 -0.779473
vn -0.456768 0.428720 -0.779463
vn -0.739089 0.421579 -0.525376
vn -0.739081 0.421579 -0.525386
vn -0.893605 0.411838 -0.178492
vn -0.893607 0.411838 -0.178482
vn -0.893611 0.401220 0.201204
vn -0.893608 0.401219 0.201217
vn -0.739097 0.391548 0.548111
vn -0.739086 0.391547 0.548126
vn -0.456772 0.384471 0.802210
vn -0.456774 0.384471 0.802209
vn -0.095486 0.381202 0.919547
vn -0.095488 0.381202 0.919547
vn 0.282302 0.382311 0.879855
vn 0.282302 0.382311 0.879855
vn 0.611276 0.387624 0.689992
vn 0.611278 0.387624 0.689991
vn 0.834573 0.396194 0.382778
vn 0.834576 0.396195 0.382770
vn 0.913560 0.406545 0.011359
vn 0.913560 0.406545 0.011358
vn 0.738969 0.596901 -0.312465
vn 0.541257 0.604527 -0.584455
vn 0.505728 0.670250 -0.543144
vn 0.690443 0.663137 -0.289028
vn 0.249974 0.609282 -0.752521
vn 0.233581 0.674672 -0.700184
vn -0.084577 0.610262 -0.787672
vn -0.079025 0.675590 -0.733030
vn -0.404430 0.607357 -0.683779
vn -0.377897 0.672879 -0.635947
vn -0.654357 0.601067 -0.458841
vn -0.611430 0.666999 -0.425754
vn -0.791204 0.592447 -0.151668
vn -0.739268 0.658956 -0.138781
vn -0.791208 0.583043 0.184527
vn -0.739270 0.650177 0.175359
vn -0.654390 0.574461 0.491699
vn -0.611441 0.642162 0.462350
vn -0.404433 0.568172 0.716669
vn -0.377889 0.636276 0.672572
vn -0.084551 0.565265 0.820565
vn -0.078997 0.633564 0.769647
vn 0.249964 0.566245 0.785420
vn 0.233556 0.634488 0.736802
vn 0.541261 0.570935 0.617309
vn 0.505720 0.638875 0.579729
vn 0.738964 0.578533 0.345301
vn 0.690446 0.645972 0.325584
vn 0.808896 0.587722 0.016423
vn 0.755791 0.654557 0.018287
vn 0.407413 0.805602 -0.430140
vn 0.556217 0.799886 -0.225400
vn 0.188157 0.809146 -0.556669
vn -0.063662 0.809892 -0.583114
vn -0.304444 0.807698 -0.504914
vn -0.492576 0.802964 -0.335586
vn -0.595557 0.796501 -0.104389
vn -0.595556 0.789434 0.148683
vn -0.492574 0.782982 0.379881
vn -0.304430 0.778243 0.549236
vn -0.063634 0.776056 0.627445
vn 0.188144 0.776800 0.600985
vn 0.407404 0.780334 0.474448
vn 0.556217 0.786057 0.269697
vn 0.608854 0.792973 0.022157
vn 0.294316 0.906839 -0.301698
vn 0.401827 0.902714 -0.153760
vn 0.135918 0.909402 -0.393084
vn -0.045990 0.909931 -0.412202
vn -0.219941 0.908353 -0.355697
vn -0.355854 0.904932 -0.233379
vn -0.430248 0.900269 -0.066351
vn -0.430246 0.895161 0.116510
vn -0.355854 0.890499 0.283514
vn -0.219934 0.887086 0.405842
vn -0.045975 0.885501 0.462357
vn 0.135914 0.886030 0.443259
vn 0.294322 0.888586 0.351837
vn 0.401829 0.892721 0.203918
vn 0.439849 0.897721 0.025091
vn 0.179044 0.968709 -0.171890
vn 0.244454 0.966199 -0.081869
vn 0.082673 0.970262 -0.227503
vn -0.027974 0.970588 -0.239115
vn -0.133804 0.969624 -0.204757
vn -0.216481 0.967551 -0.130314
vn -0.261742 0.964711 -0.028697
vn -0.261739 0.961604 0.082527
vn -0.216488 0.958762 0.184142
vn -0.133813 0.956684 0.258554
vn -0.027976 0.955724 0.292932
vn 0.082676 0.956049 0.281310
vn 0.179052 0.957601 0.225700
vn 0.244458 0.960118 0.135697
vn 0.267587 0.963158 0.026910
vn -0.000000 0.999610 0.027927
vn 0.000000 -0.999610 -0.027930
vn 0.000000 -0.999610 -0.027930
vn 0.000000 -0.999610 -0.027930
vn 0.000000 -0.999610 -0.027930
vn 0.000000 -0.999610 -0.027930
vn 0.000000 -0.999610 -0.027930
vn 0.000000 -0.999610 -0.027930
vn 0.000000 -0.999610 -0.027930
vn 0.000000 -0.999610 -0.027930
vn 0.000000 -0.999610 -0.027930
vn 0.000000 -0.999610 -0.027930
vn 0.000000 -0.999610 -0.027930
vn 0.000000 -0.999610 -0.027930
vn 0.000000 -0.999610 -0.027930
vn 0.000000 -0.999610 -0.027930
vn -0.091511 0.991337 0.094215
vn -0.091511 0.991337 0.094215
vn -0.091511 0.991337 0.094215
vn -0.091511 0.991337 0.094215
vn -0.056357 0.990519 0.125283
vn -0.056357 0.990519 0.125283
vn -0.056357 0.990519 0.125283
vn -0.056357 0.990519 0.125283
vn -0.011718 0.990187 0.139259
vn -0.011718 0.990187 0.139259
vn -0.011718 0.990187 0.139259
vn -0.011718 0.990187 0.139259
vn 0.034493 0.990403 0.133837
vn 0.034493 0.990403 0.133837
vn 0.034493 0.990403 0.133837
vn 0.034493 0.990403 0.133837
vn 0.074342 0.991116 0.110285
vn 0.074342 0.991116 0.110285
vn 0.074342 0.991116 0.110285
vn 0.074342 0.991116 0.110285
vn 0.101200 0.992199 0.072797
vn 0.101200 0.992199 0.072797
vn 0.101200 0.992199 0.072797
vn 0.101200 0.992199 0.072797
vn 0.110663 0.993470 0.027760
vn 0.110663 0.993470 0.027760
vn 0.110663 0.993470 0.027760
vn 0.110663 0.993470 0.027760
vn 0.101201 0.994716 -0.017295
vn 0.101201 0.994716 -0.017295
vn 0.101201 0.994716 -0.017295
vn 0.101201 0.994716 -0.017295
vn 0.074339 0.995727 -0.054778
vn 0.074339 0.995727 -0.054778
vn 0.074339 0.995727 -0.054778
vn 0.074339 0.995727 -0.054778
vn 0.034485 0.996329 -0.078355
vn 0.034485 0.996329 -0.078355
vn 0.034485 0.996329 -0.078355
vn 0.034485 0.996329 -0.078355
vn -0.011725 0.996419 -0.083740
vn -0.011724 0.996419 -0.083740
vn -0.011725 0.996419 -0.083740
vn -0.011725 0.996419 -0.083740
vn -0.056349 0.995969 -0.069794
vn -0.056349 0.995969 -0.069794
vn -0.056349 0.995969 -0.069794
vn -0.056349 0.995969 -0.069794
vn -0.091517 0.995051 -0.038702
vn -0.091517 0.995051 -0.038702
vn -0.091517 0.995051 -0.038702
vn -0.091517 0.995051 -0.038702
vn -0.110876 0.993825 0.004197
vn -0.110876 0.993825 0.004197
vn -0.110876 0.993825 0.004197
vn -0.110876 0.993825 0.004197
vn -0.110871 0.992510 0.051304
vn -0.110871 0.992510 0.051304
vn -0.110871 0.992510 0.051304
vn -0.110871 0.992510 0.051304
s 1
g ÇÒÑÇÑ ÇÒÑÇÑ pSphere3
usemtl initialShadingGroup
f 1343/2455/2885 1344/2459/2886 1345/2460/2887 1346/2456/2888
f 1344/2567/2886 1347/2568/2889 1348/2569/2890 1345/2570/2887
f 1347/2568/2889 1349/2571/2891 1350/2572/2892 1348/2569/2890
f 1349/2571/2891 1351/2573/2893 1352/2574/2894 1350/2572/2892
f 1351/2445/2893 1353/2439/2895 1354/2442/2896 1352/2446/2894
f 1353/2439/2895 1355/2440/2897 1356/2441/2898 1354/2442/2896
f 1355/2440/2897 1357/2443/2899 1358/2444/2900 1356/2441/2898
f 1357/2443/2899 1359/2447/2901 1360/2448/2902 1358/2444/2900
f 1359/2447/2901 1361/2449/2903 1362/2450/2904 1360/2448/2902
f 1361/2575/2903 1363/2576/2905 1364/2577/2906 1362/2578/2904
f 1363/2576/2905 1365/2579/2907 1366/2580/2908 1364/2577/2906
f 1365/2579/2907 1367/2581/2909 1368/2582/2910 1366/2580/2908
f 1367/2457/2909 1369/2451/2911 1370/2454/2912 1368/2458/2910
f 1369/2451/2911 1371/2452/2913 1372/2453/2914 1370/2454/2912
f 1371/2452/2913 1343/2455/2885 1346/2456/2888 1372/2453/2914
s 2
f 1267/2513/2915 1268/2501/2916 1283/2496/2917 1282/2508/2918
f 1268/2501/2916 1269/2488/2919 1284/2483/2920 1283/2496/2917
f 1269/2488/2919 1270/2476/2921 1285/2471/2922 1284/2483/2920
f 1270/2476/2921 1271/2465/2923 1286/2461/2924 1285/2471/2922
f 1271/2465/2923 1272/2466/2925 1287/2462/2926 1286/2461/2924
f 1272/2466/2925 1273/2475/2927 1288/2467/2928 1287/2462/2926
f 1273/2475/2927 1274/2487/2929 1289/2477/2930 1288/2467/2928
f 1274/2487/2929 1275/2500/2931 1290/2489/2932 1289/2477/2930
f 1275/2500/2931 1276/2512/2933 1291/2502/2934 1290/2489/2932
f 1276/2512/2933 1277/2524/2935 1292/2514/2936 1291/2502/2934
f 1277/2524/2935 1278/2536/2937 1293/2526/2938 1292/2514/2936
f 1278/2536/2937 1279/2546/2939 1294/2538/2940 1293/2526/2938
f 1279/2546/2939 1280/2537/2941 1295/2532/2942 1294/2538/2940
f 1280/2537/2941 1281/2525/2943 1296/2520/2944 1295/2532/2942
f 1281/2525/2943 1267/2513/2915 1282/2508/2918 1296/2520/2944
f 1282/2508/2918 1283/2496/2917 1298/2497/2945 1297/2509/2946
f 1283/2496/2917 1284/2483/2920 1299/2484/2947 1298/2497/2945
f 1284/2483/2920 1285/2471/2922 1300/2472/2948 1299/2484/2947
f 1285/2471/2922 1286/2461/2924 1301/2464/2949 1300/2472/2948
f 1286/2461/2924 1287/2462/2926 1302/2463/2950 1301/2464/2949
f 1287/2462/2926 1288/2467/2928 1303/2468/2951 1302/2463/2950
f 1288/2467/2928 1289/2477/2930 1304/2478/2952 1303/2468/2951
f 1289/2477/2930 1290/2489/2932 1305/2490/2953 1304/2478/2952
f 1290/2489/2932 1291/2502/2934 1306/2503/2954 1305/2490/2953
f 1291/2502/2934 1292/2514/2936 1307/2515/2955 1306/2503/2954
f 1292/2514/2936 1293/2526/2938 1308/2527/2956 1307/2515/2955
f 1293/2526/2938 1294/2538/2940 1309/2539/2957 1308/2527/2956
f 1294/2538/2940 1295/2532/2942 1310/2533/2958 1309/2539/2957
f 1295/2532/2942 1296/2520/2944 1311/2521/2959 1310/2533/2958
f 1296/2520/2944 1282/2508/2918 1297/2509/2946 1311/2521/2959
f 1297/2509/2946 1298/2497/2945 1313/2507/2960 1312/2519/2961
f 1298/2497/2945 1299/2484/2947 1314/2495/2962 1313/2507/2960
f 1299/2484/2947 1300/2472/2948 1315/2482/2963 1314/2495/2962
f 1300/2472/2948 1301/2464/2949 1316/2470/2964 1315/2482/2963
f 1301/2464/2949 1302/2463/2950 1317/2469/2965 1316/2470/2964
f 1302/2463/2950 1303/2468/2951 1318/2479/2966 1317/2469/2965
f 1303/2468/2951 1304/2478/2952 1319/2491/2967 1318/2479/2966
f 1304/2478/2952 1305/2490/2953 1320/2504/2968 1319/2491/2967
f 1305/2490/2953 1306/2503/2954 1321/2516/2969 1320/2504/2968
f 1306/2503/2954 1307/2515/2955 1322/2528/2970 1321/2516/2969
f 1307/2515/2955 1308/2527/2956 1323/2540/2971 1322/2528/2970
f 1308/2527/2956 1309/2539/2957 1324/2547/2972 1323/2540/2971
f 1309/2539/2957 1310/2533/2958 1325/2543/2973 1324/2547/2972
f 1310/2533/2958 1311/2521/2959 1326/2531/2974 1325/2543/2973
f 1311/2521/2959 1297/2509/2946 1312/2519/2961 1326/2531/2974
f 1312/2519/2961 1313/2507/2960 1328/2518/2975 1327/2530/2976
f 1313/2507/2960 1314/2495/2962 1329/2506/2977 1328/2518/2975
f 1314/2495/2962 1315/2482/2963 1330/2494/2978 1329/2506/2977
f 1315/2482/2963 1316/2470/2964 1331/2481/2979 1330/2494/2978
f 1316/2470/2964 1317/2469/2965 1332/2480/2980 1331/2481/2979
f 1317/2469/2965 1318/2479/2966 1333/2492/2981 1332/2480/2980
f 1318/2479/2966 1319/2491/2967 1334/2505/2982 1333/2492/2981
f 1319/2491/2967 1320/2504/2968 1335/2517/2983 1334/2505/2982
f 1320/2504/2968 1321/2516/2969 1336/2529/2984 1335/2517/2983
f 1321/2516/2969 1322/2528/2970 1337/2541/2985 1336/2529/2984
f 1322/2528/2970 1323/2540/2971 1338/2548/2986 1337/2541/2985
f 1323/2540/2971 1324/2547/2972 1339/2551/2987 1338/2548/2986
f 1324/2547/2972 1325/2543/2973 1340/2549/2988 1339/2551/2987
f 1325/2543/2973 1326/2531/2974 1341/2542/2989 1340/2549/2988
f 1326/2531/2974 1312/2519/2961 1327/2530/2976 1341/2542/2989
f 1327/2530/2976 1328/2518/2975 1342/2493/2990
f 1328/2518/2975 1329/2506/2977 1342/2493/2990
f 1329/2506/2977 1330/2494/2978 1342/2493/2990
f 1330/2494/2978 1331/2481/2979 1342/2493/2990
f 1331/2481/2979 1332/2480/2980 1342/2493/2990
f 1332/2480/2980 1333/2492/2981 1342/2493/2990
f 1333/2492/2981 1334/2505/2982 1342/2493/2990
f 1334/2505/2982 1335/2517/2983 1342/2493/2990
f 1335/2517/2983 1336/2529/2984 1342/2493/2990
f 1336/2529/2984 1337/2541/2985 1342/2493/2990
f 1337/2541/2985 1338/2548/2986 1342/2493/2990
f 1338/2548/2986 1339/2551/2987 1342/2493/2990
f 1339/2551/2987 1340/2549/2988 1342/2493/2990
f 1340/2549/2988 1341/2542/2989 1342/2493/2990
f 1341/2542/2989 1327/2530/2976 1342/2493/2990
s off
f 1344/2552/2991 1343/2553/2992 1371/2554/2993 1369/2555/2994 1367/2556/2995 1365/2557/2996 1363/2558/2997 1361/2559/2998 1359/2560/2999 1357/2561/3000 1355/2562/3001 1353/2563/3002 1351/2564/3003 1349/2565/3004 1347/2566/3005
f 1268/2501/3006 1267/2513/3007 1346/2522/3008 1345/2510/3009
f 1269/2488/3010 1268/2501/3011 1345/2510/3012 1348/2498/3013
f 1270/2476/3014 1269/2488/3015 1348/2498/3016 1350/2485/3017
f 1271/2465/3018 1270/2476/3019 1350/2485/3020 1352/2473/3021
f 1272/2466/3022 1271/2465/3023 1352/2473/3024 1354/2474/3025
f 1273/2475/3026 1272/2466/3027 1354/2474/3028 1356/2486/3029
f 1274/2487/3030 1273/2475/3031 1356/2486/3032 1358/2499/3033
f 1275/2500/3034 1274/2487/3035 1358/2499/3036 1360/2511/3037
f 1276/2512/3038 1275/2500/3039 1360/2511/3040 1362/2523/3041
f 1277/2524/3042 1276/2512/3043 1362/2523/3044 1364/2535/3045
f 1278/2536/3046 1277/2524/3047 1364/2535/3048 1366/2545/3049
f 1279/2546/3050 1278/2536/3051 1366/2545/3052 1368/2550/3053
f 1280/2537/3054 1279/2546/3055 1368/2550/3056 1370/2544/3057
f 1281/2525/3058 1280/2537/3059 1370/2544/3060 1372/2534/3061
f 1267/2513/3062 1281/2525/3063 1372/2534/3064 1346/2522/3065
g default
v -72.281754 190.561264 -79.967293
v -49.987011 190.561264 -79.967293
v -72.281754 194.020737 -79.870628
v -49.987011 194.020737 -79.870628
v -72.281754 194.448318 -95.173515
v -49.987011 194.448318 -95.173515
v -72.281754 190.988846 -95.270180
v -49.987011 190.988846 -95.270180
vt 0.671067 0.999264
vt 0.671059 0.874135
vt 0.699347 0.874133
vt 0.699354 0.999262
vt 0.916944 0.462003
vt 0.916951 0.336875
vt 0.945239 0.336877
vt 0.945231 0.462005
vt 0.000000 0.364457
vt 0.000017 0.182229
vt 0.125145 0.182240
vt 0.125129 0.364469
vt 0.128065 0.182228
vt 0.128081 0.000000
vt 0.253210 0.000011
vt 0.253193 0.182240
vt 0.256130 0.895805
vt 0.256135 0.713577
vt 0.284422 0.713578
vt 0.284417 0.895806
vt 0.753021 0.874869
vt 0.753026 0.692641
vt 0.781314 0.692641
vt 0.781308 0.874870
vn 0.000000 -0.027931 0.999610
vn 0.000000 -0.027931 0.999610
vn 0.000000 -0.027931 0.999610
vn 0.000000 -0.027931 0.999610
vn 0.000000 0.999610 0.027930
vn 0.000000 0.999610 0.027930
vn 0.000000 0.999610 0.027930
vn 0.000000 0.999610 0.027930
vn 0.000000 0.027931 -0.999610
vn 0.000000 0.027931 -0.999610
vn 0.000000 0.027931 -0.999610
vn 0.000000 0.027931 -0.999610
vn 0.000000 -0.999610 -0.027931
vn 0.000000 -0.999610 -0.027931
vn 0.000000 -0.999610 -0.027931
vn 0.000000 -0.999610 -0.027931
vn 1.000000 0.000000 0.000000
vn 1.000000 0.000000 0.000000
vn 1.000000 0.000000 0.000000
vn 1.000000 0.000000 0.000000
vn -1.000000 -0.000000 0.000000
vn -1.000000 -0.000000 0.000000
vn -1.000000 -0.000000 0.000000
vn -1.000000 -0.000000 0.000000
s off
g ÇÒÑÇÑ ÇÒÑÇÑ pCube3
usemtl initialShadingGroup
f 1373/2599/3066 1374/2600/3067 1376/2601/3068 1375/2602/3069
f 1375/2591/3070 1376/2592/3071 1378/2593/3072 1377/2594/3073
f 1377/2603/3074 1378/2604/3075 1380/2605/3076 1379/2606/3077
f 1379/2595/3078 1380/2596/3079 1374/2597/3080 1373/2598/3081
f 1374/2583/3082 1380/2584/3083 1378/2585/3084 1376/2586/3085
f 1379/2587/3086 1373/2588/3087 1375/2589/3088 1377/2590/3089
g default
v 60.885250 185.142441 68.669556
v 64.807632 185.142441 68.669556
v 60.885250 188.026321 68.750137
v 64.807632 188.026321 68.750137
v 60.885250 190.047012 -3.569950
v 64.807632 190.047012 -3.569950
v 60.885250 187.163132 -3.650532
v 64.807632 187.163132 -3.650532
vt 0.783793 0.591348
vt 0.783756 0.000001
vt 0.807337 0.000000
vt 0.807374 0.591346
vt 0.834982 0.591346
vt 0.835019 0.000000
vt 0.858600 0.000001
vt 0.858563 0.591348
vt 0.640330 0.000000
vt 0.672390 0.000000
vt 0.672384 0.591347
vt 0.640324 0.591346
vt 0.676188 0.000000
vt 0.708248 0.000000
vt 0.708242 0.591347
vt 0.676182 0.591346
vt 0.609588 0.578755
vt 0.609591 0.546695
vt 0.633172 0.546697
vt 0.633169 0.578757
vt 0.558362 0.578751
vt 0.558365 0.546691
vt 0.581946 0.546693
vt 0.581943 0.578753
vn 0.000000 -0.027931 0.999610
vn 0.000000 -0.027931 0.999610
vn 0.000000 -0.027931 0.999610
vn 0.000000 -0.027931 0.999610
vn 0.000000 0.999610 0.027930
vn 0.000000 0.999610 0.027930
vn 0.000000 0.999610 0.027930
vn 0.000000 0.999610 0.027930
vn 0.000000 0.027931 -0.999610
vn 0.000000 0.027931 -0.999610
vn 0.000000 0.027931 -0.999610
vn 0.000000 0.027931 -0.999610
vn 0.000000 -0.999610 -0.027930
vn 0.000000 -0.999610 -0.027930
vn 0.000000 -0.999610 -0.027930
vn 0.000000 -0.999610 -0.027930
vn 1.000000 0.000001 0.000000
vn 1.000000 0.000001 0.000000
vn 1.000000 0.000001 0.000000
vn 1.000000 0.000001 0.000000
vn -1.000000 -0.000000 0.000000
vn -1.000000 -0.000000 0.000000
vn -1.000000 -0.000000 0.000000
vn -1.000000 -0.000000 0.000000
s off
g ÇÒÑÇÑ ÇÒÑÇÑ pCube16
usemtl initialShadingGroup
f 1381/2623/3090 1382/2624/3091 1384/2625/3092 1383/2626/3093
f 1383/2615/3094 1384/2616/3095 1386/2617/3096 1385/2618/3097
f 1385/2627/3098 1386/2628/3099 1388/2629/3100 1387/2630/3101
f 1387/2619/3102 1388/2620/3103 1382/2621/3104 1381/2622/3105
f 1382/2607/3106 1388/2608/3107 1386/2609/3108 1384/2610/3109
f 1387/2611/3110 1381/2612/3111 1383/2613/3112 1385/2614/3113
g default
v 48.066631 186.437653 11.977142
v 46.752037 186.458847 11.218456
v 45.257133 186.451477 11.481945
v 44.281406 186.419006 12.644320
v 44.281406 186.376602 14.161692
v 45.257133 186.344131 15.324066
v 46.752037 186.336761 15.587555
v 48.066631 186.357971 14.828869
v 48.585808 186.397812 13.403006
v 48.066631 192.268250 12.140055
v 46.752037 192.289459 11.381369
v 45.257133 192.282089 11.644857
v 44.281406 192.249619 12.807232
v 44.281406 192.207214 14.324604
v 45.257133 192.174744 15.486979
v 46.752037 192.167374 15.750467
v 48.066631 192.188568 14.991781
v 48.585808 192.228409 13.565918
v 46.366692 186.397812 13.403006
v 46.366692 192.228409 13.565918
vt 0.847874 0.366319
vt 0.889877 0.366309
vt 0.889916 0.527710
vt 0.847913 0.527720
vt 0.931881 0.366299
vt 0.931919 0.527700
vt 0.805871 0.366329
vt 0.805909 0.527730
vt 0.675730 0.498581
vt 0.717733 0.498575
vt 0.717758 0.659976
vt 0.675755 0.659982
vt 0.759737 0.498569
vt 0.759761 0.659969
vt 0.801740 0.498562
vt 0.801765 0.659963
vt 0.809167 0.757720
vt 0.845543 0.778723
vt 0.798503 0.818192
vt 0.859907 0.818194
vt 0.767802 0.765013
vt 0.845540 0.857664
vt 0.740802 0.797188
vt 0.809164 0.878664
vt 0.740800 0.839192
vt 0.767798 0.871369
vt 0.890592 0.744478
vt 0.854216 0.765481
vt 0.843551 0.705009
vt 0.812851 0.758188
vt 0.904956 0.705007
vt 0.785850 0.726013
vt 0.890589 0.665537
vt 0.785849 0.684009
vt 0.854212 0.644537
vt 0.812847 0.651832
vt 0.973042 0.322805
vt 0.931039 0.322814
vt 0.931006 0.161413
vt 0.973009 0.161404
vt 0.860951 0.761582
vt 0.902954 0.761587
vt 0.902933 0.922988
vt 0.860930 0.922983
vt 0.944958 0.761592
vt 0.944937 0.922993
vn 0.500000 0.024188 -0.865687
vn 0.500000 0.024188 -0.865687
vn 0.500000 0.024188 -0.865687
vn 0.500000 0.024188 -0.865687
vn -0.173649 0.027506 -0.984423
vn -0.173649 0.027506 -0.984423
vn -0.173649 0.027506 -0.984423
vn -0.173649 0.027506 -0.984423
vn -0.766045 0.017953 -0.642536
vn -0.766045 0.017953 -0.642536
vn -0.766045 0.017953 -0.642536
vn -0.766045 0.017953 -0.642536
vn -1.000000 -0.000000 0.000000
vn -1.000000 -0.000000 0.000000
vn -1.000000 -0.000000 0.000000
vn -1.000000 -0.000000 0.000000
vn -0.766045 -0.017953 0.642537
vn -0.766045 -0.017953 0.642537
vn -0.766045 -0.017953 0.642537
vn -0.766045 -0.017953 0.642537
vn -0.173649 -0.027506 0.984423
vn -0.173649 -0.027506 0.984423
vn -0.173649 -0.027506 0.984423
vn -0.173649 -0.027506 0.984423
vn 0.500000 -0.024188 0.865688
vn 0.500000 -0.024188 0.865688
vn 0.500000 -0.024188 0.865688
vn 0.500000 -0.024188 0.865688
vn 0.939692 -0.009553 0.341888
vn 0.939692 -0.009553 0.341888
vn 0.939692 -0.009553 0.341888
vn 0.939692 -0.009553 0.341888
vn 0.939692 0.009552 -0.341888
vn 0.939692 0.009552 -0.341888
vn 0.939692 0.009552 -0.341888
vn 0.939692 0.009552 -0.341888
vn 0.000004 -0.999610 -0.027925
vn 0.000001 -0.999610 -0.027925
vn 0.000002 -0.999610 -0.027930
vn 0.000003 -0.999610 -0.027920
vn 0.000002 -0.999610 -0.027940
vn 0.000005 -0.999610 -0.027940
vn 0.000001 -0.999610 -0.027928
vn 0.000000 -0.999609 -0.027947
vn 0.000002 -0.999610 -0.027930
vn 0.000000 -0.999610 -0.027911
vn 0.000002 0.999610 0.027930
vn 0.000000 0.999610 0.027937
vn 0.000002 0.999610 0.027930
vn 0.000001 0.999610 0.027923
vn 0.000005 0.999610 0.027935
vn 0.000002 0.999610 0.027940
vn 0.000003 0.999610 0.027935
vn 0.000004 0.999610 0.027932
vn 0.000001 0.999610 0.027928
vn 0.000000 0.999610 0.027911
s off
g ÇÒÑÇÑ pCylinder2
usemtl initialShadingGroup
f 1389/2643/3114 1390/2645/3115 1399/2646/3116 1398/2644/3117
f 1390/2667/3118 1391/2668/3119 1400/2669/3120 1399/2670/3121
f 1391/2637/3122 1392/2631/3123 1401/2634/3124 1400/2638/3125
f 1392/2631/3126 1393/2632/3127 1402/2633/3128 1401/2634/3129
f 1393/2632/3130 1394/2635/3131 1403/2636/3132 1402/2633/3133
f 1394/2671/3134 1395/2672/3135 1404/2673/3136 1403/2674/3137
f 1395/2672/3138 1396/2675/3139 1405/2676/3140 1404/2673/3141
f 1396/2639/3142 1397/2640/3143 1406/2641/3144 1405/2642/3145
f 1397/2640/3146 1389/2643/3147 1398/2644/3148 1406/2641/3149
s 1
f 1390/2647/3150 1389/2648/3151 1407/2649/3152
f 1391/2651/3153 1390/2647/3150 1407/2649/3152
f 1392/2653/3154 1391/2651/3153 1407/2649/3152
f 1393/2655/3155 1392/2653/3154 1407/2649/3152
f 1394/2656/3156 1393/2655/3155 1407/2649/3152
f 1395/2654/3157 1394/2656/3156 1407/2649/3152
f 1396/2652/3158 1395/2654/3157 1407/2649/3152
f 1397/2650/3159 1396/2652/3158 1407/2649/3152
f 1389/2648/3151 1397/2650/3159 1407/2649/3152
s 2
f 1398/2657/3160 1399/2658/3161 1408/2659/3162
f 1399/2658/3161 1400/2660/3163 1408/2659/3162
f 1400/2660/3163 1401/2662/3164 1408/2659/3162
f 1401/2662/3164 1402/2664/3165 1408/2659/3162
f 1402/2664/3165 1403/2666/3166 1408/2659/3162
f 1403/2666/3166 1404/2665/3167 1408/2659/3162
f 1404/2665/3167 1405/2663/3168 1408/2659/3162
f 1405/2663/3168 1406/2661/3169 1408/2659/3162
f 1406/2661/3169 1398/2657/3160 1408/2659/3162
g default
v -72.281754 190.561264 66.088264
v -49.987011 190.561264 66.088264
v -72.281754 194.020737 66.184921
v -49.987011 194.020737 66.184921
v -72.281754 194.448318 50.882038
v -49.987011 194.448318 50.882038
v -72.281754 190.988846 50.785378
v -49.987011 190.988846 50.785378
vt 0.829867 0.983580
vt 0.829860 0.858451
vt 0.858147 0.858450
vt 0.858155 0.983578
vt 0.927189 0.587133
vt 0.927197 0.462004
vt 0.955484 0.462006
vt 0.955476 0.587134
vt 0.384194 0.546686
vt 0.384211 0.364458
vt 0.509339 0.364469
vt 0.509323 0.546697
vt 0.512259 0.182228
vt 0.512276 0.000000
vt 0.637404 0.000011
vt 0.637388 0.182240
vt 0.722285 0.910451
vt 0.722291 0.728223
vt 0.750578 0.728223
vt 0.750573 0.910452
vt 0.886208 0.546685
vt 0.886214 0.364457
vt 0.914501 0.364458
vt 0.914496 0.546686
vn 0.000000 -0.027929 0.999610
vn 0.000000 -0.027929 0.999610
vn 0.000000 -0.027929 0.999610
vn 0.000000 -0.027929 0.999610
vn 0.000000 0.999610 0.027930
vn 0.000000 0.999610 0.027930
vn 0.000000 0.999610 0.027930
vn 0.000000 0.999610 0.027930
vn 0.000000 0.027930 -0.999610
vn 0.000000 0.027930 -0.999610
vn 0.000000 0.027930 -0.999610
vn 0.000000 0.027930 -0.999610
vn 0.000000 -0.999610 -0.027931
vn 0.000000 -0.999610 -0.027931
vn 0.000000 -0.999610 -0.027931
vn 0.000000 -0.999610 -0.027931
vn 1.000000 0.000000 0.000000
vn 1.000000 0.000000 0.000000
vn 1.000000 0.000000 0.000000
vn 1.000000 0.000000 0.000000
vn -1.000000 0.000000 0.000000
vn -1.000000 0.000000 0.000000
vn -1.000000 0.000000 0.000000
vn -1.000000 0.000000 0.000000
s off
g ÇÒÑÇÑ ÇÒÑÇÑ pCube9
usemtl initialShadingGroup
f 1409/2693/3170 1410/2694/3171 1412/2695/3172 1411/2696/3173
f 1411/2685/3174 1412/2686/3175 1414/2687/3176 1413/2688/3177
f 1413/2697/3178 1414/2698/3179 1416/2699/3180 1415/2700/3181
f 1415/2689/3182 1416/2690/3183 1410/2691/3184 1409/2692/3185
f 1410/2677/3186 1416/2678/3187 1414/2679/3188 1412/2680/3189
f 1415/2681/3190 1409/2682/3191 1411/2683/3192 1413/2684/3193
g default
v -20.085537 191.980133 -67.122360
v -21.237198 192.024399 -68.706863
v -22.934044 192.051773 -69.686470
v -24.882660 192.057480 -69.891083
v -26.746098 192.040573 -69.285789
v -28.202145 192.003967 -67.975372
v -28.999058 191.953964 -66.186020
v -28.999058 191.899246 -64.227356
v -28.202145 191.849243 -62.438148
v -26.746098 191.812637 -61.127655
v -24.882660 191.795715 -60.522438
v -22.934044 191.801437 -60.727158
v -21.237198 191.828796 -61.706467
v -20.085537 191.873077 -63.290970
v -19.678173 191.926605 -65.206749
v -20.696335 192.891998 -66.825005
v -21.684578 192.929993 -68.184494
v -23.140635 192.953461 -69.024940
v -24.812763 192.958374 -69.200699
v -26.411781 192.943863 -68.681175
v -27.661285 192.912445 -67.556572
v -28.345051 192.869553 -66.021378
v -28.345051 192.822586 -64.340668
v -27.661285 192.779694 -62.805359
v -26.411781 192.748260 -61.680779
v -24.812769 192.733765 -61.161423
v -23.140635 192.738663 -61.337090
v -21.684578 192.762146 -62.177429
v -20.696335 192.800140 -63.537079
v -20.346745 192.846069 -65.181061
v -21.468529 193.643494 -66.460007
v -22.250153 193.673538 -67.535301
v -23.401875 193.692108 -68.200172
v -24.724411 193.695984 -68.338974
v -25.989155 193.684509 -67.928238
v -26.977398 193.659653 -67.038628
v -27.518284 193.625732 -65.824348
v -27.518284 193.588593 -64.495239
v -26.977398 193.554657 -63.280754
v -25.989155 193.529800 -62.391190
v -24.724411 193.518326 -61.980446
v -23.401875 193.522217 -62.119461
v -22.250153 193.540787 -62.784088
v -21.468529 193.570831 -63.859573
v -21.192013 193.607162 -65.159790
v -22.368443 194.200958 -66.043732
v -22.909332 194.221741 -66.787865
v -23.706261 194.234589 -67.247658
v -24.621445 194.237274 -67.343880
v -25.496616 194.229340 -67.059517
v -26.180435 194.212143 -66.444122
v -26.554783 194.188660 -65.603867
v -26.554783 194.162964 -64.683945
v -26.180435 194.139481 -63.843712
v -25.496624 194.122284 -63.228127
v -24.621445 194.114334 -62.943901
v -23.706261 194.117020 -63.039986
v -22.909332 194.129883 -63.499924
v -22.368443 194.150665 -64.244087
v -22.177097 194.175812 -65.143906
v -23.356709 194.539810 -65.594032
v -23.633183 194.550446 -65.974495
v -24.040554 194.557007 -66.209534
v -24.508362 194.558380 -66.258644
v -24.955734 194.554321 -66.113365
v -25.305294 194.545532 -65.798653
v -25.496624 194.533524 -65.369225
v -25.496624 194.520386 -64.898972
v -25.305294 194.508392 -64.469543
v -24.955734 194.499603 -64.154808
v -24.508364 194.495544 -64.009506
v -24.040554 194.496918 -64.058640
v -23.633183 194.503479 -64.293701
v -23.356709 194.514114 -64.674133
v -23.258921 194.526962 -65.134094
v -24.390118 194.645782 -65.130775
v -18.789650 190.860580 -67.735550
v -20.290874 190.918304 -69.801208
v -20.658302 192.139771 -69.358521
v -19.291330 192.087219 -67.477776
v -22.502708 190.953964 -71.077507
v -22.672390 192.172256 -70.521271
v -25.042706 190.961426 -71.344475
v -24.985315 192.179047 -70.764137
v -27.471682 190.939377 -70.555717
v -27.197138 192.158981 -70.045685
v -29.369690 190.891647 -68.847290
v -28.925406 192.115509 -68.490280
v -30.408342 190.826477 -66.514977
v -29.871307 192.056168 -66.366379
v -30.408342 190.755142 -63.961960
v -29.871307 191.991211 -64.041534
v -29.369690 190.689987 -61.629738
v -28.925406 191.931870 -61.917824
v -27.471682 190.642258 -59.921394
v -27.197138 191.888412 -60.362320
v -25.042706 190.620209 -59.132477
v -24.985315 191.868347 -59.643951
v -22.502708 190.627670 -59.399361
v -22.672390 191.875137 -59.886948
v -20.290874 190.663330 -60.675850
v -20.658302 191.907608 -61.049339
v -18.789650 190.721039 -62.741211
v -19.291330 191.960159 -62.930077
v -18.258818 190.790817 -65.238480
v -18.807806 192.023697 -65.204033
vt 0.981928 0.611864
vt 0.978415 0.591286
vt 0.989410 0.590355
vt 0.992610 0.609094
vt 0.978419 0.570411
vt 0.989414 0.571345
vt 0.988859 0.631556
vt 0.998921 0.627023
vt 0.981939 0.549835
vt 0.992620 0.552609
vt 0.988878 0.530146
vt 0.998938 0.534681
vt 0.104212 0.608479
vt 0.102452 0.587678
vt 0.113486 0.587680
vt 0.115090 0.606621
vt 0.104220 0.566879
vt 0.115097 0.568741
vt 0.109454 0.628685
vt 0.119863 0.625021
vt 0.109469 0.546673
vt 0.119877 0.550343
vt 0.360760 0.623069
vt 0.352311 0.611393
vt 0.360351 0.607753
vt 0.366623 0.616473
vt 0.354780 0.629844
vt 0.344092 0.615150
vt 0.349344 0.597291
vt 0.358169 0.597237
vt 0.368276 0.604217
vt 0.372423 0.610017
vt 0.373226 0.630299
vt 0.375898 0.621887
vt 0.349843 0.635222
vt 0.337379 0.618088
vt 0.340308 0.597375
vt 0.370519 0.638921
vt 0.352372 0.583200
vt 0.360455 0.586744
vt 0.366847 0.597231
vt 0.376139 0.600763
vt 0.378201 0.603664
vt 0.378570 0.613630
vt 0.387553 0.631832
vt 0.386572 0.623061
vt 0.368196 0.645806
vt 0.332968 0.597359
vt 0.344085 0.579598
vt 0.388587 0.640811
vt 0.360870 0.571561
vt 0.366812 0.578086
vt 0.368385 0.590268
vt 0.375435 0.597275
vt 0.383993 0.597365
vt 0.381264 0.605476
vt 0.385655 0.614429
vt 0.401264 0.627405
vt 0.396801 0.619789
vt 0.389265 0.648011
vt 0.337371 0.576629
vt 0.354767 0.564899
vt 0.405860 0.635187
vt 0.373368 0.564385
vt 0.376141 0.572763
vt 0.372622 0.584533
vt 0.376212 0.593802
vt 0.384799 0.605885
vt 0.392452 0.612279
vt 0.411986 0.617787
vt 0.404813 0.612644
vt 0.409409 0.641451
vt 0.349825 0.559489
vt 0.370502 0.555816
vt 0.419349 0.623027
vt 0.387701 0.562913
vt 0.386826 0.571695
vt 0.378825 0.581016
vt 0.378334 0.590946
vt 0.388195 0.604821
vt 0.397786 0.607550
vt 0.417872 0.604640
vt 0.409228 0.602857
vt 0.425141 0.627270
vt 0.368171 0.548897
vt 0.388569 0.553918
vt 0.426729 0.606437
vt 0.401393 0.567397
vt 0.397021 0.575065
vt 0.385922 0.580327
vt 0.381435 0.589198
vt 0.390864 0.602467
vt 0.400737 0.601060
vt 0.417904 0.590235
vt 0.409281 0.592121
vt 0.433744 0.607923
vt 0.389238 0.546682
vt 0.405845 0.559532
vt 0.426727 0.588277
vt 0.412076 0.577062
vt 0.404964 0.582290
vt 0.392685 0.582583
vt 0.384978 0.588863
vt 0.392345 0.599231
vt 0.400792 0.593930
vt 0.433741 0.586748
vt 0.409385 0.553227
vt 0.419342 0.571687
vt 0.397945 0.587395
vt 0.388350 0.589998
vt 0.392382 0.595673
vt 0.425127 0.567400
vt 0.390969 0.592407
vt 0.866453 0.665579
vt 0.878723 0.682470
vt 0.883062 0.702888
vt 0.878723 0.723307
vt 0.866452 0.740195
vt 0.848374 0.750633
vt 0.827613 0.752815
vt 0.807759 0.746364
vt 0.792246 0.732395
vt 0.783756 0.713325
vt 0.783756 0.692450
vt 0.792246 0.673379
vt 0.807760 0.659409
vt 0.827613 0.652960
vt 0.848374 0.655143
vt 0.307792 0.546671
vt 0.311312 0.567247
vt 0.300317 0.568182
vt 0.297110 0.549444
vt 0.311316 0.588122
vt 0.300320 0.587191
vt 0.307802 0.608699
vt 0.297120 0.605929
vt 0.874362 0.653364
vt 0.870842 0.632788
vt 0.881837 0.631854
vt 0.885042 0.650590
vt 0.870840 0.611912
vt 0.881836 0.612845
vt 0.874357 0.591335
vt 0.885038 0.594107
vn 0.834557 0.416977 -0.360061
vn 0.611274 0.425583 -0.667251
vn 0.611305 0.425582 -0.667222
vn 0.834562 0.416977 -0.360052
vn 0.282325 0.430811 -0.857143
vn 0.282314 0.430811 -0.857147
vn -0.095490 0.431941 -0.896833
vn -0.095491 0.431941 -0.896833
vn -0.456750 0.428720 -0.779473
vn -0.456769 0.428720 -0.779462
vn -0.739089 0.421579 -0.525375
vn -0.739081 0.421579 -0.525386
vn -0.893605 0.411838 -0.178492
vn -0.893607 0.411838 -0.178482
vn -0.893611 0.401220 0.201204
vn -0.893608 0.401219 0.201217
vn -0.739097 0.391547 0.548111
vn -0.739087 0.391547 0.548126
vn -0.456773 0.384471 0.802210
vn -0.456775 0.384471 0.802208
vn -0.095486 0.381202 0.919548
vn -0.095488 0.381202 0.919547
vn 0.282304 0.382310 0.879854
vn 0.282304 0.382310 0.879854
vn 0.611276 0.387624 0.689992
vn 0.611278 0.387624 0.689991
vn 0.834573 0.396194 0.382778
vn 0.834576 0.396195 0.382770
vn 0.913560 0.406545 0.011359
vn 0.913560 0.406545 0.011358
vn 0.738969 0.596901 -0.312465
vn 0.541259 0.604527 -0.584454
vn 0.505729 0.670249 -0.543143
vn 0.690442 0.663138 -0.289028
vn 0.249974 0.609282 -0.752521
vn 0.233582 0.674671 -0.700184
vn -0.084577 0.610262 -0.787672
vn -0.079025 0.675590 -0.733030
vn -0.404429 0.607358 -0.683779
vn -0.377896 0.672879 -0.635947
vn -0.654357 0.601067 -0.458841
vn -0.611429 0.667000 -0.425754
vn -0.791205 0.592446 -0.151667
vn -0.739268 0.658956 -0.138780
vn -0.791208 0.583043 0.184527
vn -0.739270 0.650176 0.175359
vn -0.654390 0.574461 0.491699
vn -0.611441 0.642162 0.462350
vn -0.404433 0.568172 0.716669
vn -0.377889 0.636276 0.672572
vn -0.084552 0.565264 0.820565
vn -0.078997 0.633564 0.769647
vn 0.249963 0.566245 0.785421
vn 0.233555 0.634488 0.736802
vn 0.541261 0.570935 0.617309
vn 0.505720 0.638875 0.579729
vn 0.738964 0.578532 0.345301
vn 0.690446 0.645972 0.325584
vn 0.808896 0.587723 0.016423
vn 0.755791 0.654558 0.018287
vn 0.407413 0.805602 -0.430140
vn 0.556215 0.799887 -0.225400
vn 0.188158 0.809145 -0.556669
vn -0.063663 0.809892 -0.583114
vn -0.304444 0.807698 -0.504915
vn -0.492574 0.802965 -0.335586
vn -0.595558 0.796501 -0.104389
vn -0.595557 0.789433 0.148683
vn -0.492575 0.782982 0.379881
vn -0.304430 0.778243 0.549236
vn -0.063633 0.776056 0.627446
vn 0.188145 0.776800 0.600985
vn 0.407404 0.780334 0.474448
vn 0.556217 0.786058 0.269697
vn 0.608853 0.792974 0.022157
vn 0.294316 0.906839 -0.301698
vn 0.401827 0.902714 -0.153760
vn 0.135918 0.909402 -0.393084
vn -0.045990 0.909931 -0.412202
vn -0.219942 0.908353 -0.355697
vn -0.355854 0.904932 -0.233379
vn -0.430249 0.900269 -0.066351
vn -0.430247 0.895161 0.116510
vn -0.355854 0.890499 0.283514
vn -0.219935 0.887086 0.405842
vn -0.045974 0.885501 0.462357
vn 0.135915 0.886030 0.443259
vn 0.294322 0.888586 0.351837
vn 0.401828 0.892721 0.203918
vn 0.439848 0.897722 0.025091
vn 0.179044 0.968709 -0.171890
vn 0.244455 0.966198 -0.081869
vn 0.082672 0.970262 -0.227503
vn -0.027975 0.970588 -0.239115
vn -0.133805 0.969624 -0.204757
vn -0.216481 0.967551 -0.130314
vn -0.261741 0.964711 -0.028697
vn -0.261737 0.961604 0.082527
vn -0.216487 0.958762 0.184142
vn -0.133813 0.956684 0.258554
vn -0.027975 0.955724 0.292932
vn 0.082677 0.956049 0.281309
vn 0.179052 0.957601 0.225700
vn 0.244458 0.960118 0.135697
vn 0.267587 0.963158 0.026910
vn -0.000001 0.999610 0.027927
vn 0.000000 -0.999610 -0.027930
vn 0.000000 -0.999610 -0.027930
vn 0.000000 -0.999610 -0.027930
vn 0.000000 -0.999610 -0.027930
vn 0.000000 -0.999610 -0.027930
vn 0.000000 -0.999610 -0.027930
vn 0.000000 -0.999610 -0.027930
vn 0.000000 -0.999610 -0.027930
vn 0.000000 -0.999610 -0.027930
vn 0.000000 -0.999610 -0.027930
vn 0.000000 -0.999610 -0.027930
vn 0.000000 -0.999610 -0.027930
vn 0.000000 -0.999610 -0.027930
vn 0.000000 -0.999610 -0.027930
vn 0.000000 -0.999610 -0.027930
vn -0.091511 0.991337 0.094215
vn -0.091511 0.991337 0.094215
vn -0.091511 0.991337 0.094215
vn -0.091511 0.991337 0.094215
vn -0.056357 0.990519 0.125283
vn -0.056357 0.990519 0.125283
vn -0.056357 0.990519 0.125283
vn -0.056357 0.990519 0.125283
vn -0.011718 0.990187 0.139259
vn -0.011718 0.990187 0.139259
vn -0.011718 0.990187 0.139259
vn -0.011718 0.990187 0.139259
vn 0.034493 0.990403 0.133837
vn 0.034493 0.990403 0.133837
vn 0.034493 0.990403 0.133837
vn 0.034493 0.990403 0.133837
vn 0.074341 0.991116 0.110285
vn 0.074341 0.991116 0.110285
vn 0.074341 0.991116 0.110285
vn 0.074341 0.991116 0.110285
vn 0.101200 0.992199 0.072797
vn 0.101200 0.992199 0.072797
vn 0.101200 0.992199 0.072797
vn 0.101200 0.992199 0.072797
vn 0.110662 0.993470 0.027760
vn 0.110662 0.993470 0.027760
vn 0.110662 0.993470 0.027760
vn 0.110662 0.993470 0.027760
vn 0.101201 0.994716 -0.017295
vn 0.101201 0.994716 -0.017295
vn 0.101201 0.994716 -0.017295
vn 0.101201 0.994716 -0.017295
vn 0.074339 0.995727 -0.054778
vn 0.074339 0.995727 -0.054778
vn 0.074339 0.995727 -0.054778
vn 0.074339 0.995727 -0.054778
vn 0.034485 0.996329 -0.078355
vn 0.034485 0.996329 -0.078355
vn 0.034485 0.996329 -0.078355
vn 0.034485 0.996329 -0.078355
vn -0.011725 0.996419 -0.083740
vn -0.011725 0.996419 -0.083740
vn -0.011725 0.996419 -0.083740
vn -0.011725 0.996419 -0.083740
vn -0.056349 0.995969 -0.069794
vn -0.056349 0.995969 -0.069794
vn -0.056349 0.995969 -0.069794
vn -0.056349 0.995969 -0.069794
vn -0.091518 0.995051 -0.038702
vn -0.091518 0.995051 -0.038702
vn -0.091518 0.995051 -0.038702
vn -0.091518 0.995051 -0.038702
vn -0.110876 0.993825 0.004197
vn -0.110876 0.993825 0.004197
vn -0.110876 0.993825 0.004197
vn -0.110876 0.993825 0.004197
vn -0.110870 0.992510 0.051304
vn -0.110870 0.992510 0.051304
vn -0.110870 0.992510 0.051304
vn -0.110870 0.992510 0.051304
s 1
g ÇÒÑÇÑ ÇÒÑÇÑ pSphere2
usemtl initialShadingGroup
f 1493/2717/3194 1494/2721/3195 1495/2722/3196 1496/2718/3197
f 1494/2829/3195 1497/2830/3198 1498/2831/3199 1495/2832/3196
f 1497/2830/3198 1499/2833/3200 1500/2834/3201 1498/2831/3199
f 1499/2833/3200 1501/2835/3202 1502/2836/3203 1500/2834/3201
f 1501/2707/3202 1503/2701/3204 1504/2704/3205 1502/2708/3203
f 1503/2701/3204 1505/2702/3206 1506/2703/3207 1504/2704/3205
f 1505/2702/3206 1507/2705/3208 1508/2706/3209 1506/2703/3207
f 1507/2705/3208 1509/2709/3210 1510/2710/3211 1508/2706/3209
f 1509/2709/3210 1511/2711/3212 1512/2712/3213 1510/2710/3211
f 1511/2837/3212 1513/2838/3214 1514/2839/3215 1512/2840/3213
f 1513/2838/3214 1515/2841/3216 1516/2842/3217 1514/2839/3215
f 1515/2841/3216 1517/2843/3218 1518/2844/3219 1516/2842/3217
f 1517/2719/3218 1519/2713/3220 1520/2716/3221 1518/2720/3219
f 1519/2713/3220 1521/2714/3222 1522/2715/3223 1520/2716/3221
f 1521/2714/3222 1493/2717/3194 1496/2718/3197 1522/2715/3223
s 2
f 1417/2775/3224 1418/2763/3225 1433/2758/3226 1432/2770/3227
f 1418/2763/3225 1419/2750/3228 1434/2745/3229 1433/2758/3226
f 1419/2750/3228 1420/2738/3230 1435/2733/3231 1434/2745/3229
f 1420/2738/3230 1421/2727/3232 1436/2723/3233 1435/2733/3231
f 1421/2727/3232 1422/2728/3234 1437/2724/3235 1436/2723/3233
f 1422/2728/3234 1423/2737/3236 1438/2729/3237 1437/2724/3235
f 1423/2737/3236 1424/2749/3238 1439/2739/3239 1438/2729/3237
f 1424/2749/3238 1425/2762/3240 1440/2751/3241 1439/2739/3239
f 1425/2762/3240 1426/2774/3242 1441/2764/3243 1440/2751/3241
f 1426/2774/3242 1427/2786/3244 1442/2776/3245 1441/2764/3243
f 1427/2786/3244 1428/2798/3246 1443/2788/3247 1442/2776/3245
f 1428/2798/3246 1429/2808/3248 1444/2800/3249 1443/2788/3247
f 1429/2808/3248 1430/2799/3250 1445/2794/3251 1444/2800/3249
f 1430/2799/3250 1431/2787/3252 1446/2782/3253 1445/2794/3251
f 1431/2787/3252 1417/2775/3224 1432/2770/3227 1446/2782/3253
f 1432/2770/3227 1433/2758/3226 1448/2759/3254 1447/2771/3255
f 1433/2758/3226 1434/2745/3229 1449/2746/3256 1448/2759/3254
f 1434/2745/3229 1435/2733/3231 1450/2734/3257 1449/2746/3256
f 1435/2733/3231 1436/2723/3233 1451/2726/3258 1450/2734/3257
f 1436/2723/3233 1437/2724/3235 1452/2725/3259 1451/2726/3258
f 1437/2724/3235 1438/2729/3237 1453/2730/3260 1452/2725/3259
f 1438/2729/3237 1439/2739/3239 1454/2740/3261 1453/2730/3260
f 1439/2739/3239 1440/2751/3241 1455/2752/3262 1454/2740/3261
f 1440/2751/3241 1441/2764/3243 1456/2765/3263 1455/2752/3262
f 1441/2764/3243 1442/2776/3245 1457/2777/3264 1456/2765/3263
f 1442/2776/3245 1443/2788/3247 1458/2789/3265 1457/2777/3264
f 1443/2788/3247 1444/2800/3249 1459/2801/3266 1458/2789/3265
f 1444/2800/3249 1445/2794/3251 1460/2795/3267 1459/2801/3266
f 1445/2794/3251 1446/2782/3253 1461/2783/3268 1460/2795/3267
f 1446/2782/3253 1432/2770/3227 1447/2771/3255 1461/2783/3268
f 1447/2771/3255 1448/2759/3254 1463/2769/3269 1462/2781/3270
f 1448/2759/3254 1449/2746/3256 1464/2757/3271 1463/2769/3269
f 1449/2746/3256 1450/2734/3257 1465/2744/3272 1464/2757/3271
f 1450/2734/3257 1451/2726/3258 1466/2732/3273 1465/2744/3272
f 1451/2726/3258 1452/2725/3259 1467/2731/3274 1466/2732/3273
f 1452/2725/3259 1453/2730/3260 1468/2741/3275 1467/2731/3274
f 1453/2730/3260 1454/2740/3261 1469/2753/3276 1468/2741/3275
f 1454/2740/3261 1455/2752/3262 1470/2766/3277 1469/2753/3276
f 1455/2752/3262 1456/2765/3263 1471/2778/3278 1470/2766/3277
f 1456/2765/3263 1457/2777/3264 1472/2790/3279 1471/2778/3278
f 1457/2777/3264 1458/2789/3265 1473/2802/3280 1472/2790/3279
f 1458/2789/3265 1459/2801/3266 1474/2809/3281 1473/2802/3280
f 1459/2801/3266 1460/2795/3267 1475/2805/3282 1474/2809/3281
f 1460/2795/3267 1461/2783/3268 1476/2793/3283 1475/2805/3282
f 1461/2783/3268 1447/2771/3255 1462/2781/3270 1476/2793/3283
f 1462/2781/3270 1463/2769/3269 1478/2780/3284 1477/2792/3285
f 1463/2769/3269 1464/2757/3271 1479/2768/3286 1478/2780/3284
f 1464/2757/3271 1465/2744/3272 1480/2756/3287 1479/2768/3286
f 1465/2744/3272 1466/2732/3273 1481/2743/3288 1480/2756/3287
f 1466/2732/3273 1467/2731/3274 1482/2742/3289 1481/2743/3288
f 1467/2731/3274 1468/2741/3275 1483/2754/3290 1482/2742/3289
f 1468/2741/3275 1469/2753/3276 1484/2767/3291 1483/2754/3290
f 1469/2753/3276 1470/2766/3277 1485/2779/3292 1484/2767/3291
f 1470/2766/3277 1471/2778/3278 1486/2791/3293 1485/2779/3292
f 1471/2778/3278 1472/2790/3279 1487/2803/3294 1486/2791/3293
f 1472/2790/3279 1473/2802/3280 1488/2810/3295 1487/2803/3294
f 1473/2802/3280 1474/2809/3281 1489/2813/3296 1488/2810/3295
f 1474/2809/3281 1475/2805/3282 1490/2811/3297 1489/2813/3296
f 1475/2805/3282 1476/2793/3283 1491/2804/3298 1490/2811/3297
f 1476/2793/3283 1462/2781/3270 1477/2792/3285 1491/2804/3298
f 1477/2792/3285 1478/2780/3284 1492/2755/3299
f 1478/2780/3284 1479/2768/3286 1492/2755/3299
f 1479/2768/3286 1480/2756/3287 1492/2755/3299
f 1480/2756/3287 1481/2743/3288 1492/2755/3299
f 1481/2743/3288 1482/2742/3289 1492/2755/3299
f 1482/2742/3289 1483/2754/3290 1492/2755/3299
f 1483/2754/3290 1484/2767/3291 1492/2755/3299
f 1484/2767/3291 1485/2779/3292 1492/2755/3299
f 1485/2779/3292 1486/2791/3293 1492/2755/3299
f 1486/2791/3293 1487/2803/3294 1492/2755/3299
f 1487/2803/3294 1488/2810/3295 1492/2755/3299
f 1488/2810/3295 1489/2813/3296 1492/2755/3299
f 1489/2813/3296 1490/2811/3297 1492/2755/3299
f 1490/2811/3297 1491/2804/3298 1492/2755/3299
f 1491/2804/3298 1477/2792/3285 1492/2755/3299
s off
f 1494/2814/3300 1493/2815/3301 1521/2816/3302 1519/2817/3303 1517/2818/3304 1515/2819/3305 1513/2820/3306 1511/2821/3307 1509/2822/3308 1507/2823/3309 1505/2824/3310 1503/2825/3311 1501/2826/3312 1499/2827/3313 1497/2828/3314
f 1418/2763/3315 1417/2775/3316 1496/2784/3317 1495/2772/3318
f 1419/2750/3319 1418/2763/3320 1495/2772/3321 1498/2760/3322
f 1420/2738/3323 1419/2750/3324 1498/2760/3325 1500/2747/3326
f 1421/2727/3327 1420/2738/3328 1500/2747/3329 1502/2735/3330
f 1422/2728/3331 1421/2727/3332 1502/2735/3333 1504/2736/3334
f 1423/2737/3335 1422/2728/3336 1504/2736/3337 1506/2748/3338
f 1424/2749/3339 1423/2737/3340 1506/2748/3341 1508/2761/3342
f 1425/2762/3343 1424/2749/3344 1508/2761/3345 1510/2773/3346
f 1426/2774/3347 1425/2762/3348 1510/2773/3349 1512/2785/3350
f 1427/2786/3351 1426/2774/3352 1512/2785/3353 1514/2797/3354
f 1428/2798/3355 1427/2786/3356 1514/2797/3357 1516/2807/3358
f 1429/2808/3359 1428/2798/3360 1516/2807/3361 1518/2812/3362
f 1430/2799/3363 1429/2808/3364 1518/2812/3365 1520/2806/3366
f 1431/2787/3367 1430/2799/3368 1520/2806/3369 1522/2796/3370
f 1417/2775/3371 1431/2787/3372 1522/2796/3373 1496/2784/3374
g default
v 294.222931 132.336990 104.999947
v 315.334076 132.336990 104.999947
v 294.222931 132.336990 -104.999947
v 315.334076 132.336990 -104.999947
v 294.222931 132.336990 93.722244
v 294.222931 -5.447929 93.722237
v 315.334076 -5.447929 93.722237
v 315.334076 132.336990 93.722244
v 294.222931 132.337006 -93.722183
v 294.222931 -5.447929 -93.722183
v 315.334076 -5.447929 -93.722183
v 315.334076 132.337006 -93.722183
v 294.222931 7.324093 104.999947
v 294.222931 7.324032 -104.999947
v 315.334076 7.324032 -104.999947
v 315.334076 7.324093 104.999947
v 294.222931 -5.447929 97.762474
v 294.222931 5.513775 104.999947
v 315.334076 -5.447914 97.762474
v 315.334076 5.513775 104.999947
v 294.222931 5.513775 -104.999947
v 294.222931 -5.447914 -97.762474
v 315.334076 5.513775 -104.999947
v 315.334076 -5.447929 -97.762474
v 294.222931 14.561512 -93.722183
v 294.222931 7.324032 -99.899727
v 294.222931 1.146469 -93.722183
v 294.222931 7.324032 -86.484711
v 315.334076 7.324074 -86.484711
v 315.334076 1.146500 -93.722183
v 315.334076 7.324062 -99.899727
v 315.334076 14.561554 -93.722183
v 294.222931 7.324032 86.484764
v 294.222931 1.146469 93.722237
v 294.222931 7.324062 99.899841
v 294.222931 14.561512 93.722237
v 315.334076 14.561554 93.722237
v 315.334076 7.324074 99.899849
v 315.334076 1.146507 93.722237
v 315.334076 7.324074 86.484764
v -294.222839 132.336990 104.999947
v -315.334045 132.336990 104.999947
v -294.222839 132.336990 -104.999947
v -315.334045 132.336990 -104.999947
v -294.222839 132.336990 93.722244
v -294.222839 -5.447929 93.722237
v -315.334045 -5.447929 93.722237
v -315.334045 132.336990 93.722244
v -294.222839 132.337006 -93.722183
v -294.222839 -5.447929 -93.722183
v -315.334045 -5.447929 -93.722183
v -315.334045 132.337006 -93.722183
v -294.222839 7.324093 104.999947
v -294.222839 7.324032 -104.999947
v -315.334045 7.324032 -104.999947
v -315.334045 7.324093 104.999947
v -294.222839 -5.447929 97.762474
v -294.222839 5.513775 104.999947
v -315.334045 -5.447914 97.762474
v -315.334045 5.513775 104.999947
v -294.222839 5.513775 -104.999947
v -294.222839 -5.447914 -97.762474
v -315.334045 5.513775 -104.999947
v -315.334045 -5.447929 -97.762474
v -294.222839 14.561512 -93.722183
v -294.222839 7.324032 -99.899727
v -294.222839 1.146469 -93.722183
v -294.222839 7.324032 -86.484711
v -315.334045 7.324074 -86.484711
v -315.334045 1.146500 -93.722183
v -315.334045 7.324062 -99.899727
v -315.334045 14.561554 -93.722183
v -294.222839 7.324032 86.484764
v -294.222839 1.146469 93.722237
v -294.222839 7.324062 99.899841
v -294.222839 14.561512 93.722237
v -315.334045 14.561554 93.722237
v -315.334045 7.324074 99.899849
v -315.334045 1.146507 93.722237
v -315.334045 7.324074 86.484764
vt 0.349056 0.000000
vt 0.349056 0.011811
vt 0.334749 0.026118
vt 0.319477 0.026118
vt 0.319477 0.016761
vt 0.344864 0.000000
vt 0.638575 0.026118
vt 0.365817 0.026118
vt 0.638575 0.000000
vt 0.349056 0.042879
vt 0.349056 0.443461
vt 0.334749 0.460222
vt 0.319477 0.460222
vt 0.365817 0.460223
vt 0.349056 0.474529
vt 0.344863 0.486341
vt 0.319477 0.469579
vt 0.349056 0.486341
vt 0.638575 0.460223
vt 0.638575 0.486341
vt 0.643311 0.486341
vt 0.643311 0.498152
vt 0.629005 0.512459
vt 0.613732 0.512459
vt 0.613732 0.503102
vt 0.639119 0.486341
vt 0.932830 0.512459
vt 0.660073 0.512459
vt 0.932830 0.486341
vt 0.643311 0.529220
vt 0.643311 0.929802
vt 0.629005 0.946563
vt 0.613732 0.946563
vt 0.660073 0.946563
vt 0.643311 0.960870
vt 0.639119 0.972681
vt 0.613732 0.955920
vt 0.643311 0.972681
vt 0.932830 0.946563
vt 0.932830 0.972681
vt 0.668533 0.486341
vt 0.664341 0.486341
vt 0.638954 0.469579
vt 0.638954 0.460223
vt 0.654226 0.460223
vt 0.668533 0.474529
vt 0.638954 0.026118
vt 0.654226 0.026118
vt 0.668533 0.042880
vt 0.668533 0.443461
vt 0.685294 0.460223
vt 0.958052 0.460223
vt 0.958052 0.486341
vt 0.664341 0.000000
vt 0.668533 0.000000
vt 0.668533 0.011812
vt 0.638954 0.016761
vt 0.685294 0.026118
vt 0.958052 0.000000
vt 0.958052 0.026118
vt 0.029579 0.486341
vt 0.025386 0.486341
vt 0.000000 0.469580
vt 0.000000 0.460223
vt 0.015272 0.460223
vt 0.029579 0.474529
vt 0.000000 0.026118
vt 0.015272 0.026118
vt 0.029579 0.042879
vt 0.029579 0.443461
vt 0.046340 0.460223
vt 0.319098 0.460223
vt 0.319098 0.486341
vt 0.025386 0.000000
vt 0.029579 0.000000
vt 0.029579 0.011811
vt 0.000000 0.016761
vt 0.046340 0.026118
vt 0.319098 0.000000
vt 0.319098 0.026118
vt 0.580103 0.075010
vt 0.580103 0.026118
vt 0.606221 0.026118
vt 0.606221 0.075010
vt 0.933210 0.960223
vt 0.982101 0.960223
vt 0.982101 0.969580
vt 0.933210 0.969580
vt 0.933210 0.526118
vt 0.982101 0.526118
vt 0.933210 1.000000
vt 0.982101 1.000000
vt 0.933210 0.516761
vt 0.982101 0.516761
vt 0.933210 0.486341
vt 0.982101 0.486341
vt 0.521252 0.075010
vt 0.521252 0.026118
vt 0.547370 0.026118
vt 0.547370 0.075010
vt 0.469256 0.910627
vt 0.420365 0.910627
vt 0.420365 0.510045
vt 0.469256 0.510045
vt 0.420365 0.934331
vt 0.469256 0.934331
vt 0.420365 0.486341
vt 0.469256 0.486341
vt 0.550678 0.026118
vt 0.576796 0.026118
vt 0.576796 0.075010
vt 0.550678 0.075010
vt 0.368369 0.960222
vt 0.368369 0.969579
vt 0.319477 0.969579
vt 0.319477 0.960222
vt 0.368369 1.000000
vt 0.319477 1.000000
vt 0.368369 0.526118
vt 0.319477 0.526118
vt 0.368369 0.516761
vt 0.319477 0.516761
vt 0.319477 0.486341
vt 0.368369 0.486341
vt 0.958431 0.000000
vt 0.984550 0.000000
vt 0.984550 0.048892
vt 0.958431 0.048892
vt 0.369921 0.910626
vt 0.369921 0.510045
vt 0.418813 0.510045
vt 0.418813 0.910626
vt 0.369921 0.486341
vt 0.418813 0.486341
vt 0.418813 0.934330
vt 0.369921 0.934330
vt 0.201775 0.026118
vt 0.250666 0.026118
vt 0.250666 0.030311
vt 0.201775 0.030311
vt 0.250666 0.319829
vt 0.201775 0.319829
vt 0.151331 0.315637
vt 0.200223 0.315637
vt 0.200223 0.319829
vt 0.151331 0.319829
vt 0.151331 0.026118
vt 0.200223 0.026118
vt 0.420365 0.298876
vt 0.420365 0.026118
vt 0.469256 0.026118
vt 0.469256 0.298876
vt 0.519700 0.298875
vt 0.470808 0.298875
vt 0.470808 0.026118
vt 0.519700 0.026118
vt 0.099335 0.026118
vt 0.099335 0.030311
vt 0.050444 0.030311
vt 0.050444 0.026118
vt 0.099335 0.319829
vt 0.050444 0.319829
vt 0.149779 0.315637
vt 0.149779 0.319829
vt 0.100888 0.319829
vt 0.100888 0.315637
vt 0.149779 0.026118
vt 0.100888 0.026118
vt 0.301110 0.298876
vt 0.252219 0.298876
vt 0.252219 0.026118
vt 0.301110 0.026118
vt 0.369921 0.298875
vt 0.369921 0.026118
vt 0.418813 0.026118
vt 0.418813 0.298875
vn 0.000000 0.000000 1.000000
vn 0.000000 0.000000 1.000000
vn 0.000000 0.000000 1.000000
vn 0.000000 0.000000 1.000000
vn 0.000000 1.000000 0.000000
vn 0.000000 1.000000 0.000000
vn 0.000000 1.000000 0.000000
vn 0.000000 1.000000 0.000000
vn 0.000000 0.000000 -1.000000
vn 0.000000 0.000000 -1.000000
vn 0.000000 0.000000 -1.000000
vn 0.000000 0.000000 -1.000000
vn 0.000000 -1.000000 0.000000
vn 0.000000 -1.000000 0.000000
vn 0.000000 -1.000000 0.000002
vn 0.000000 -1.000000 0.000002
vn -1.000000 -0.000000 0.000000
vn -1.000000 -0.000000 0.000000
vn -1.000000 -0.000000 0.000000
vn -1.000000 -0.000000 0.000000
vn -1.000000 -0.000003 0.000000
vn -1.000000 -0.000003 0.000000
vn -0.000000 -1.000000 -0.000000
vn -0.000000 -1.000000 -0.000000
vn -0.000000 -1.000000 -0.000002
vn -0.000000 -1.000000 -0.000002
vn 1.000000 0.000000 0.000000
vn 1.000000 0.000000 0.000000
vn 1.000000 0.000000 0.000000
vn 1.000000 0.000000 0.000000
vn 1.000000 0.000000 0.000000
vn 1.000000 0.000000 0.000000
vn 0.000000 1.000000 -0.000001
vn 0.000000 1.000000 -0.000001
vn 0.000000 1.000000 -0.000001
vn 0.000000 1.000000 -0.000001
vn -1.000000 0.000000 0.000000
vn -1.000000 -0.000000 0.000000
vn -1.000000 0.000000 0.000000
vn -1.000000 -0.000000 0.000000
vn -1.000000 -0.000000 0.000000
vn -1.000000 0.000000 0.000000
vn -1.000000 0.000000 0.000000
vn -1.000000 0.000000 0.000000
vn 0.000000 0.000000 -1.000000
vn 0.000000 0.000000 -1.000000
vn 1.000000 0.000000 0.000000
vn 1.000000 0.000000 0.000000
vn 1.000000 0.000000 0.000000
vn 1.000000 -0.000000 0.000000
vn 1.000000 -0.000000 0.000000
vn 1.000000 0.000000 0.000000
vn 1.000000 0.000000 0.000000
vn 1.000000 0.000000 0.000000
vn 0.000000 0.000000 1.000000
vn 0.000000 0.000000 1.000000
vn 0.000000 0.000000 1.000000
vn 0.000000 0.000000 1.000000
vn 0.000000 0.000000 1.000000
vn 0.000000 0.000000 1.000000
vn -0.000002 1.000000 0.000000
vn -0.000002 1.000000 0.000000
vn -0.000002 1.000000 0.000000
vn -0.000002 1.000000 0.000000
vn -0.000000 0.000000 -1.000000
vn -0.000000 0.000000 -1.000000
vn -0.000000 0.000000 -1.000000
vn -0.000000 0.000000 -1.000000
vn 1.000000 -0.000003 0.000000
vn 1.000000 -0.000003 0.000000
vn 1.000000 -0.000000 0.000000
vn 1.000000 -0.000000 0.000000
vn -1.000000 -0.000003 0.000000
vn -1.000000 -0.000003 0.000000
vn -1.000000 -0.000000 0.000000
vn -1.000000 -0.000000 0.000000
vn 1.000000 0.000000 0.000000
vn 1.000000 0.000000 0.000000
vn -1.000000 -0.000000 0.000000
vn -1.000000 0.000000 0.000000
vn 0.000000 -0.550988 0.834513
vn 0.000000 -0.550988 0.834513
vn 0.000000 -0.550988 0.834513
vn 0.000000 -0.550988 0.834513
vn 0.000000 -0.550988 -0.834513
vn 0.000000 -0.550988 -0.834513
vn 0.000000 -0.550988 -0.834513
vn 0.000000 -0.550988 -0.834513
vn -0.000002 0.707106 0.707107
vn -0.000002 0.707106 0.707107
vn -0.000002 0.707106 0.707107
vn -0.000002 0.707106 0.707107
vn -0.000001 0.707106 -0.707107
vn -0.000001 0.707106 -0.707107
vn -0.000001 0.707106 -0.707107
vn -0.000001 0.707106 -0.707107
vn 0.000000 0.000000 1.000000
vn 0.000000 0.000000 1.000000
vn 0.000000 0.000000 1.000000
vn 0.000000 0.000000 1.000000
vn 0.000000 1.000000 0.000000
vn 0.000000 1.000000 0.000000
vn 0.000000 1.000000 0.000000
vn 0.000000 1.000000 0.000000
vn 0.000000 0.000000 -1.000000
vn 0.000000 0.000000 -1.000000
vn 0.000000 0.000000 -1.000000
vn 0.000000 0.000000 -1.000000
vn -0.000000 -1.000000 0.000000
vn -0.000000 -1.000000 0.000002
vn -0.000000 -1.000000 0.000002
vn -0.000000 -1.000000 0.000000
vn 1.000000 0.000000 0.000000
vn 1.000000 0.000003 0.000000
vn 1.000000 0.000003 0.000000
vn 1.000000 -0.000002 0.000000
vn 1.000000 -0.000001 0.000000
vn 1.000000 0.000000 0.000000
vn 0.000000 -1.000000 -0.000000
vn 0.000000 -1.000000 -0.000000
vn 0.000000 -1.000000 -0.000002
vn 0.000000 -1.000000 -0.000002
vn -1.000000 -0.000000 0.000000
vn -1.000000 -0.000001 0.000000
vn -1.000000 -0.000001 0.000000
vn -1.000000 -0.000001 0.000000
vn -1.000000 -0.000001 0.000000
vn -1.000000 -0.000000 0.000000
vn 0.000000 1.000000 -0.000001
vn 0.000000 1.000000 -0.000001
vn 0.000000 1.000000 -0.000001
vn 0.000000 1.000000 -0.000001
vn 1.000000 0.000000 0.000000
vn 1.000000 0.000000 0.000000
vn 1.000000 0.000000 0.000000
vn 1.000000 0.000000 0.000000
vn 1.000000 0.000000 0.000000
vn 1.000000 0.000000 0.000000
vn 1.000000 0.000000 0.000000
vn 1.000000 0.000000 0.000000
vn 0.000000 0.000000 -1.000000
vn 0.000000 0.000000 -1.000000
vn -1.000000 0.000000 0.000000
vn -1.000000 0.000000 0.000000
vn -1.000000 -0.000000 0.000000
vn -1.000000 0.000000 0.000000
vn -1.000000 0.000000 0.000000
vn -1.000000 0.000000 0.000000
vn -1.000000 0.000000 0.000000
vn -1.000000 0.000000 0.000000
vn 0.000000 0.000000 1.000000
vn 0.000000 0.000000 1.000000
vn 0.000000 0.000000 1.000000
vn 0.000000 0.000000 1.000000
vn 0.000000 0.000000 1.000000
vn 0.000000 0.000000 1.000000
vn 0.000002 1.000000 0.000000
vn 0.000002 1.000000 0.000000
vn 0.000002 1.000000 0.000000
vn 0.000002 1.000000 0.000000
vn 0.000000 0.000000 -1.000000
vn 0.000000 0.000000 -1.000000
vn 0.000000 0.000000 -1.000000
vn 0.000000 0.000000 -1.000000
vn -1.000000 0.000000 0.000000
vn -1.000000 -0.000001 0.000000
vn -1.000000 -0.000001 0.000000
vn -1.000000 0.000000 0.000000
vn 1.000000 0.000000 0.000000
vn 1.000000 -0.000002 0.000000
vn 1.000000 -0.000002 0.000000
vn 1.000000 0.000000 0.000000
vn -1.000000 -0.000001 0.000000
vn -1.000000 -0.000001 0.000000
vn 1.000000 -0.000002 0.000000
vn 1.000000 -0.000002 0.000000
vn 0.000000 -0.550988 0.834513
vn 0.000000 -0.550988 0.834513
vn 0.000000 -0.550988 0.834513
vn 0.000000 -0.550988 0.834513
vn 0.000000 -0.550988 -0.834513
vn 0.000000 -0.550988 -0.834513
vn 0.000000 -0.550988 -0.834513
vn 0.000000 -0.550988 -0.834513
vn 0.000001 0.707106 0.707107
vn 0.000001 0.707106 0.707107
vn 0.000001 0.707106 0.707107
vn 0.000001 0.707106 0.707107
vn 0.000001 0.707106 -0.707107
vn 0.000001 0.707106 -0.707107
vn 0.000001 0.707106 -0.707107
vn 0.000001 0.707106 -0.707107
s 1
g ÇÑÌá_ÇáØÇæáå
usemtl initialShadingGroup
f 1540/2981/3375 1542/2982/3376 1538/2983/3377 1535/2984/3378
s off
f 1523/2925/3379 1524/2926/3380 1530/2927/3381 1527/2928/3382
s 2
f 1536/2987/3383 1537/2988/3384 1545/2989/3385 1543/2990/3386
s 3
f 1528/2929/3387 1529/2930/3388 1541/2931/3389 1539/2932/3390
s 4
f 1535/2845/3391 1557/2846/3392 1556/2847/3393 1528/2848/3394 1539/2849/3395 1540/2850/3396
s 3
f 1532/2933/3397 1533/2934/3398 1529/2930/3388 1528/2929/3387
f 1544/2937/3399 1546/2938/3400 1533/2934/3398 1532/2933/3397
s 5
f 1537/2865/3401 1553/2866/3402 1552/2867/3403 1533/2868/3404 1546/2869/3405 1545/2870/3406
s off
f 1531/2941/3407 1534/2942/3408 1526/2943/3409 1525/2944/3410
s 4
f 1527/2851/3411 1558/2852/3412 1557/2846/3392 1535/2845/3391 1523/2853/3413
f 1536/2862/3414 1548/2859/3415 1547/2858/3416 1531/2863/3417 1525/2864/3418
s 2
f 1525/2991/3419 1526/2992/3420 1537/2988/3384 1536/2987/3383
s 5
f 1534/2871/3421 1554/2872/3422 1553/2866/3402 1537/2865/3401 1526/2873/3423
f 1538/2882/3424 1560/2879/3425 1559/2878/3426 1530/2883/3427 1524/2884/3428
s 1
f 1535/2984/3378 1538/2983/3377 1524/2985/3429 1523/2986/3430
s off
f 1531/2993/3431 1547/2994/3432 1554/2995/3433 1534/2996/3434
f 1551/2945/3435 1550/2946/3436 1555/2947/3437 1562/2948/3438
f 1559/2997/3439 1558/2998/3440 1527/2999/3441 1530/3000/3442
s 5
f 1542/2880/3443 1541/2881/3444 1529/2877/3445 1561/2876/3446 1560/2879/3425 1538/2882/3424
s 4
f 1543/2860/3447 1544/2861/3448 1532/2857/3449 1549/2856/3450 1548/2859/3415 1536/2862/3414
s 5
f 1552/2867/3403 1551/2874/3451 1562/2875/3452 1561/2876/3446 1529/2877/3445 1533/2868/3404
s 4
f 1556/2847/3393 1555/2854/3453 1550/2855/3454 1549/2856/3450 1532/2857/3449 1528/2848/3394
s off
f 1540/2935/3455 1539/2932/3456 1541/2931/3457 1542/2936/3458
f 1544/2937/3459 1543/2939/3460 1545/2940/3461 1546/2938/3462
f 1547/2949/3463 1550/2946/3464 1551/2945/3465 1554/2950/3466
f 1555/2947/3467 1558/2951/3468 1559/2952/3469 1562/2948/3470
s 4
f 1547/2858/3416 1548/2859/3415 1549/2856/3450 1550/2855/3454
s 5
f 1551/2874/3451 1552/2867/3403 1553/2866/3402 1554/2872/3422
s 4
f 1555/2854/3453 1556/2847/3393 1557/2846/3392 1558/2852/3412
s 5
f 1559/2878/3426 1560/2879/3425 1561/2876/3446 1562/2875/3452
s 8
f 1580/3001/3471 1575/3002/3472 1578/3003/3473 1582/3004/3474
s off
f 1563/2953/3475 1567/2954/3476 1570/2955/3477 1564/2956/3478
s 9
f 1576/3007/3479 1583/3008/3480 1585/3009/3481 1577/3010/3482
s 10
f 1568/2957/3483 1579/2958/3484 1581/2959/3485 1569/2960/3486
s 11
f 1575/2885/3487 1580/2886/3488 1579/2887/3489 1568/2888/3490 1596/2889/3491 1597/2890/3492
s 10
f 1572/2963/3493 1568/2957/3483 1569/2960/3486 1573/2964/3494
f 1584/2965/3495 1572/2963/3493 1573/2964/3494 1586/2966/3496
s 12
f 1577/2905/3497 1585/2906/3498 1586/2907/3499 1573/2908/3500 1592/2909/3501 1593/2910/3502
s off
f 1571/2969/3503 1565/2970/3504 1566/2971/3505 1574/2972/3506
s 11
f 1567/2896/3507 1563/2897/3508 1575/2885/3487 1597/2890/3492 1598/2895/3509
f 1576/2899/3510 1565/2903/3511 1571/2904/3512 1587/2902/3513 1588/2900/3514
s 9
f 1565/3011/3515 1576/3007/3479 1577/3010/3482 1566/3012/3516
s 12
f 1574/2916/3517 1566/2917/3518 1577/2905/3497 1593/2910/3502 1594/2915/3519
f 1578/2919/3520 1564/2923/3521 1570/2924/3522 1599/2922/3523 1600/2920/3524
s 8
f 1575/3002/3472 1563/3005/3525 1564/3006/3526 1578/3003/3473
s off
f 1571/3013/3527 1574/3014/3528 1594/3015/3529 1587/3016/3530
f 1591/2973/3531 1602/2974/3532 1595/2975/3533 1590/2976/3534
f 1599/3017/3535 1570/3018/3536 1567/3019/3537 1598/3020/3538
s 12
f 1582/2918/3539 1578/2919/3520 1600/2920/3524 1601/2912/3540 1569/2911/3541 1581/2921/3542
s 11
f 1583/2898/3543 1576/2899/3510 1588/2900/3514 1589/2892/3544 1572/2891/3545 1584/2901/3546
s 12
f 1592/2909/3501 1573/2908/3500 1569/2911/3541 1601/2912/3540 1602/2913/3547 1591/2914/3548
s 11
f 1596/2889/3491 1568/2888/3490 1572/2891/3545 1589/2892/3544 1590/2893/3549 1595/2894/3550
s off
f 1580/2961/3551 1582/2962/3552 1581/2959/3553 1579/2958/3554
f 1584/2965/3555 1586/2966/3556 1585/2967/3557 1583/2968/3558
f 1587/2979/3559 1594/2980/3560 1591/2973/3561 1590/2976/3562
f 1595/2975/3563 1602/2974/3564 1599/2977/3565 1598/2978/3566
s 11
f 1587/2902/3513 1590/2893/3549 1589/2892/3544 1588/2900/3514
s 12
f 1591/2914/3548 1594/2915/3519 1593/2910/3502 1592/2909/3501
s 11
f 1595/2894/3550 1598/2895/3509 1597/2890/3492 1596/2889/3491
s 12
f 1599/2922/3523 1602/2913/3547 1601/2912/3540 1600/2920/3524
